route;date;hour;prediction
1;2025-11-01;0;5
1;2025-11-01;1;0
1;2025-11-01;2;0
1;2025-11-01;3;0
1;2025-11-01;4;3
1;2025-11-01;5;104
1;2025-11-01;6;509
1;2025-11-01;7;1392
1;2025-11-01;8;1682
1;2025-11-01;9;1499
1;2025-11-01;10;1444
1;2025-11-01;11;1438
1;2025-11-01;12;1521
1;2025-11-01;13;1546
1;2025-11-01;14;1458
1;2025-11-01;15;1490
1;2025-11-01;16;1485
1;2025-11-01;17;1629
1;2025-11-01;18;1573
1;2025-11-01;19;1352
1;2025-11-01;20;886
1;2025-11-01;21;506
1;2025-11-01;22;216
1;2025-11-01;23;43
1;2025-11-02;0;1
1;2025-11-02;1;0
1;2025-11-02;2;0
1;2025-11-02;3;0
1;2025-11-02;4;0
1;2025-11-02;5;26
1;2025-11-02;6;122
1;2025-11-02;7;250
1;2025-11-02;8;352
1;2025-11-02;9;584
1;2025-11-02;10;720
1;2025-11-02;11;686
1;2025-11-02;12;815
1;2025-11-02;13;829
1;2025-11-02;14;783
1;2025-11-02;15;703
1;2025-11-02;16;622
1;2025-11-02;17;586
1;2025-11-02;18;537
1;2025-11-02;19;468
1;2025-11-02;20;372
1;2025-11-02;21;262
1;2025-11-02;22;107
1;2025-11-02;23;28
1;2025-11-03;0;0
1;2025-11-03;1;0
1;2025-11-03;2;0
1;2025-11-03;3;0
1;2025-11-03;4;2
1;2025-11-03;5;45
1;2025-11-03;6;144
1;2025-11-03;7;271
1;2025-11-03;8;376
1;2025-11-03;9;573
1;2025-11-03;10;662
1;2025-11-03;11;664
1;2025-11-03;12;812
1;2025-11-03;13;829
1;2025-11-03;14;785
1;2025-11-03;15;677
1;2025-11-03;16;616
1;2025-11-03;17;543
1;2025-11-03;18;466
1;2025-11-03;19;443
1;2025-11-03;20;342
1;2025-11-03;21;293
1;2025-11-03;22;129
1;2025-11-03;23;28
1;2025-11-04;0;0
1;2025-11-04;1;0
1;2025-11-04;2;0
1;2025-11-04;3;1
1;2025-11-04;4;3
1;2025-11-04;5;40
1;2025-11-04;6;139
1;2025-11-04;7;288
1;2025-11-04;8;379
1;2025-11-04;9;621
1;2025-11-04;10;715
1;2025-11-04;11;610
1;2025-11-04;12;777
1;2025-11-04;13;859
1;2025-11-04;14;773
1;2025-11-04;15;659
1;2025-11-04;16;654
1;2025-11-04;17;507
1;2025-11-04;18;432
1;2025-11-04;19;431
1;2025-11-04;20;367
1;2025-11-04;21;298
1;2025-11-04;22;151
1;2025-11-04;23;28
1;2025-11-05;0;4
1;2025-11-05;1;0
1;2025-11-05;2;0
1;2025-11-05;3;0
1;2025-11-05;4;6
1;2025-11-05;5;127
1;2025-11-05;6;499
1;2025-11-05;7;1447
1;2025-11-05;8;1872
1;2025-11-05;9;1481
1;2025-11-05;10;1323
1;2025-11-05;11;1353
1;2025-11-05;12;1362
1;2025-11-05;13;1390
1;2025-11-05;14;1305
1;2025-11-05;15;1428
1;2025-11-05;16;1460
1;2025-11-05;17;1728
1;2025-11-05;18;1758
1;2025-11-05;19;1360
1;2025-11-05;20;863
1;2025-11-05;21;467
1;2025-11-05;22;238
1;2025-11-05;23;36
1;2025-11-06;0;4
1;2025-11-06;1;0
1;2025-11-06;2;0
1;2025-11-06;3;0
1;2025-11-06;4;8
1;2025-11-06;5;124
1;2025-11-06;6;495
1;2025-11-06;7;1458
1;2025-11-06;8;1871
1;2025-11-06;9;1455
1;2025-11-06;10;1348
1;2025-11-06;11;1369
1;2025-11-06;12;1388
1;2025-11-06;13;1383
1;2025-11-06;14;1317
1;2025-11-06;15;1431
1;2025-11-06;16;1479
1;2025-11-06;17;1724
1;2025-11-06;18;1770
1;2025-11-06;19;1359
1;2025-11-06;20;859
1;2025-11-06;21;470
1;2025-11-06;22;235
1;2025-11-06;23;41
1;2025-11-07;0;4
1;2025-11-07;1;0
1;2025-11-07;2;0
1;2025-11-07;3;0
1;2025-11-07;4;7
1;2025-11-07;5;134
1;2025-11-07;6;493
1;2025-11-07;7;1458
1;2025-11-07;8;1819
1;2025-11-07;9;1424
1;2025-11-07;10;1296
1;2025-11-07;11;1353
1;2025-11-07;12;1341
1;2025-11-07;13;1363
1;2025-11-07;14;1310
1;2025-11-07;15;1462
1;2025-11-07;16;1543
1;2025-11-07;17;1733
1;2025-11-07;18;1511
1;2025-11-07;19;1203
1;2025-11-07;20;783
1;2025-11-07;21;472
1;2025-11-07;22;243
1;2025-11-07;23;46
1;2025-11-08;0;5
1;2025-11-08;1;0
1;2025-11-08;2;0
1;2025-11-08;3;0
1;2025-11-08;4;0
1;2025-11-08;5;34
1;2025-11-08;6;156
1;2025-11-08;7;322
1;2025-11-08;8;436
1;2025-11-08;9;688
1;2025-11-08;10;786
1;2025-11-08;11;728
1;2025-11-08;12;899
1;2025-11-08;13;918
1;2025-11-08;14;861
1;2025-11-08;15;740
1;2025-11-08;16;692
1;2025-11-08;17;648
1;2025-11-08;18;574
1;2025-11-08;19;510
1;2025-11-08;20;414
1;2025-11-08;21;290
1;2025-11-08;22;131
1;2025-11-08;23;25
1;2025-11-09;0;1
1;2025-11-09;1;0
1;2025-11-09;2;0
1;2025-11-09;3;0
1;2025-11-09;4;0
1;2025-11-09;5;26
1;2025-11-09;6;124
1;2025-11-09;7;253
1;2025-11-09;8;359
1;2025-11-09;9;563
1;2025-11-09;10;695
1;2025-11-09;11;664
1;2025-11-09;12;797
1;2025-11-09;13;811
1;2025-11-09;14;756
1;2025-11-09;15;681
1;2025-11-09;16;609
1;2025-11-09;17;578
1;2025-11-09;18;538
1;2025-11-09;19;463
1;2025-11-09;20;378
1;2025-11-09;21;268
1;2025-11-09;22;109
1;2025-11-09;23;19
1;2025-11-10;0;0
1;2025-11-10;1;0
1;2025-11-10;2;0
1;2025-11-10;3;0
1;2025-11-10;4;4
1;2025-11-10;5;124
1;2025-11-10;6;502
1;2025-11-10;7;1447
1;2025-11-10;8;1824
1;2025-11-10;9;1402
1;2025-11-10;10;1265
1;2025-11-10;11;1301
1;2025-11-10;12;1321
1;2025-11-10;13;1325
1;2025-11-10;14;1270
1;2025-11-10;15;1401
1;2025-11-10;16;1470
1;2025-11-10;17;1733
1;2025-11-10;18;1799
1;2025-11-10;19;1374
1;2025-11-10;20;868
1;2025-11-10;21;465
1;2025-11-10;22;223
1;2025-11-10;23;31
1;2025-11-11;0;3
1;2025-11-11;1;0
1;2025-11-11;2;0
1;2025-11-11;3;1
1;2025-11-11;4;8
1;2025-11-11;5;132
1;2025-11-11;6;519
1;2025-11-11;7;1495
1;2025-11-11;8;1857
1;2025-11-11;9;1505
1;2025-11-11;10;1350
1;2025-11-11;11;1378
1;2025-11-11;12;1381
1;2025-11-11;13;1386
1;2025-11-11;14;1288
1;2025-11-11;15;1415
1;2025-11-11;16;1451
1;2025-11-11;17;1715
1;2025-11-11;18;1778
1;2025-11-11;19;1384
1;2025-11-11;20;872
1;2025-11-11;21;472
1;2025-11-11;22;228
1;2025-11-11;23;35
1;2025-11-12;0;4
1;2025-11-12;1;0
1;2025-11-12;2;0
1;2025-11-12;3;0
1;2025-11-12;4;7
1;2025-11-12;5;131
1;2025-11-12;6;513
1;2025-11-12;7;1465
1;2025-11-12;8;1882
1;2025-11-12;9;1496
1;2025-11-12;10;1326
1;2025-11-12;11;1365
1;2025-11-12;12;1371
1;2025-11-12;13;1399
1;2025-11-12;14;1300
1;2025-11-12;15;1435
1;2025-11-12;16;1474
1;2025-11-12;17;1741
1;2025-11-12;18;1786
1;2025-11-12;19;1380
1;2025-11-12;20;867
1;2025-11-12;21;475
1;2025-11-12;22;242
1;2025-11-12;23;34
1;2025-11-13;0;4
1;2025-11-13;1;0
1;2025-11-13;2;0
1;2025-11-13;3;0
1;2025-11-13;4;8
1;2025-11-13;5;125
1;2025-11-13;6;507
1;2025-11-13;7;1476
1;2025-11-13;8;1875
1;2025-11-13;9;1475
1;2025-11-13;10;1362
1;2025-11-13;11;1390
1;2025-11-13;12;1406
1;2025-11-13;13;1405
1;2025-11-13;14;1327
1;2025-11-13;15;1449
1;2025-11-13;16;1499
1;2025-11-13;17;1746
1;2025-11-13;18;1797
1;2025-11-13;19;1383
1;2025-11-13;20;867
1;2025-11-13;21;484
1;2025-11-13;22;241
1;2025-11-13;23;45
1;2025-11-14;0;5
1;2025-11-14;1;0
1;2025-11-14;2;0
1;2025-11-14;3;0
1;2025-11-14;4;7
1;2025-11-14;5;137
1;2025-11-14;6;499
1;2025-11-14;7;1472
1;2025-11-14;8;1837
1;2025-11-14;9;1438
1;2025-11-14;10;1305
1;2025-11-14;11;1371
1;2025-11-14;12;1358
1;2025-11-14;13;1380
1;2025-11-14;14;1319
1;2025-11-14;15;1478
1;2025-11-14;16;1560
1;2025-11-14;17;1750
1;2025-11-14;18;1522
1;2025-11-14;19;1212
1;2025-11-14;20;785
1;2025-11-14;21;482
1;2025-11-14;22;246
1;2025-11-14;23;49
1;2025-11-15;0;6
1;2025-11-15;1;0
1;2025-11-15;2;0
1;2025-11-15;3;0
1;2025-11-15;4;0
1;2025-11-15;5;37
1;2025-11-15;6;163
1;2025-11-15;7;336
1;2025-11-15;8;462
1;2025-11-15;9;711
1;2025-11-15;10;804
1;2025-11-15;11;750
1;2025-11-15;12;923
1;2025-11-15;13;942
1;2025-11-15;14;886
1;2025-11-15;15;761
1;2025-11-15;16;714
1;2025-11-15;17;669
1;2025-11-15;18;599
1;2025-11-15;19;535
1;2025-11-15;20;437
1;2025-11-15;21;307
1;2025-11-15;22;141
1;2025-11-15;23;33
1;2025-11-16;0;1
1;2025-11-16;1;0
1;2025-11-16;2;0
1;2025-11-16;3;0
1;2025-11-16;4;0
1;2025-11-16;5;29
1;2025-11-16;6;127
1;2025-11-16;7;259
1;2025-11-16;8;380
1;2025-11-16;9;589
1;2025-11-16;10;722
1;2025-11-16;11;693
1;2025-11-16;12;825
1;2025-11-16;13;840
1;2025-11-16;14;781
1;2025-11-16;15;708
1;2025-11-16;16;630
1;2025-11-16;17;613
1;2025-11-16;18;571
1;2025-11-16;19;489
1;2025-11-16;20;403
1;2025-11-16;21;280
1;2025-11-16;22;119
1;2025-11-16;23;36
1;2025-11-17;0;0
1;2025-11-17;1;0
1;2025-11-17;2;0
1;2025-11-17;3;0
1;2025-11-17;4;10
1;2025-11-17;5;131
1;2025-11-17;6;516
1;2025-11-17;7;1472
1;2025-11-17;8;1852
1;2025-11-17;9;1433
1;2025-11-17;10;1292
1;2025-11-17;11;1336
1;2025-11-17;12;1354
1;2025-11-17;13;1360
1;2025-11-17;14;1286
1;2025-11-17;15;1422
1;2025-11-17;16;1492
1;2025-11-17;17;1757
1;2025-11-17;18;1819
1;2025-11-17;19;1400
1;2025-11-17;20;881
1;2025-11-17;21;482
1;2025-11-17;22;230
1;2025-11-17;23;36
1;2025-11-18;0;3
1;2025-11-18;1;0
1;2025-11-18;2;0
1;2025-11-18;3;1
1;2025-11-18;4;9
1;2025-11-18;5;135
1;2025-11-18;6;525
1;2025-11-18;7;1510
1;2025-11-18;8;1878
1;2025-11-18;9;1528
1;2025-11-18;10;1374
1;2025-11-18;11;1401
1;2025-11-18;12;1404
1;2025-11-18;13;1412
1;2025-11-18;14;1312
1;2025-11-18;15;1440
1;2025-11-18;16;1477
1;2025-11-18;17;1738
1;2025-11-18;18;1799
1;2025-11-18;19;1406
1;2025-11-18;20;893
1;2025-11-18;21;490
1;2025-11-18;22;236
1;2025-11-18;23;42
1;2025-11-19;0;5
1;2025-11-19;1;0
1;2025-11-19;2;0
1;2025-11-19;3;0
1;2025-11-19;4;7
1;2025-11-19;5;133
1;2025-11-19;6;521
1;2025-11-19;7;1478
1;2025-11-19;8;1903
1;2025-11-19;9;1515
1;2025-11-19;10;1349
1;2025-11-19;11;1390
1;2025-11-19;12;1395
1;2025-11-19;13;1425
1;2025-11-19;14;1326
1;2025-11-19;15;1452
1;2025-11-19;16;1493
1;2025-11-19;17;1763
1;2025-11-19;18;1811
1;2025-11-19;19;1403
1;2025-11-19;20;887
1;2025-11-19;21;491
1;2025-11-19;22;249
1;2025-11-19;23;40
1;2025-11-20;0;5
1;2025-11-20;1;0
1;2025-11-20;2;0
1;2025-11-20;3;0
1;2025-11-20;4;8
1;2025-11-20;5;128
1;2025-11-20;6;517
1;2025-11-20;7;1497
1;2025-11-20;8;1900
1;2025-11-20;9;1494
1;2025-11-20;10;1383
1;2025-11-20;11;1410
1;2025-11-20;12;1427
1;2025-11-20;13;1427
1;2025-11-20;14;1346
1;2025-11-20;15;1470
1;2025-11-20;16;1520
1;2025-11-20;17;1772
1;2025-11-20;18;1821
1;2025-11-20;19;1405
1;2025-11-20;20;883
1;2025-11-20;21;498
1;2025-11-20;22;247
1;2025-11-20;23;47
1;2025-11-21;0;5
1;2025-11-21;1;0
1;2025-11-21;2;0
1;2025-11-21;3;0
1;2025-11-21;4;7
1;2025-11-21;5;139
1;2025-11-21;6;511
1;2025-11-21;7;1494
1;2025-11-21;8;1862
1;2025-11-21;9;1458
1;2025-11-21;10;1326
1;2025-11-21;11;1392
1;2025-11-21;12;1379
1;2025-11-21;13;1403
1;2025-11-21;14;1340
1;2025-11-21;15;1500
1;2025-11-21;16;1588
1;2025-11-21;17;1772
1;2025-11-21;18;1543
1;2025-11-21;19;1232
1;2025-11-21;20;801
1;2025-11-21;21;498
1;2025-11-21;22;252
1;2025-11-21;23;51
1;2025-11-22;0;6
1;2025-11-22;1;0
1;2025-11-22;2;0
1;2025-11-22;3;0
1;2025-11-22;4;0
1;2025-11-22;5;36
1;2025-11-22;6;164
1;2025-11-22;7;335
1;2025-11-22;8;465
1;2025-11-22;9;715
1;2025-11-22;10;811
1;2025-11-22;11;755
1;2025-11-22;12;931
1;2025-11-22;13;951
1;2025-11-22;14;891
1;2025-11-22;15;767
1;2025-11-22;16;719
1;2025-11-22;17;671
1;2025-11-22;18;600
1;2025-11-22;19;536
1;2025-11-22;20;434
1;2025-11-22;21;306
1;2025-11-22;22;141
1;2025-11-22;23;33
1;2025-11-23;0;1
1;2025-11-23;1;0
1;2025-11-23;2;0
1;2025-11-23;3;0
1;2025-11-23;4;0
1;2025-11-23;5;25
1;2025-11-23;6;127
1;2025-11-23;7;256
1;2025-11-23;8;368
1;2025-11-23;9;588
1;2025-11-23;10;725
1;2025-11-23;11;695
1;2025-11-23;12;833
1;2025-11-23;13;849
1;2025-11-23;14;787
1;2025-11-23;15;712
1;2025-11-23;16;639
1;2025-11-23;17;601
1;2025-11-23;18;561
1;2025-11-23;19;491
1;2025-11-23;20;398
1;2025-11-23;21;285
1;2025-11-23;22;118
1;2025-11-23;23;33
1;2025-11-24;0;0
1;2025-11-24;1;0
1;2025-11-24;2;0
1;2025-11-24;3;0
1;2025-11-24;4;6
1;2025-11-24;5;136
1;2025-11-24;6;523
1;2025-11-24;7;1481
1;2025-11-24;8;1864
1;2025-11-24;9;1444
1;2025-11-24;10;1304
1;2025-11-24;11;1348
1;2025-11-24;12;1368
1;2025-11-24;13;1375
1;2025-11-24;14;1297
1;2025-11-24;15;1433
1;2025-11-24;16;1510
1;2025-11-24;17;1767
1;2025-11-24;18;1833
1;2025-11-24;19;1409
1;2025-11-24;20;887
1;2025-11-24;21;486
1;2025-11-24;22;232
1;2025-11-24;23;36
1;2025-11-25;0;3
1;2025-11-25;1;0
1;2025-11-25;2;0
1;2025-11-25;3;1
1;2025-11-25;4;8
1;2025-11-25;5;135
1;2025-11-25;6;528
1;2025-11-25;7;1519
1;2025-11-25;8;1883
1;2025-11-25;9;1537
1;2025-11-25;10;1386
1;2025-11-25;11;1415
1;2025-11-25;12;1418
1;2025-11-25;13;1427
1;2025-11-25;14;1324
1;2025-11-25;15;1449
1;2025-11-25;16;1489
1;2025-11-25;17;1743
1;2025-11-25;18;1806
1;2025-11-25;19;1414
1;2025-11-25;20;899
1;2025-11-25;21;493
1;2025-11-25;22;239
1;2025-11-25;23;43
1;2025-11-26;0;5
1;2025-11-26;1;0
1;2025-11-26;2;0
1;2025-11-26;3;0
1;2025-11-26;4;8
1;2025-11-26;5;134
1;2025-11-26;6;524
1;2025-11-26;7;1491
1;2025-11-26;8;1909
1;2025-11-26;9;1523
1;2025-11-26;10;1365
1;2025-11-26;11;1405
1;2025-11-26;12;1409
1;2025-11-26;13;1441
1;2025-11-26;14;1330
1;2025-11-26;15;1452
1;2025-11-26;16;1503
1;2025-11-26;17;1755
1;2025-11-26;18;1802
1;2025-11-26;19;1412
1;2025-11-26;20;891
1;2025-11-26;21;493
1;2025-11-26;22;251
1;2025-11-26;23;39
1;2025-11-27;0;5
1;2025-11-27;1;0
1;2025-11-27;2;0
1;2025-11-27;3;0
1;2025-11-27;4;8
1;2025-11-27;5;128
1;2025-11-27;6;521
1;2025-11-27;7;1493
1;2025-11-27;8;1909
1;2025-11-27;9;1503
1;2025-11-27;10;1393
1;2025-11-27;11;1420
1;2025-11-27;12;1437
1;2025-11-27;13;1438
1;2025-11-27;14;1352
1;2025-11-27;15;1465
1;2025-11-27;16;1525
1;2025-11-27;17;1756
1;2025-11-27;18;1811
1;2025-11-27;19;1410
1;2025-11-27;20;887
1;2025-11-27;21;499
1;2025-11-27;22;248
1;2025-11-27;23;46
1;2025-11-28;0;5
1;2025-11-28;1;0
1;2025-11-28;2;0
1;2025-11-28;3;0
1;2025-11-28;4;6
1;2025-11-28;5;140
1;2025-11-28;6;516
1;2025-11-28;7;1492
1;2025-11-28;8;1868
1;2025-11-28;9;1462
1;2025-11-28;10;1333
1;2025-11-28;11;1405
1;2025-11-28;12;1394
1;2025-11-28;13;1417
1;2025-11-28;14;1342
1;2025-11-28;15;1496
1;2025-11-28;16;1576
1;2025-11-28;17;1755
1;2025-11-28;18;1546
1;2025-11-28;19;1236
1;2025-11-28;20;804
1;2025-11-28;21;490
1;2025-11-28;22;249
1;2025-11-28;23;50
1;2025-11-29;0;6
1;2025-11-29;1;0
1;2025-11-29;2;0
1;2025-11-29;3;0
1;2025-11-29;4;0
1;2025-11-29;5;35
1;2025-11-29;6;161
1;2025-11-29;7;332
1;2025-11-29;8;457
1;2025-11-29;9;715
1;2025-11-29;10;814
1;2025-11-29;11;757
1;2025-11-29;12;936
1;2025-11-29;13;956
1;2025-11-29;14;897
1;2025-11-29;15;772
1;2025-11-29;16;725
1;2025-11-29;17;677
1;2025-11-29;18;600
1;2025-11-29;19;530
1;2025-11-29;20;431
1;2025-11-29;21;306
1;2025-11-29;22;141
1;2025-11-29;23;32
1;2025-11-30;0;1
1;2025-11-30;1;0
1;2025-11-30;2;0
1;2025-11-30;3;0
1;2025-11-30;4;0
1;2025-11-30;5;28
1;2025-11-30;6;128
1;2025-11-30;7;256
1;2025-11-30;8;366
1;2025-11-30;9;588
1;2025-11-30;10;728
1;2025-11-30;11;699
1;2025-11-30;12;840
1;2025-11-30;13;857
1;2025-11-30;14;794
1;2025-11-30;15;717
1;2025-11-30;16;637
1;2025-11-30;17;601
1;2025-11-30;18;552
1;2025-11-30;19;480
1;2025-11-30;20;390
1;2025-11-30;21;277
1;2025-11-30;22;116
1;2025-11-30;23;32
1;2025-12-01;0;0
1;2025-12-01;1;0
1;2025-12-01;2;0
1;2025-12-01;3;0
1;2025-12-01;4;7
1;2025-12-01;5;134
1;2025-12-01;6;524
1;2025-12-01;7;1475
1;2025-12-01;8;1853
1;2025-12-01;9;1445
1;2025-12-01;10;1306
1;2025-12-01;11;1347
1;2025-12-01;12;1372
1;2025-12-01;13;1375
1;2025-12-01;14;1286
1;2025-12-01;15;1420
1;2025-12-01;16;1493
1;2025-12-01;17;1749
1;2025-12-01;18;1826
1;2025-12-01;19;1418
1;2025-12-01;20;881
1;2025-12-01;21;477
1;2025-12-01;22;231
1;2025-12-01;23;37
1;2025-12-02;0;3
1;2025-12-02;1;0
1;2025-12-02;2;0
1;2025-12-02;3;1
1;2025-12-02;4;9
1;2025-12-02;5;135
1;2025-12-02;6;528
1;2025-12-02;7;1505
1;2025-12-02;8;1878
1;2025-12-02;9;1530
1;2025-12-02;10;1391
1;2025-12-02;11;1416
1;2025-12-02;12;1417
1;2025-12-02;13;1420
1;2025-12-02;14;1308
1;2025-12-02;15;1437
1;2025-12-02;16;1481
1;2025-12-02;17;1730
1;2025-12-02;18;1814
1;2025-12-02;19;1431
1;2025-12-02;20;904
1;2025-12-02;21;487
1;2025-12-02;22;237
1;2025-12-02;23;44
1;2025-12-03;0;4
1;2025-12-03;1;0
1;2025-12-03;2;0
1;2025-12-03;3;0
1;2025-12-03;4;8
1;2025-12-03;5;134
1;2025-12-03;6;525
1;2025-12-03;7;1489
1;2025-12-03;8;1911
1;2025-12-03;9;1526
1;2025-12-03;10;1370
1;2025-12-03;11;1408
1;2025-12-03;12;1414
1;2025-12-03;13;1441
1;2025-12-03;14;1331
1;2025-12-03;15;1456
1;2025-12-03;16;1503
1;2025-12-03;17;1764
1;2025-12-03;18;1822
1;2025-12-03;19;1426
1;2025-12-03;20;897
1;2025-12-03;21;488
1;2025-12-03;22;251
1;2025-12-03;23;41
1;2025-12-04;0;5
1;2025-12-04;1;0
1;2025-12-04;2;0
1;2025-12-04;3;0
1;2025-12-04;4;8
1;2025-12-04;5;128
1;2025-12-04;6;522
1;2025-12-04;7;1492
1;2025-12-04;8;1925
1;2025-12-04;9;1508
1;2025-12-04;10;1403
1;2025-12-04;11;1428
1;2025-12-04;12;1447
1;2025-12-04;13;1440
1;2025-12-04;14;1356
1;2025-12-04;15;1464
1;2025-12-04;16;1528
1;2025-12-04;17;1765
1;2025-12-04;18;1833
1;2025-12-04;19;1427
1;2025-12-04;20;896
1;2025-12-04;21;498
1;2025-12-04;22;248
1;2025-12-04;23;49
1;2025-12-05;0;5
1;2025-12-05;1;0
1;2025-12-05;2;0
1;2025-12-05;3;0
1;2025-12-05;4;7
1;2025-12-05;5;143
1;2025-12-05;6;520
1;2025-12-05;7;1497
1;2025-12-05;8;1888
1;2025-12-05;9;1474
1;2025-12-05;10;1348
1;2025-12-05;11;1412
1;2025-12-05;12;1405
1;2025-12-05;13;1422
1;2025-12-05;14;1350
1;2025-12-05;15;1506
1;2025-12-05;16;1580
1;2025-12-05;17;1769
1;2025-12-05;18;1566
1;2025-12-05;19;1253
1;2025-12-05;20;817
1;2025-12-05;21;496
1;2025-12-05;22;253
1;2025-12-05;23;53
1;2025-12-06;0;6
1;2025-12-06;1;0
1;2025-12-06;2;0
1;2025-12-06;3;0
1;2025-12-06;4;0
1;2025-12-06;5;36
1;2025-12-06;6;165
1;2025-12-06;7;336
1;2025-12-06;8;463
1;2025-12-06;9;723
1;2025-12-06;10;823
1;2025-12-06;11;765
1;2025-12-06;12;942
1;2025-12-06;13;964
1;2025-12-06;14;902
1;2025-12-06;15;780
1;2025-12-06;16;733
1;2025-12-06;17;684
1;2025-12-06;18;609
1;2025-12-06;19;538
1;2025-12-06;20;438
1;2025-12-06;21;309
1;2025-12-06;22;144
1;2025-12-06;23;33
1;2025-12-07;0;1
1;2025-12-07;1;0
1;2025-12-07;2;0
1;2025-12-07;3;0
1;2025-12-07;4;0
1;2025-12-07;5;27
1;2025-12-07;6;129
1;2025-12-07;7;257
1;2025-12-07;8;369
1;2025-12-07;9;589
1;2025-12-07;10;726
1;2025-12-07;11;699
1;2025-12-07;12;841
1;2025-12-07;13;860
1;2025-12-07;14;798
1;2025-12-07;15;720
1;2025-12-07;16;639
1;2025-12-07;17;601
1;2025-12-07;18;552
1;2025-12-07;19;477
1;2025-12-07;20;390
1;2025-12-07;21;276
1;2025-12-07;22;113
1;2025-12-07;23;28
1;2025-12-08;0;0
1;2025-12-08;1;0
1;2025-12-08;2;0
1;2025-12-08;3;0
1;2025-12-08;4;8
1;2025-12-08;5;134
1;2025-12-08;6;531
1;2025-12-08;7;1491
1;2025-12-08;8;1871
1;2025-12-08;9;1463
1;2025-12-08;10;1324
1;2025-12-08;11;1366
1;2025-12-08;12;1387
1;2025-12-08;13;1391
1;2025-12-08;14;1302
1;2025-12-08;15;1438
1;2025-12-08;16;1511
1;2025-12-08;17;1765
1;2025-12-08;18;1844
1;2025-12-08;19;1436
1;2025-12-08;20;901
1;2025-12-08;21;485
1;2025-12-08;22;233
1;2025-12-08;23;37
1;2025-12-09;0;3
1;2025-12-09;1;0
1;2025-12-09;2;0
1;2025-12-09;3;1
1;2025-12-09;4;9
1;2025-12-09;5;137
1;2025-12-09;6;536
1;2025-12-09;7;1521
1;2025-12-09;8;1899
1;2025-12-09;9;1548
1;2025-12-09;10;1411
1;2025-12-09;11;1436
1;2025-12-09;12;1434
1;2025-12-09;13;1438
1;2025-12-09;14;1324
1;2025-12-09;15;1453
1;2025-12-09;16;1496
1;2025-12-09;17;1745
1;2025-12-09;18;1826
1;2025-12-09;19;1444
1;2025-12-09;20;913
1;2025-12-09;21;492
1;2025-12-09;22;240
1;2025-12-09;23;43
1;2025-12-10;0;4
1;2025-12-10;1;0
1;2025-12-10;2;0
1;2025-12-10;3;0
1;2025-12-10;4;8
1;2025-12-10;5;136
1;2025-12-10;6;534
1;2025-12-10;7;1508
1;2025-12-10;8;1933
1;2025-12-10;9;1544
1;2025-12-10;10;1388
1;2025-12-10;11;1428
1;2025-12-10;12;1430
1;2025-12-10;13;1458
1;2025-12-10;14;1349
1;2025-12-10;15;1473
1;2025-12-10;16;1519
1;2025-12-10;17;1782
1;2025-12-10;18;1839
1;2025-12-10;19;1442
1;2025-12-10;20;908
1;2025-12-10;21;495
1;2025-12-10;22;252
1;2025-12-10;23;41
1;2025-12-11;0;5
1;2025-12-11;1;0
1;2025-12-11;2;0
1;2025-12-11;3;0
1;2025-12-11;4;8
1;2025-12-11;5;131
1;2025-12-11;6;532
1;2025-12-11;7;1511
1;2025-12-11;8;1939
1;2025-12-11;9;1517
1;2025-12-11;10;1418
1;2025-12-11;11;1443
1;2025-12-11;12;1461
1;2025-12-11;13;1455
1;2025-12-11;14;1368
1;2025-12-11;15;1476
1;2025-12-11;16;1540
1;2025-12-11;17;1784
1;2025-12-11;18;1849
1;2025-12-11;19;1442
1;2025-12-11;20;905
1;2025-12-11;21;502
1;2025-12-11;22;249
1;2025-12-11;23;48
1;2025-12-12;0;5
1;2025-12-12;1;0
1;2025-12-12;2;0
1;2025-12-12;3;0
1;2025-12-12;4;7
1;2025-12-12;5;143
1;2025-12-12;6;521
1;2025-12-12;7;1507
1;2025-12-12;8;1903
1;2025-12-12;9;1482
1;2025-12-12;10;1360
1;2025-12-12;11;1427
1;2025-12-12;12;1416
1;2025-12-12;13;1434
1;2025-12-12;14;1361
1;2025-12-12;15;1516
1;2025-12-12;16;1588
1;2025-12-12;17;1784
1;2025-12-12;18;1583
1;2025-12-12;19;1266
1;2025-12-12;20;823
1;2025-12-12;21;498
1;2025-12-12;22;256
1;2025-12-12;23;53
1;2025-12-13;0;6
1;2025-12-13;1;0
1;2025-12-13;2;0
1;2025-12-13;3;0
1;2025-12-13;4;0
1;2025-12-13;5;37
1;2025-12-13;6;167
1;2025-12-13;7;341
1;2025-12-13;8;458
1;2025-12-13;9;727
1;2025-12-13;10;823
1;2025-12-13;11;764
1;2025-12-13;12;947
1;2025-12-13;13;968
1;2025-12-13;14;906
1;2025-12-13;15;778
1;2025-12-13;16;731
1;2025-12-13;17;682
1;2025-12-13;18;605
1;2025-12-13;19;541
1;2025-12-13;20;437
1;2025-12-13;21;311
1;2025-12-13;22;145
1;2025-12-13;23;33
1;2025-12-14;0;1
1;2025-12-14;1;0
1;2025-12-14;2;0
1;2025-12-14;3;0
1;2025-12-14;4;0
1;2025-12-14;5;29
1;2025-12-14;6;131
1;2025-12-14;7;263
1;2025-12-14;8;382
1;2025-12-14;9;603
1;2025-12-14;10;747
1;2025-12-14;11;726
1;2025-12-14;12;867
1;2025-12-14;13;886
1;2025-12-14;14;825
1;2025-12-14;15;744
1;2025-12-14;16;664
1;2025-12-14;17;622
1;2025-12-14;18;567
1;2025-12-14;19;490
1;2025-12-14;20;393
1;2025-12-14;21;286
1;2025-12-14;22;121
1;2025-12-14;23;36
1;2025-12-15;0;0
1;2025-12-15;1;0
1;2025-12-15;2;0
1;2025-12-15;3;0
1;2025-12-15;4;8
1;2025-12-15;5;143
1;2025-12-15;6;545
1;2025-12-15;7;1516
1;2025-12-15;8;1895
1;2025-12-15;9;1489
1;2025-12-15;10;1352
1;2025-12-15;11;1396
1;2025-12-15;12;1418
1;2025-12-15;13;1420
1;2025-12-15;14;1334
1;2025-12-15;15;1464
1;2025-12-15;16;1538
1;2025-12-15;17;1788
1;2025-12-15;18;1864
1;2025-12-15;19;1458
1;2025-12-15;20;914
1;2025-12-15;21;491
1;2025-12-15;22;236
1;2025-12-15;23;40
1;2025-12-16;0;3
1;2025-12-16;1;0
1;2025-12-16;2;0
1;2025-12-16;3;1
1;2025-12-16;4;9
1;2025-12-16;5;140
1;2025-12-16;6;544
1;2025-12-16;7;1538
1;2025-12-16;8;1916
1;2025-12-16;9;1569
1;2025-12-16;10;1427
1;2025-12-16;11;1459
1;2025-12-16;12;1458
1;2025-12-16;13;1459
1;2025-12-16;14;1348
1;2025-12-16;15;1476
1;2025-12-16;16;1518
1;2025-12-16;17;1767
1;2025-12-16;18;1843
1;2025-12-16;19;1461
1;2025-12-16;20;924
1;2025-12-16;21;498
1;2025-12-16;22;242
1;2025-12-16;23;44
1;2025-12-17;0;5
1;2025-12-17;1;0
1;2025-12-17;2;0
1;2025-12-17;3;0
1;2025-12-17;4;8
1;2025-12-17;5;140
1;2025-12-17;6;542
1;2025-12-17;7;1524
1;2025-12-17;8;1950
1;2025-12-17;9;1561
1;2025-12-17;10;1409
1;2025-12-17;11;1450
1;2025-12-17;12;1454
1;2025-12-17;13;1475
1;2025-12-17;14;1370
1;2025-12-17;15;1496
1;2025-12-17;16;1540
1;2025-12-17;17;1802
1;2025-12-17;18;1858
1;2025-12-17;19;1457
1;2025-12-17;20;918
1;2025-12-17;21;497
1;2025-12-17;22;256
1;2025-12-17;23;42
1;2025-12-18;0;5
1;2025-12-18;1;0
1;2025-12-18;2;0
1;2025-12-18;3;0
1;2025-12-18;4;8
1;2025-12-18;5;132
1;2025-12-18;6;539
1;2025-12-18;7;1527
1;2025-12-18;8;1964
1;2025-12-18;9;1539
1;2025-12-18;10;1441
1;2025-12-18;11;1468
1;2025-12-18;12;1487
1;2025-12-18;13;1481
1;2025-12-18;14;1391
1;2025-12-18;15;1497
1;2025-12-18;16;1563
1;2025-12-18;17;1811
1;2025-12-18;18;1871
1;2025-12-18;19;1451
1;2025-12-18;20;915
1;2025-12-18;21;507
1;2025-12-18;22;251
1;2025-12-18;23;49
1;2025-12-19;0;5
1;2025-12-19;1;0
1;2025-12-19;2;0
1;2025-12-19;3;0
1;2025-12-19;4;8
1;2025-12-19;5;145
1;2025-12-19;6;527
1;2025-12-19;7;1519
1;2025-12-19;8;1913
1;2025-12-19;9;1497
1;2025-12-19;10;1372
1;2025-12-19;11;1429
1;2025-12-19;12;1421
1;2025-12-19;13;1439
1;2025-12-19;14;1366
1;2025-12-19;15;1524
1;2025-12-19;16;1596
1;2025-12-19;17;1788
1;2025-12-19;18;1581
1;2025-12-19;19;1256
1;2025-12-19;20;827
1;2025-12-19;21;502
1;2025-12-19;22;251
1;2025-12-19;23;53
1;2025-12-20;0;6
1;2025-12-20;1;0
1;2025-12-20;2;0
1;2025-12-20;3;0
1;2025-12-20;4;0
1;2025-12-20;5;38
1;2025-12-20;6;162
1;2025-12-20;7;340
1;2025-12-20;8;450
1;2025-12-20;9;736
1;2025-12-20;10;836
1;2025-12-20;11;784
1;2025-12-20;12;962
1;2025-12-20;13;980
1;2025-12-20;14;928
1;2025-12-20;15;797
1;2025-12-20;16;747
1;2025-12-20;17;688
1;2025-12-20;18;605
1;2025-12-20;19;534
1;2025-12-20;20;426
1;2025-12-20;21;306
1;2025-12-20;22;142
1;2025-12-20;23;34
1;2025-12-21;0;1
1;2025-12-21;1;0
1;2025-12-21;2;0
1;2025-12-21;3;0
1;2025-12-21;4;0
1;2025-12-21;5;29
1;2025-12-21;6;127
1;2025-12-21;7;261
1;2025-12-21;8;384
1;2025-12-21;9;604
1;2025-12-21;10;752
1;2025-12-21;11;728
1;2025-12-21;12;869
1;2025-12-21;13;889
1;2025-12-21;14;827
1;2025-12-21;15;747
1;2025-12-21;16;660
1;2025-12-21;17;619
1;2025-12-21;18;557
1;2025-12-21;19;486
1;2025-12-21;20;390
1;2025-12-21;21;284
1;2025-12-21;22;114
1;2025-12-21;23;34
1;2025-12-22;0;0
1;2025-12-22;1;0
1;2025-12-22;2;0
1;2025-12-22;3;0
1;2025-12-22;4;9
1;2025-12-22;5;136
1;2025-12-22;6;528
1;2025-12-22;7;1469
1;2025-12-22;8;1845
1;2025-12-22;9;1454
1;2025-12-22;10;1318
1;2025-12-22;11;1365
1;2025-12-22;12;1390
1;2025-12-22;13;1392
1;2025-12-22;14;1302
1;2025-12-22;15;1437
1;2025-12-22;16;1500
1;2025-12-22;17;1744
1;2025-12-22;18;1809
1;2025-12-22;19;1427
1;2025-12-22;20;917
1;2025-12-22;21;489
1;2025-12-22;22;237
1;2025-12-22;23;40
1;2025-12-23;0;4
1;2025-12-23;1;1
1;2025-12-23;2;1
1;2025-12-23;3;1
1;2025-12-23;4;9
1;2025-12-23;5;136
1;2025-12-23;6;525
1;2025-12-23;7;1494
1;2025-12-23;8;1870
1;2025-12-23;9;1521
1;2025-12-23;10;1396
1;2025-12-23;11;1427
1;2025-12-23;12;1427
1;2025-12-23;13;1432
1;2025-12-23;14;1314
1;2025-12-23;15;1430
1;2025-12-23;16;1476
1;2025-12-23;17;1716
1;2025-12-23;18;1782
1;2025-12-23;19;1430
1;2025-12-23;20;922
1;2025-12-23;21;494
1;2025-12-23;22;238
1;2025-12-23;23;44
1;2025-12-24;0;5
1;2025-12-24;1;0
1;2025-12-24;2;0
1;2025-12-24;3;0
1;2025-12-24;4;9
1;2025-12-24;5;133
1;2025-12-24;6;528
1;2025-12-24;7;1477
1;2025-12-24;8;1908
1;2025-12-24;9;1516
1;2025-12-24;10;1377
1;2025-12-24;11;1418
1;2025-12-24;12;1423
1;2025-12-24;13;1448
1;2025-12-24;14;1338
1;2025-12-24;15;1443
1;2025-12-24;16;1496
1;2025-12-24;17;1748
1;2025-12-24;18;1800
1;2025-12-24;19;1424
1;2025-12-24;20;917
1;2025-12-24;21;496
1;2025-12-24;22;251
1;2025-12-24;23;43
1;2025-12-25;0;6
1;2025-12-25;1;0
1;2025-12-25;2;0
1;2025-12-25;3;0
1;2025-12-25;4;9
1;2025-12-25;5;131
1;2025-12-25;6;530
1;2025-12-25;7;1476
1;2025-12-25;8;1913
1;2025-12-25;9;1504
1;2025-12-25;10;1407
1;2025-12-25;11;1430
1;2025-12-25;12;1450
1;2025-12-25;13;1444
1;2025-12-25;14;1355
1;2025-12-25;15;1450
1;2025-12-25;16;1517
1;2025-12-25;17;1756
1;2025-12-25;18;1819
1;2025-12-25;19;1419
1;2025-12-25;20;912
1;2025-12-25;21;506
1;2025-12-25;22;250
1;2025-12-25;23;51
1;2025-12-26;0;6
1;2025-12-26;1;0
1;2025-12-26;2;0
1;2025-12-26;3;0
1;2025-12-26;4;8
1;2025-12-26;5;146
1;2025-12-26;6;526
1;2025-12-26;7;1484
1;2025-12-26;8;1882
1;2025-12-26;9;1473
1;2025-12-26;10;1344
1;2025-12-26;11;1412
1;2025-12-26;12;1406
1;2025-12-26;13;1425
1;2025-12-26;14;1352
1;2025-12-26;15;1498
1;2025-12-26;16;1576
1;2025-12-26;17;1762
1;2025-12-26;18;1555
1;2025-12-26;19;1238
1;2025-12-26;20;831
1;2025-12-26;21;505
1;2025-12-26;22;254
1;2025-12-26;23;56
1;2025-12-27;0;8
1;2025-12-27;1;0
1;2025-12-27;2;0
1;2025-12-27;3;0
1;2025-12-27;4;0
1;2025-12-27;5;38
1;2025-12-27;6;162
1;2025-12-27;7;338
1;2025-12-27;8;445
1;2025-12-27;9;707
1;2025-12-27;10;815
1;2025-12-27;11;764
1;2025-12-27;12;939
1;2025-12-27;13;957
1;2025-12-27;14;905
1;2025-12-27;15;777
1;2025-12-27;16;726
1;2025-12-27;17;659
1;2025-12-27;18;578
1;2025-12-27;19;517
1;2025-12-27;20;424
1;2025-12-27;21;305
1;2025-12-27;22;144
1;2025-12-27;23;37
1;2025-12-28;0;2
1;2025-12-28;1;1
1;2025-12-28;2;0
1;2025-12-28;3;0
1;2025-12-28;4;0
1;2025-12-28;5;30
1;2025-12-28;6;128
1;2025-12-28;7;262
1;2025-12-28;8;381
1;2025-12-28;9;581
1;2025-12-28;10;745
1;2025-12-28;11;721
1;2025-12-28;12;864
1;2025-12-28;13;885
1;2025-12-28;14;824
1;2025-12-28;15;740
1;2025-12-28;16;648
1;2025-12-28;17;599
1;2025-12-28;18;529
1;2025-12-28;19;484
1;2025-12-28;20;388
1;2025-12-28;21;281
1;2025-12-28;22;114
1;2025-12-28;23;34
1;2025-12-29;0;1
1;2025-12-29;1;0
1;2025-12-29;2;0
1;2025-12-29;3;0
1;2025-12-29;4;8
1;2025-12-29;5;132
1;2025-12-29;6;513
1;2025-12-29;7;1490
1;2025-12-29;8;1868
1;2025-12-29;9;1469
1;2025-12-29;10;1325
1;2025-12-29;11;1372
1;2025-12-29;12;1400
1;2025-12-29;13;1402
1;2025-12-29;14;1313
1;2025-12-29;15;1453
1;2025-12-29;16;1512
1;2025-12-29;17;1760
1;2025-12-29;18;1820
1;2025-12-29;19;1418
1;2025-12-29;20;909
1;2025-12-29;21;475
1;2025-12-29;22;232
1;2025-12-29;23;39
1;2025-12-30;0;4
1;2025-12-30;1;1
1;2025-12-30;2;1
1;2025-12-30;3;1
1;2025-12-30;4;5
1;2025-12-30;5;121
1;2025-12-30;6;483
1;2025-12-30;7;1439
1;2025-12-30;8;1811
1;2025-12-30;9;1451
1;2025-12-30;10;1322
1;2025-12-30;11;1361
1;2025-12-30;12;1364
1;2025-12-30;13;1368
1;2025-12-30;14;1274
1;2025-12-30;15;1390
1;2025-12-30;16;1437
1;2025-12-30;17;1684
1;2025-12-30;18;1736
1;2025-12-30;19;1295
1;2025-12-30;20;890
1;2025-12-30;21;467
1;2025-12-30;22;219
1;2025-12-30;23;40
1;2025-12-31;0;0
1;2025-12-31;1;0
1;2025-12-31;2;0
1;2025-12-31;3;0
1;2025-12-31;4;1
1;2025-12-31;5;26
1;2025-12-31;6;136
1;2025-12-31;7;205
1;2025-12-31;8;274
1;2025-12-31;9;392
1;2025-12-31;10;520
1;2025-12-31;11;458
1;2025-12-31;12;735
1;2025-12-31;13;796
1;2025-12-31;14;795
1;2025-12-31;15;616
1;2025-12-31;16;613
1;2025-12-31;17;524
1;2025-12-31;18;483
1;2025-12-31;19;516
1;2025-12-31;20;459
1;2025-12-31;21;338
1;2025-12-31;22;194
1;2025-12-31;23;20
5;2025-11-01;0;0
5;2025-11-01;1;0
5;2025-11-01;2;0
5;2025-11-01;3;0
5;2025-11-01;4;0
5;2025-11-01;5;0
5;2025-11-01;6;0
5;2025-11-01;7;0
5;2025-11-01;8;0
5;2025-11-01;9;0
5;2025-11-01;10;0
5;2025-11-01;11;0
5;2025-11-01;12;0
5;2025-11-01;13;0
5;2025-11-01;14;0
5;2025-11-01;15;0
5;2025-11-01;16;0
5;2025-11-01;17;0
5;2025-11-01;18;0
5;2025-11-01;19;0
5;2025-11-01;20;0
5;2025-11-01;21;0
5;2025-11-01;22;0
5;2025-11-01;23;0
5;2025-11-02;0;0
5;2025-11-02;1;0
5;2025-11-02;2;0
5;2025-11-02;3;0
5;2025-11-02;4;0
5;2025-11-02;5;0
5;2025-11-02;6;0
5;2025-11-02;7;0
5;2025-11-02;8;0
5;2025-11-02;9;0
5;2025-11-02;10;0
5;2025-11-02;11;0
5;2025-11-02;12;0
5;2025-11-02;13;0
5;2025-11-02;14;0
5;2025-11-02;15;0
5;2025-11-02;16;0
5;2025-11-02;17;0
5;2025-11-02;18;0
5;2025-11-02;19;0
5;2025-11-02;20;0
5;2025-11-02;21;0
5;2025-11-02;22;0
5;2025-11-02;23;0
5;2025-11-03;0;0
5;2025-11-03;1;0
5;2025-11-03;2;0
5;2025-11-03;3;0
5;2025-11-03;4;0
5;2025-11-03;5;0
5;2025-11-03;6;0
5;2025-11-03;7;0
5;2025-11-03;8;0
5;2025-11-03;9;0
5;2025-11-03;10;0
5;2025-11-03;11;0
5;2025-11-03;12;0
5;2025-11-03;13;0
5;2025-11-03;14;0
5;2025-11-03;15;0
5;2025-11-03;16;0
5;2025-11-03;17;0
5;2025-11-03;18;0
5;2025-11-03;19;0
5;2025-11-03;20;0
5;2025-11-03;21;0
5;2025-11-03;22;0
5;2025-11-03;23;0
5;2025-11-04;0;0
5;2025-11-04;1;0
5;2025-11-04;2;0
5;2025-11-04;3;0
5;2025-11-04;4;0
5;2025-11-04;5;0
5;2025-11-04;6;0
5;2025-11-04;7;0
5;2025-11-04;8;0
5;2025-11-04;9;0
5;2025-11-04;10;0
5;2025-11-04;11;0
5;2025-11-04;12;0
5;2025-11-04;13;0
5;2025-11-04;14;0
5;2025-11-04;15;0
5;2025-11-04;16;0
5;2025-11-04;17;0
5;2025-11-04;18;0
5;2025-11-04;19;0
5;2025-11-04;20;0
5;2025-11-04;21;0
5;2025-11-04;22;0
5;2025-11-04;23;0
5;2025-11-05;0;0
5;2025-11-05;1;0
5;2025-11-05;2;0
5;2025-11-05;3;0
5;2025-11-05;4;0
5;2025-11-05;5;0
5;2025-11-05;6;0
5;2025-11-05;7;0
5;2025-11-05;8;0
5;2025-11-05;9;0
5;2025-11-05;10;0
5;2025-11-05;11;0
5;2025-11-05;12;0
5;2025-11-05;13;0
5;2025-11-05;14;0
5;2025-11-05;15;0
5;2025-11-05;16;0
5;2025-11-05;17;0
5;2025-11-05;18;0
5;2025-11-05;19;0
5;2025-11-05;20;0
5;2025-11-05;21;0
5;2025-11-05;22;0
5;2025-11-05;23;0
5;2025-11-06;0;0
5;2025-11-06;1;0
5;2025-11-06;2;0
5;2025-11-06;3;0
5;2025-11-06;4;0
5;2025-11-06;5;0
5;2025-11-06;6;0
5;2025-11-06;7;0
5;2025-11-06;8;0
5;2025-11-06;9;0
5;2025-11-06;10;0
5;2025-11-06;11;0
5;2025-11-06;12;0
5;2025-11-06;13;0
5;2025-11-06;14;0
5;2025-11-06;15;0
5;2025-11-06;16;0
5;2025-11-06;17;0
5;2025-11-06;18;0
5;2025-11-06;19;0
5;2025-11-06;20;0
5;2025-11-06;21;0
5;2025-11-06;22;0
5;2025-11-06;23;0
5;2025-11-07;0;0
5;2025-11-07;1;0
5;2025-11-07;2;0
5;2025-11-07;3;0
5;2025-11-07;4;0
5;2025-11-07;5;0
5;2025-11-07;6;0
5;2025-11-07;7;0
5;2025-11-07;8;0
5;2025-11-07;9;0
5;2025-11-07;10;0
5;2025-11-07;11;0
5;2025-11-07;12;0
5;2025-11-07;13;0
5;2025-11-07;14;0
5;2025-11-07;15;0
5;2025-11-07;16;0
5;2025-11-07;17;0
5;2025-11-07;18;0
5;2025-11-07;19;0
5;2025-11-07;20;0
5;2025-11-07;21;0
5;2025-11-07;22;0
5;2025-11-07;23;0
5;2025-11-08;0;0
5;2025-11-08;1;0
5;2025-11-08;2;0
5;2025-11-08;3;0
5;2025-11-08;4;0
5;2025-11-08;5;0
5;2025-11-08;6;0
5;2025-11-08;7;0
5;2025-11-08;8;0
5;2025-11-08;9;0
5;2025-11-08;10;0
5;2025-11-08;11;0
5;2025-11-08;12;0
5;2025-11-08;13;0
5;2025-11-08;14;0
5;2025-11-08;15;0
5;2025-11-08;16;0
5;2025-11-08;17;0
5;2025-11-08;18;0
5;2025-11-08;19;0
5;2025-11-08;20;0
5;2025-11-08;21;0
5;2025-11-08;22;0
5;2025-11-08;23;0
5;2025-11-09;0;0
5;2025-11-09;1;0
5;2025-11-09;2;0
5;2025-11-09;3;0
5;2025-11-09;4;0
5;2025-11-09;5;0
5;2025-11-09;6;0
5;2025-11-09;7;0
5;2025-11-09;8;0
5;2025-11-09;9;0
5;2025-11-09;10;0
5;2025-11-09;11;0
5;2025-11-09;12;0
5;2025-11-09;13;0
5;2025-11-09;14;0
5;2025-11-09;15;0
5;2025-11-09;16;0
5;2025-11-09;17;0
5;2025-11-09;18;0
5;2025-11-09;19;0
5;2025-11-09;20;0
5;2025-11-09;21;0
5;2025-11-09;22;0
5;2025-11-09;23;0
5;2025-11-10;0;0
5;2025-11-10;1;0
5;2025-11-10;2;0
5;2025-11-10;3;0
5;2025-11-10;4;0
5;2025-11-10;5;0
5;2025-11-10;6;0
5;2025-11-10;7;0
5;2025-11-10;8;0
5;2025-11-10;9;0
5;2025-11-10;10;0
5;2025-11-10;11;0
5;2025-11-10;12;0
5;2025-11-10;13;0
5;2025-11-10;14;0
5;2025-11-10;15;0
5;2025-11-10;16;0
5;2025-11-10;17;0
5;2025-11-10;18;0
5;2025-11-10;19;0
5;2025-11-10;20;0
5;2025-11-10;21;0
5;2025-11-10;22;0
5;2025-11-10;23;0
5;2025-11-11;0;0
5;2025-11-11;1;0
5;2025-11-11;2;0
5;2025-11-11;3;0
5;2025-11-11;4;0
5;2025-11-11;5;0
5;2025-11-11;6;0
5;2025-11-11;7;0
5;2025-11-11;8;0
5;2025-11-11;9;0
5;2025-11-11;10;0
5;2025-11-11;11;0
5;2025-11-11;12;0
5;2025-11-11;13;0
5;2025-11-11;14;0
5;2025-11-11;15;0
5;2025-11-11;16;0
5;2025-11-11;17;0
5;2025-11-11;18;0
5;2025-11-11;19;0
5;2025-11-11;20;0
5;2025-11-11;21;0
5;2025-11-11;22;0
5;2025-11-11;23;0
5;2025-11-12;0;0
5;2025-11-12;1;0
5;2025-11-12;2;0
5;2025-11-12;3;0
5;2025-11-12;4;0
5;2025-11-12;5;0
5;2025-11-12;6;0
5;2025-11-12;7;0
5;2025-11-12;8;0
5;2025-11-12;9;0
5;2025-11-12;10;0
5;2025-11-12;11;0
5;2025-11-12;12;0
5;2025-11-12;13;0
5;2025-11-12;14;0
5;2025-11-12;15;0
5;2025-11-12;16;0
5;2025-11-12;17;0
5;2025-11-12;18;0
5;2025-11-12;19;0
5;2025-11-12;20;0
5;2025-11-12;21;0
5;2025-11-12;22;0
5;2025-11-12;23;0
5;2025-11-13;0;0
5;2025-11-13;1;0
5;2025-11-13;2;0
5;2025-11-13;3;0
5;2025-11-13;4;0
5;2025-11-13;5;0
5;2025-11-13;6;0
5;2025-11-13;7;0
5;2025-11-13;8;0
5;2025-11-13;9;0
5;2025-11-13;10;0
5;2025-11-13;11;0
5;2025-11-13;12;0
5;2025-11-13;13;0
5;2025-11-13;14;0
5;2025-11-13;15;0
5;2025-11-13;16;0
5;2025-11-13;17;0
5;2025-11-13;18;0
5;2025-11-13;19;0
5;2025-11-13;20;0
5;2025-11-13;21;0
5;2025-11-13;22;0
5;2025-11-13;23;0
5;2025-11-14;0;0
5;2025-11-14;1;0
5;2025-11-14;2;0
5;2025-11-14;3;0
5;2025-11-14;4;0
5;2025-11-14;5;0
5;2025-11-14;6;0
5;2025-11-14;7;0
5;2025-11-14;8;0
5;2025-11-14;9;0
5;2025-11-14;10;0
5;2025-11-14;11;0
5;2025-11-14;12;0
5;2025-11-14;13;0
5;2025-11-14;14;0
5;2025-11-14;15;0
5;2025-11-14;16;0
5;2025-11-14;17;0
5;2025-11-14;18;0
5;2025-11-14;19;0
5;2025-11-14;20;0
5;2025-11-14;21;0
5;2025-11-14;22;0
5;2025-11-14;23;0
5;2025-11-15;0;0
5;2025-11-15;1;0
5;2025-11-15;2;0
5;2025-11-15;3;0
5;2025-11-15;4;0
5;2025-11-15;5;0
5;2025-11-15;6;0
5;2025-11-15;7;0
5;2025-11-15;8;0
5;2025-11-15;9;0
5;2025-11-15;10;0
5;2025-11-15;11;0
5;2025-11-15;12;0
5;2025-11-15;13;0
5;2025-11-15;14;0
5;2025-11-15;15;0
5;2025-11-15;16;0
5;2025-11-15;17;0
5;2025-11-15;18;0
5;2025-11-15;19;0
5;2025-11-15;20;0
5;2025-11-15;21;0
5;2025-11-15;22;0
5;2025-11-15;23;0
5;2025-11-16;0;0
5;2025-11-16;1;0
5;2025-11-16;2;0
5;2025-11-16;3;0
5;2025-11-16;4;0
5;2025-11-16;5;0
5;2025-11-16;6;0
5;2025-11-16;7;0
5;2025-11-16;8;0
5;2025-11-16;9;0
5;2025-11-16;10;0
5;2025-11-16;11;0
5;2025-11-16;12;0
5;2025-11-16;13;0
5;2025-11-16;14;0
5;2025-11-16;15;0
5;2025-11-16;16;0
5;2025-11-16;17;0
5;2025-11-16;18;0
5;2025-11-16;19;0
5;2025-11-16;20;0
5;2025-11-16;21;0
5;2025-11-16;22;0
5;2025-11-16;23;0
5;2025-11-17;0;0
5;2025-11-17;1;0
5;2025-11-17;2;0
5;2025-11-17;3;0
5;2025-11-17;4;0
5;2025-11-17;5;0
5;2025-11-17;6;0
5;2025-11-17;7;0
5;2025-11-17;8;0
5;2025-11-17;9;0
5;2025-11-17;10;0
5;2025-11-17;11;0
5;2025-11-17;12;0
5;2025-11-17;13;0
5;2025-11-17;14;0
5;2025-11-17;15;0
5;2025-11-17;16;0
5;2025-11-17;17;0
5;2025-11-17;18;0
5;2025-11-17;19;0
5;2025-11-17;20;0
5;2025-11-17;21;0
5;2025-11-17;22;0
5;2025-11-17;23;0
5;2025-11-18;0;0
5;2025-11-18;1;0
5;2025-11-18;2;0
5;2025-11-18;3;0
5;2025-11-18;4;0
5;2025-11-18;5;0
5;2025-11-18;6;0
5;2025-11-18;7;0
5;2025-11-18;8;0
5;2025-11-18;9;0
5;2025-11-18;10;0
5;2025-11-18;11;0
5;2025-11-18;12;0
5;2025-11-18;13;0
5;2025-11-18;14;0
5;2025-11-18;15;0
5;2025-11-18;16;0
5;2025-11-18;17;0
5;2025-11-18;18;0
5;2025-11-18;19;0
5;2025-11-18;20;0
5;2025-11-18;21;0
5;2025-11-18;22;0
5;2025-11-18;23;0
5;2025-11-19;0;0
5;2025-11-19;1;0
5;2025-11-19;2;0
5;2025-11-19;3;0
5;2025-11-19;4;0
5;2025-11-19;5;0
5;2025-11-19;6;0
5;2025-11-19;7;0
5;2025-11-19;8;0
5;2025-11-19;9;0
5;2025-11-19;10;0
5;2025-11-19;11;0
5;2025-11-19;12;0
5;2025-11-19;13;0
5;2025-11-19;14;0
5;2025-11-19;15;0
5;2025-11-19;16;0
5;2025-11-19;17;0
5;2025-11-19;18;0
5;2025-11-19;19;0
5;2025-11-19;20;0
5;2025-11-19;21;0
5;2025-11-19;22;0
5;2025-11-19;23;0
5;2025-11-20;0;0
5;2025-11-20;1;0
5;2025-11-20;2;0
5;2025-11-20;3;0
5;2025-11-20;4;0
5;2025-11-20;5;0
5;2025-11-20;6;0
5;2025-11-20;7;0
5;2025-11-20;8;0
5;2025-11-20;9;0
5;2025-11-20;10;0
5;2025-11-20;11;0
5;2025-11-20;12;0
5;2025-11-20;13;0
5;2025-11-20;14;0
5;2025-11-20;15;0
5;2025-11-20;16;0
5;2025-11-20;17;0
5;2025-11-20;18;0
5;2025-11-20;19;0
5;2025-11-20;20;0
5;2025-11-20;21;0
5;2025-11-20;22;0
5;2025-11-20;23;0
5;2025-11-21;0;0
5;2025-11-21;1;0
5;2025-11-21;2;0
5;2025-11-21;3;0
5;2025-11-21;4;0
5;2025-11-21;5;0
5;2025-11-21;6;0
5;2025-11-21;7;0
5;2025-11-21;8;0
5;2025-11-21;9;0
5;2025-11-21;10;0
5;2025-11-21;11;0
5;2025-11-21;12;0
5;2025-11-21;13;0
5;2025-11-21;14;0
5;2025-11-21;15;0
5;2025-11-21;16;0
5;2025-11-21;17;0
5;2025-11-21;18;0
5;2025-11-21;19;0
5;2025-11-21;20;0
5;2025-11-21;21;0
5;2025-11-21;22;0
5;2025-11-21;23;0
5;2025-11-22;0;0
5;2025-11-22;1;0
5;2025-11-22;2;0
5;2025-11-22;3;0
5;2025-11-22;4;0
5;2025-11-22;5;0
5;2025-11-22;6;0
5;2025-11-22;7;0
5;2025-11-22;8;0
5;2025-11-22;9;0
5;2025-11-22;10;0
5;2025-11-22;11;0
5;2025-11-22;12;0
5;2025-11-22;13;0
5;2025-11-22;14;0
5;2025-11-22;15;0
5;2025-11-22;16;0
5;2025-11-22;17;0
5;2025-11-22;18;0
5;2025-11-22;19;0
5;2025-11-22;20;0
5;2025-11-22;21;0
5;2025-11-22;22;0
5;2025-11-22;23;0
5;2025-11-23;0;0
5;2025-11-23;1;0
5;2025-11-23;2;0
5;2025-11-23;3;0
5;2025-11-23;4;0
5;2025-11-23;5;0
5;2025-11-23;6;0
5;2025-11-23;7;0
5;2025-11-23;8;0
5;2025-11-23;9;0
5;2025-11-23;10;0
5;2025-11-23;11;0
5;2025-11-23;12;0
5;2025-11-23;13;0
5;2025-11-23;14;0
5;2025-11-23;15;0
5;2025-11-23;16;0
5;2025-11-23;17;0
5;2025-11-23;18;0
5;2025-11-23;19;0
5;2025-11-23;20;0
5;2025-11-23;21;0
5;2025-11-23;22;0
5;2025-11-23;23;0
5;2025-11-24;0;0
5;2025-11-24;1;0
5;2025-11-24;2;0
5;2025-11-24;3;0
5;2025-11-24;4;0
5;2025-11-24;5;0
5;2025-11-24;6;0
5;2025-11-24;7;0
5;2025-11-24;8;0
5;2025-11-24;9;0
5;2025-11-24;10;0
5;2025-11-24;11;0
5;2025-11-24;12;0
5;2025-11-24;13;0
5;2025-11-24;14;0
5;2025-11-24;15;0
5;2025-11-24;16;0
5;2025-11-24;17;0
5;2025-11-24;18;0
5;2025-11-24;19;0
5;2025-11-24;20;0
5;2025-11-24;21;0
5;2025-11-24;22;0
5;2025-11-24;23;0
5;2025-11-25;0;0
5;2025-11-25;1;0
5;2025-11-25;2;0
5;2025-11-25;3;0
5;2025-11-25;4;0
5;2025-11-25;5;0
5;2025-11-25;6;0
5;2025-11-25;7;0
5;2025-11-25;8;0
5;2025-11-25;9;0
5;2025-11-25;10;0
5;2025-11-25;11;0
5;2025-11-25;12;0
5;2025-11-25;13;0
5;2025-11-25;14;0
5;2025-11-25;15;0
5;2025-11-25;16;0
5;2025-11-25;17;0
5;2025-11-25;18;0
5;2025-11-25;19;0
5;2025-11-25;20;0
5;2025-11-25;21;0
5;2025-11-25;22;0
5;2025-11-25;23;0
5;2025-11-26;0;0
5;2025-11-26;1;0
5;2025-11-26;2;0
5;2025-11-26;3;0
5;2025-11-26;4;0
5;2025-11-26;5;0
5;2025-11-26;6;0
5;2025-11-26;7;0
5;2025-11-26;8;0
5;2025-11-26;9;0
5;2025-11-26;10;0
5;2025-11-26;11;0
5;2025-11-26;12;0
5;2025-11-26;13;0
5;2025-11-26;14;0
5;2025-11-26;15;0
5;2025-11-26;16;0
5;2025-11-26;17;0
5;2025-11-26;18;0
5;2025-11-26;19;0
5;2025-11-26;20;0
5;2025-11-26;21;0
5;2025-11-26;22;0
5;2025-11-26;23;0
5;2025-11-27;0;0
5;2025-11-27;1;0
5;2025-11-27;2;0
5;2025-11-27;3;0
5;2025-11-27;4;0
5;2025-11-27;5;0
5;2025-11-27;6;0
5;2025-11-27;7;0
5;2025-11-27;8;0
5;2025-11-27;9;0
5;2025-11-27;10;0
5;2025-11-27;11;0
5;2025-11-27;12;0
5;2025-11-27;13;0
5;2025-11-27;14;0
5;2025-11-27;15;0
5;2025-11-27;16;0
5;2025-11-27;17;0
5;2025-11-27;18;0
5;2025-11-27;19;0
5;2025-11-27;20;0
5;2025-11-27;21;0
5;2025-11-27;22;0
5;2025-11-27;23;0
5;2025-11-28;0;0
5;2025-11-28;1;0
5;2025-11-28;2;0
5;2025-11-28;3;0
5;2025-11-28;4;0
5;2025-11-28;5;0
5;2025-11-28;6;0
5;2025-11-28;7;0
5;2025-11-28;8;0
5;2025-11-28;9;0
5;2025-11-28;10;0
5;2025-11-28;11;0
5;2025-11-28;12;0
5;2025-11-28;13;0
5;2025-11-28;14;0
5;2025-11-28;15;0
5;2025-11-28;16;0
5;2025-11-28;17;0
5;2025-11-28;18;0
5;2025-11-28;19;0
5;2025-11-28;20;0
5;2025-11-28;21;0
5;2025-11-28;22;0
5;2025-11-28;23;0
5;2025-11-29;0;0
5;2025-11-29;1;0
5;2025-11-29;2;0
5;2025-11-29;3;0
5;2025-11-29;4;0
5;2025-11-29;5;0
5;2025-11-29;6;0
5;2025-11-29;7;0
5;2025-11-29;8;0
5;2025-11-29;9;0
5;2025-11-29;10;0
5;2025-11-29;11;0
5;2025-11-29;12;0
5;2025-11-29;13;0
5;2025-11-29;14;0
5;2025-11-29;15;0
5;2025-11-29;16;0
5;2025-11-29;17;0
5;2025-11-29;18;0
5;2025-11-29;19;0
5;2025-11-29;20;0
5;2025-11-29;21;0
5;2025-11-29;22;0
5;2025-11-29;23;0
5;2025-11-30;0;0
5;2025-11-30;1;0
5;2025-11-30;2;0
5;2025-11-30;3;0
5;2025-11-30;4;0
5;2025-11-30;5;0
5;2025-11-30;6;0
5;2025-11-30;7;0
5;2025-11-30;8;0
5;2025-11-30;9;0
5;2025-11-30;10;0
5;2025-11-30;11;0
5;2025-11-30;12;0
5;2025-11-30;13;0
5;2025-11-30;14;0
5;2025-11-30;15;0
5;2025-11-30;16;0
5;2025-11-30;17;0
5;2025-11-30;18;0
5;2025-11-30;19;0
5;2025-11-30;20;0
5;2025-11-30;21;0
5;2025-11-30;22;0
5;2025-11-30;23;0
5;2025-12-01;0;0
5;2025-12-01;1;0
5;2025-12-01;2;0
5;2025-12-01;3;0
5;2025-12-01;4;0
5;2025-12-01;5;0
5;2025-12-01;6;0
5;2025-12-01;7;0
5;2025-12-01;8;0
5;2025-12-01;9;0
5;2025-12-01;10;0
5;2025-12-01;11;0
5;2025-12-01;12;0
5;2025-12-01;13;0
5;2025-12-01;14;0
5;2025-12-01;15;0
5;2025-12-01;16;0
5;2025-12-01;17;0
5;2025-12-01;18;0
5;2025-12-01;19;0
5;2025-12-01;20;0
5;2025-12-01;21;0
5;2025-12-01;22;0
5;2025-12-01;23;0
5;2025-12-02;0;0
5;2025-12-02;1;0
5;2025-12-02;2;0
5;2025-12-02;3;0
5;2025-12-02;4;0
5;2025-12-02;5;0
5;2025-12-02;6;0
5;2025-12-02;7;0
5;2025-12-02;8;0
5;2025-12-02;9;0
5;2025-12-02;10;0
5;2025-12-02;11;0
5;2025-12-02;12;0
5;2025-12-02;13;0
5;2025-12-02;14;0
5;2025-12-02;15;0
5;2025-12-02;16;0
5;2025-12-02;17;0
5;2025-12-02;18;0
5;2025-12-02;19;0
5;2025-12-02;20;0
5;2025-12-02;21;0
5;2025-12-02;22;0
5;2025-12-02;23;0
5;2025-12-03;0;0
5;2025-12-03;1;0
5;2025-12-03;2;0
5;2025-12-03;3;0
5;2025-12-03;4;0
5;2025-12-03;5;0
5;2025-12-03;6;0
5;2025-12-03;7;0
5;2025-12-03;8;0
5;2025-12-03;9;0
5;2025-12-03;10;0
5;2025-12-03;11;0
5;2025-12-03;12;0
5;2025-12-03;13;0
5;2025-12-03;14;0
5;2025-12-03;15;0
5;2025-12-03;16;0
5;2025-12-03;17;0
5;2025-12-03;18;0
5;2025-12-03;19;0
5;2025-12-03;20;0
5;2025-12-03;21;0
5;2025-12-03;22;0
5;2025-12-03;23;0
5;2025-12-04;0;0
5;2025-12-04;1;0
5;2025-12-04;2;0
5;2025-12-04;3;0
5;2025-12-04;4;0
5;2025-12-04;5;0
5;2025-12-04;6;0
5;2025-12-04;7;0
5;2025-12-04;8;0
5;2025-12-04;9;0
5;2025-12-04;10;0
5;2025-12-04;11;0
5;2025-12-04;12;0
5;2025-12-04;13;0
5;2025-12-04;14;0
5;2025-12-04;15;0
5;2025-12-04;16;0
5;2025-12-04;17;0
5;2025-12-04;18;0
5;2025-12-04;19;0
5;2025-12-04;20;0
5;2025-12-04;21;0
5;2025-12-04;22;0
5;2025-12-04;23;0
5;2025-12-05;0;0
5;2025-12-05;1;0
5;2025-12-05;2;0
5;2025-12-05;3;0
5;2025-12-05;4;0
5;2025-12-05;5;0
5;2025-12-05;6;0
5;2025-12-05;7;0
5;2025-12-05;8;0
5;2025-12-05;9;0
5;2025-12-05;10;0
5;2025-12-05;11;0
5;2025-12-05;12;0
5;2025-12-05;13;0
5;2025-12-05;14;0
5;2025-12-05;15;0
5;2025-12-05;16;0
5;2025-12-05;17;0
5;2025-12-05;18;0
5;2025-12-05;19;0
5;2025-12-05;20;0
5;2025-12-05;21;0
5;2025-12-05;22;0
5;2025-12-05;23;0
5;2025-12-06;0;0
5;2025-12-06;1;0
5;2025-12-06;2;0
5;2025-12-06;3;0
5;2025-12-06;4;0
5;2025-12-06;5;0
5;2025-12-06;6;0
5;2025-12-06;7;0
5;2025-12-06;8;0
5;2025-12-06;9;0
5;2025-12-06;10;0
5;2025-12-06;11;0
5;2025-12-06;12;0
5;2025-12-06;13;0
5;2025-12-06;14;0
5;2025-12-06;15;0
5;2025-12-06;16;0
5;2025-12-06;17;0
5;2025-12-06;18;0
5;2025-12-06;19;0
5;2025-12-06;20;0
5;2025-12-06;21;0
5;2025-12-06;22;0
5;2025-12-06;23;0
5;2025-12-07;0;0
5;2025-12-07;1;0
5;2025-12-07;2;0
5;2025-12-07;3;0
5;2025-12-07;4;0
5;2025-12-07;5;0
5;2025-12-07;6;0
5;2025-12-07;7;0
5;2025-12-07;8;0
5;2025-12-07;9;0
5;2025-12-07;10;0
5;2025-12-07;11;0
5;2025-12-07;12;0
5;2025-12-07;13;0
5;2025-12-07;14;0
5;2025-12-07;15;0
5;2025-12-07;16;0
5;2025-12-07;17;0
5;2025-12-07;18;0
5;2025-12-07;19;0
5;2025-12-07;20;0
5;2025-12-07;21;0
5;2025-12-07;22;0
5;2025-12-07;23;0
5;2025-12-08;0;0
5;2025-12-08;1;0
5;2025-12-08;2;0
5;2025-12-08;3;0
5;2025-12-08;4;0
5;2025-12-08;5;0
5;2025-12-08;6;0
5;2025-12-08;7;0
5;2025-12-08;8;0
5;2025-12-08;9;0
5;2025-12-08;10;0
5;2025-12-08;11;0
5;2025-12-08;12;0
5;2025-12-08;13;0
5;2025-12-08;14;0
5;2025-12-08;15;0
5;2025-12-08;16;0
5;2025-12-08;17;0
5;2025-12-08;18;0
5;2025-12-08;19;0
5;2025-12-08;20;0
5;2025-12-08;21;0
5;2025-12-08;22;0
5;2025-12-08;23;0
5;2025-12-09;0;0
5;2025-12-09;1;0
5;2025-12-09;2;0
5;2025-12-09;3;0
5;2025-12-09;4;0
5;2025-12-09;5;0
5;2025-12-09;6;0
5;2025-12-09;7;0
5;2025-12-09;8;0
5;2025-12-09;9;0
5;2025-12-09;10;0
5;2025-12-09;11;0
5;2025-12-09;12;0
5;2025-12-09;13;0
5;2025-12-09;14;0
5;2025-12-09;15;0
5;2025-12-09;16;0
5;2025-12-09;17;0
5;2025-12-09;18;0
5;2025-12-09;19;0
5;2025-12-09;20;0
5;2025-12-09;21;0
5;2025-12-09;22;0
5;2025-12-09;23;0
5;2025-12-10;0;0
5;2025-12-10;1;0
5;2025-12-10;2;0
5;2025-12-10;3;0
5;2025-12-10;4;0
5;2025-12-10;5;0
5;2025-12-10;6;0
5;2025-12-10;7;0
5;2025-12-10;8;0
5;2025-12-10;9;0
5;2025-12-10;10;0
5;2025-12-10;11;0
5;2025-12-10;12;0
5;2025-12-10;13;0
5;2025-12-10;14;0
5;2025-12-10;15;0
5;2025-12-10;16;0
5;2025-12-10;17;0
5;2025-12-10;18;0
5;2025-12-10;19;0
5;2025-12-10;20;0
5;2025-12-10;21;0
5;2025-12-10;22;0
5;2025-12-10;23;0
5;2025-12-11;0;0
5;2025-12-11;1;0
5;2025-12-11;2;0
5;2025-12-11;3;0
5;2025-12-11;4;0
5;2025-12-11;5;0
5;2025-12-11;6;0
5;2025-12-11;7;0
5;2025-12-11;8;0
5;2025-12-11;9;0
5;2025-12-11;10;0
5;2025-12-11;11;0
5;2025-12-11;12;0
5;2025-12-11;13;0
5;2025-12-11;14;0
5;2025-12-11;15;0
5;2025-12-11;16;0
5;2025-12-11;17;0
5;2025-12-11;18;0
5;2025-12-11;19;0
5;2025-12-11;20;0
5;2025-12-11;21;0
5;2025-12-11;22;0
5;2025-12-11;23;0
5;2025-12-12;0;0
5;2025-12-12;1;0
5;2025-12-12;2;0
5;2025-12-12;3;0
5;2025-12-12;4;0
5;2025-12-12;5;0
5;2025-12-12;6;0
5;2025-12-12;7;0
5;2025-12-12;8;0
5;2025-12-12;9;0
5;2025-12-12;10;0
5;2025-12-12;11;0
5;2025-12-12;12;0
5;2025-12-12;13;0
5;2025-12-12;14;0
5;2025-12-12;15;0
5;2025-12-12;16;0
5;2025-12-12;17;0
5;2025-12-12;18;0
5;2025-12-12;19;0
5;2025-12-12;20;0
5;2025-12-12;21;0
5;2025-12-12;22;0
5;2025-12-12;23;0
5;2025-12-13;0;0
5;2025-12-13;1;0
5;2025-12-13;2;0
5;2025-12-13;3;0
5;2025-12-13;4;0
5;2025-12-13;5;0
5;2025-12-13;6;0
5;2025-12-13;7;0
5;2025-12-13;8;0
5;2025-12-13;9;0
5;2025-12-13;10;0
5;2025-12-13;11;0
5;2025-12-13;12;0
5;2025-12-13;13;0
5;2025-12-13;14;0
5;2025-12-13;15;0
5;2025-12-13;16;0
5;2025-12-13;17;0
5;2025-12-13;18;0
5;2025-12-13;19;0
5;2025-12-13;20;0
5;2025-12-13;21;0
5;2025-12-13;22;0
5;2025-12-13;23;0
5;2025-12-14;0;0
5;2025-12-14;1;0
5;2025-12-14;2;0
5;2025-12-14;3;0
5;2025-12-14;4;0
5;2025-12-14;5;0
5;2025-12-14;6;0
5;2025-12-14;7;0
5;2025-12-14;8;0
5;2025-12-14;9;0
5;2025-12-14;10;0
5;2025-12-14;11;0
5;2025-12-14;12;0
5;2025-12-14;13;0
5;2025-12-14;14;0
5;2025-12-14;15;0
5;2025-12-14;16;0
5;2025-12-14;17;0
5;2025-12-14;18;0
5;2025-12-14;19;0
5;2025-12-14;20;0
5;2025-12-14;21;0
5;2025-12-14;22;0
5;2025-12-14;23;0
5;2025-12-15;0;0
5;2025-12-15;1;0
5;2025-12-15;2;0
5;2025-12-15;3;0
5;2025-12-15;4;0
5;2025-12-15;5;0
5;2025-12-15;6;0
5;2025-12-15;7;0
5;2025-12-15;8;0
5;2025-12-15;9;0
5;2025-12-15;10;0
5;2025-12-15;11;0
5;2025-12-15;12;0
5;2025-12-15;13;0
5;2025-12-15;14;0
5;2025-12-15;15;0
5;2025-12-15;16;0
5;2025-12-15;17;0
5;2025-12-15;18;0
5;2025-12-15;19;0
5;2025-12-15;20;0
5;2025-12-15;21;0
5;2025-12-15;22;0
5;2025-12-15;23;0
5;2025-12-16;0;0
5;2025-12-16;1;0
5;2025-12-16;2;0
5;2025-12-16;3;0
5;2025-12-16;4;0
5;2025-12-16;5;0
5;2025-12-16;6;0
5;2025-12-16;7;0
5;2025-12-16;8;0
5;2025-12-16;9;0
5;2025-12-16;10;0
5;2025-12-16;11;0
5;2025-12-16;12;0
5;2025-12-16;13;0
5;2025-12-16;14;0
5;2025-12-16;15;0
5;2025-12-16;16;479
5;2025-12-16;17;569
5;2025-12-16;18;603
5;2025-12-16;19;439
5;2025-12-16;20;293
5;2025-12-16;21;184
5;2025-12-16;22;14
5;2025-12-16;23;0
5;2025-12-17;0;0
5;2025-12-17;1;0
5;2025-12-17;2;0
5;2025-12-17;3;0
5;2025-12-17;4;0
5;2025-12-17;5;23
5;2025-12-17;6;216
5;2025-12-17;7;502
5;2025-12-17;8;730
5;2025-12-17;9;527
5;2025-12-17;10;423
5;2025-12-17;11;408
5;2025-12-17;12;418
5;2025-12-17;13;432
5;2025-12-17;14;421
5;2025-12-17;15;461
5;2025-12-17;16;528
5;2025-12-17;17;627
5;2025-12-17;18;665
5;2025-12-17;19;485
5;2025-12-17;20;324
5;2025-12-17;21;203
5;2025-12-17;22;16
5;2025-12-17;23;0
5;2025-12-18;0;0
5;2025-12-18;1;0
5;2025-12-18;2;0
5;2025-12-18;3;0
5;2025-12-18;4;0
5;2025-12-18;5;23
5;2025-12-18;6;216
5;2025-12-18;7;503
5;2025-12-18;8;731
5;2025-12-18;9;528
5;2025-12-18;10;424
5;2025-12-18;11;409
5;2025-12-18;12;419
5;2025-12-18;13;434
5;2025-12-18;14;422
5;2025-12-18;15;462
5;2025-12-18;16;529
5;2025-12-18;17;629
5;2025-12-18;18;667
5;2025-12-18;19;486
5;2025-12-18;20;324
5;2025-12-18;21;204
5;2025-12-18;22;16
5;2025-12-18;23;0
5;2025-12-19;0;0
5;2025-12-19;1;0
5;2025-12-19;2;0
5;2025-12-19;3;0
5;2025-12-19;4;0
5;2025-12-19;5;23
5;2025-12-19;6;214
5;2025-12-19;7;497
5;2025-12-19;8;723
5;2025-12-19;9;522
5;2025-12-19;10;419
5;2025-12-19;11;405
5;2025-12-19;12;415
5;2025-12-19;13;429
5;2025-12-19;14;417
5;2025-12-19;15;457
5;2025-12-19;16;523
5;2025-12-19;17;622
5;2025-12-19;18;660
5;2025-12-19;19;480
5;2025-12-19;20;321
5;2025-12-19;21;201
5;2025-12-19;22;16
5;2025-12-19;23;0
5;2025-12-20;0;0
5;2025-12-20;1;0
5;2025-12-20;2;0
5;2025-12-20;3;0
5;2025-12-20;4;0
5;2025-12-20;5;11
5;2025-12-20;6;90
5;2025-12-20;7;133
5;2025-12-20;8;193
5;2025-12-20;9;237
5;2025-12-20;10;261
5;2025-12-20;11;305
5;2025-12-20;12;340
5;2025-12-20;13;364
5;2025-12-20;14;367
5;2025-12-20;15;362
5;2025-12-20;16;350
5;2025-12-20;17;344
5;2025-12-20;18;323
5;2025-12-20;19;283
5;2025-12-20;20;219
5;2025-12-20;21;169
5;2025-12-20;22;15
5;2025-12-20;23;0
5;2025-12-21;0;0
5;2025-12-21;1;0
5;2025-12-21;2;0
5;2025-12-21;3;0
5;2025-12-21;4;0
5;2025-12-21;5;9
5;2025-12-21;6;76
5;2025-12-21;7;113
5;2025-12-21;8;164
5;2025-12-21;9;201
5;2025-12-21;10;222
5;2025-12-21;11;259
5;2025-12-21;12;288
5;2025-12-21;13;309
5;2025-12-21;14;311
5;2025-12-21;15;307
5;2025-12-21;16;297
5;2025-12-21;17;292
5;2025-12-21;18;274
5;2025-12-21;19;240
5;2025-12-21;20;186
5;2025-12-21;21;144
5;2025-12-21;22;13
5;2025-12-21;23;0
5;2025-12-22;0;0
5;2025-12-22;1;0
5;2025-12-22;2;0
5;2025-12-22;3;0
5;2025-12-22;4;0
5;2025-12-22;5;23
5;2025-12-22;6;209
5;2025-12-22;7;486
5;2025-12-22;8;706
5;2025-12-22;9;509
5;2025-12-22;10;409
5;2025-12-22;11;395
5;2025-12-22;12;405
5;2025-12-22;13;418
5;2025-12-22;14;407
5;2025-12-22;15;446
5;2025-12-22;16;511
5;2025-12-22;17;607
5;2025-12-22;18;644
5;2025-12-22;19;469
5;2025-12-22;20;313
5;2025-12-22;21;196
5;2025-12-22;22;15
5;2025-12-22;23;0
5;2025-12-23;0;0
5;2025-12-23;1;0
5;2025-12-23;2;0
5;2025-12-23;3;0
5;2025-12-23;4;0
5;2025-12-23;5;19
5;2025-12-23;6;177
5;2025-12-23;7;411
5;2025-12-23;8;599
5;2025-12-23;9;432
5;2025-12-23;10;347
5;2025-12-23;11;335
5;2025-12-23;12;343
5;2025-12-23;13;355
5;2025-12-23;14;345
5;2025-12-23;15;378
5;2025-12-23;16;434
5;2025-12-23;17;515
5;2025-12-23;18;546
5;2025-12-23;19;397
5;2025-12-23;20;265
5;2025-12-23;21;167
5;2025-12-23;22;13
5;2025-12-23;23;0
5;2025-12-24;0;0
5;2025-12-24;1;0
5;2025-12-24;2;0
5;2025-12-24;3;0
5;2025-12-24;4;0
5;2025-12-24;5;19
5;2025-12-24;6;178
5;2025-12-24;7;414
5;2025-12-24;8;602
5;2025-12-24;9;435
5;2025-12-24;10;349
5;2025-12-24;11;336
5;2025-12-24;12;345
5;2025-12-24;13;356
5;2025-12-24;14;347
5;2025-12-24;15;380
5;2025-12-24;16;435
5;2025-12-24;17;517
5;2025-12-24;18;548
5;2025-12-24;19;400
5;2025-12-24;20;267
5;2025-12-24;21;167
5;2025-12-24;22;13
5;2025-12-24;23;0
5;2025-12-25;0;0
5;2025-12-25;1;0
5;2025-12-25;2;0
5;2025-12-25;3;0
5;2025-12-25;4;0
5;2025-12-25;5;19
5;2025-12-25;6;178
5;2025-12-25;7;415
5;2025-12-25;8;603
5;2025-12-25;9;435
5;2025-12-25;10;350
5;2025-12-25;11;337
5;2025-12-25;12;345
5;2025-12-25;13;358
5;2025-12-25;14;348
5;2025-12-25;15;381
5;2025-12-25;16;436
5;2025-12-25;17;519
5;2025-12-25;18;550
5;2025-12-25;19;401
5;2025-12-25;20;267
5;2025-12-25;21;168
5;2025-12-25;22;13
5;2025-12-25;23;0
5;2025-12-26;0;0
5;2025-12-26;1;0
5;2025-12-26;2;0
5;2025-12-26;3;0
5;2025-12-26;4;0
5;2025-12-26;5;19
5;2025-12-26;6;176
5;2025-12-26;7;410
5;2025-12-26;8;596
5;2025-12-26;9;430
5;2025-12-26;10;345
5;2025-12-26;11;334
5;2025-12-26;12;342
5;2025-12-26;13;354
5;2025-12-26;14;344
5;2025-12-26;15;377
5;2025-12-26;16;431
5;2025-12-26;17;513
5;2025-12-26;18;544
5;2025-12-26;19;396
5;2025-12-26;20;265
5;2025-12-26;21;166
5;2025-12-26;22;13
5;2025-12-26;23;0
5;2025-12-27;0;0
5;2025-12-27;1;0
5;2025-12-27;2;0
5;2025-12-27;3;0
5;2025-12-27;4;0
5;2025-12-27;5;9
5;2025-12-27;6;74
5;2025-12-27;7;110
5;2025-12-27;8;159
5;2025-12-27;9;195
5;2025-12-27;10;215
5;2025-12-27;11;251
5;2025-12-27;12;280
5;2025-12-27;13;300
5;2025-12-27;14;303
5;2025-12-27;15;298
5;2025-12-27;16;289
5;2025-12-27;17;284
5;2025-12-27;18;266
5;2025-12-27;19;233
5;2025-12-27;20;181
5;2025-12-27;21;139
5;2025-12-27;22;12
5;2025-12-27;23;0
5;2025-12-28;0;0
5;2025-12-28;1;0
5;2025-12-28;2;0
5;2025-12-28;3;0
5;2025-12-28;4;0
5;2025-12-28;5;7
5;2025-12-28;6;63
5;2025-12-28;7;93
5;2025-12-28;8;135
5;2025-12-28;9;166
5;2025-12-28;10;183
5;2025-12-28;11;214
5;2025-12-28;12;237
5;2025-12-28;13;255
5;2025-12-28;14;256
5;2025-12-28;15;253
5;2025-12-28;16;245
5;2025-12-28;17;241
5;2025-12-28;18;226
5;2025-12-28;19;198
5;2025-12-28;20;153
5;2025-12-28;21;119
5;2025-12-28;22;11
5;2025-12-28;23;0
5;2025-12-29;0;0
5;2025-12-29;1;0
5;2025-12-29;2;0
5;2025-12-29;3;0
5;2025-12-29;4;0
5;2025-12-29;5;19
5;2025-12-29;6;172
5;2025-12-29;7;401
5;2025-12-29;8;582
5;2025-12-29;9;420
5;2025-12-29;10;337
5;2025-12-29;11;326
5;2025-12-29;12;334
5;2025-12-29;13;345
5;2025-12-29;14;336
5;2025-12-29;15;368
5;2025-12-29;16;421
5;2025-12-29;17;500
5;2025-12-29;18;531
5;2025-12-29;19;387
5;2025-12-29;20;258
5;2025-12-29;21;162
5;2025-12-29;22;12
5;2025-12-29;23;0
5;2025-12-30;0;0
5;2025-12-30;1;0
5;2025-12-30;2;0
5;2025-12-30;3;0
5;2025-12-30;4;0
5;2025-12-30;5;19
5;2025-12-30;6;177
5;2025-12-30;7;411
5;2025-12-30;8;599
5;2025-12-30;9;432
5;2025-12-30;10;347
5;2025-12-30;11;335
5;2025-12-30;12;343
5;2025-12-30;13;355
5;2025-12-30;14;345
5;2025-12-30;15;378
5;2025-12-30;16;434
5;2025-12-30;17;515
5;2025-12-30;18;546
5;2025-12-30;19;397
5;2025-12-30;20;265
5;2025-12-30;21;167
5;2025-12-30;22;13
5;2025-12-30;23;0
5;2025-12-31;0;0
5;2025-12-31;1;0
5;2025-12-31;2;0
5;2025-12-31;3;0
5;2025-12-31;4;0
5;2025-12-31;5;5
5;2025-12-31;6;41
5;2025-12-31;7;61
5;2025-12-31;8;88
5;2025-12-31;9;108
5;2025-12-31;10;120
5;2025-12-31;11;139
5;2025-12-31;12;155
5;2025-12-31;13;167
5;2025-12-31;14;167
5;2025-12-31;15;165
5;2025-12-31;16;159
5;2025-12-31;17;157
5;2025-12-31;18;148
5;2025-12-31;19;129
5;2025-12-31;20;100
5;2025-12-31;21;78
5;2025-12-31;22;7
5;2025-12-31;23;0
7;2025-11-01;0;89
7;2025-11-01;1;18
7;2025-11-01;2;0
7;2025-11-01;3;0
7;2025-11-01;4;1
7;2025-11-01;5;148
7;2025-11-01;6;620
7;2025-11-01;7;1417
7;2025-11-01;8;1986
7;2025-11-01;9;1542
7;2025-11-01;10;1405
7;2025-11-01;11;1379
7;2025-11-01;12;1464
7;2025-11-01;13;1491
7;2025-11-01;14;1502
7;2025-11-01;15;1553
7;2025-11-01;16;1589
7;2025-11-01;17;1878
7;2025-11-01;18;1991
7;2025-11-01;19;1473
7;2025-11-01;20;1015
7;2025-11-01;21;624
7;2025-11-01;22;362
7;2025-11-01;23;222
7;2025-11-02;0;94
7;2025-11-02;1;19
7;2025-11-02;2;0
7;2025-11-02;3;0
7;2025-11-02;4;0
7;2025-11-02;5;32
7;2025-11-02;6;163
7;2025-11-02;7;278
7;2025-11-02;8;453
7;2025-11-02;9;550
7;2025-11-02;10;559
7;2025-11-02;11;714
7;2025-11-02;12;744
7;2025-11-02;13;769
7;2025-11-02;14;793
7;2025-11-02;15;780
7;2025-11-02;16;684
7;2025-11-02;17;705
7;2025-11-02;18;738
7;2025-11-02;19;624
7;2025-11-02;20;518
7;2025-11-02;21;419
7;2025-11-02;22;240
7;2025-11-02;23;147
7;2025-11-03;0;95
7;2025-11-03;1;20
7;2025-11-03;2;0
7;2025-11-03;3;0
7;2025-11-03;4;0
7;2025-11-03;5;60
7;2025-11-03;6;256
7;2025-11-03;7;414
7;2025-11-03;8;557
7;2025-11-03;9;620
7;2025-11-03;10;689
7;2025-11-03;11;814
7;2025-11-03;12;1040
7;2025-11-03;13;1015
7;2025-11-03;14;1076
7;2025-11-03;15;1097
7;2025-11-03;16;1018
7;2025-11-03;17;1064
7;2025-11-03;18;989
7;2025-11-03;19;824
7;2025-11-03;20;576
7;2025-11-03;21;524
7;2025-11-03;22;311
7;2025-11-03;23;168
7;2025-11-04;0;91
7;2025-11-04;1;41
7;2025-11-04;2;6
7;2025-11-04;3;3
7;2025-11-04;4;0
7;2025-11-04;5;71
7;2025-11-04;6;244
7;2025-11-04;7;388
7;2025-11-04;8;617
7;2025-11-04;9;602
7;2025-11-04;10;642
7;2025-11-04;11;868
7;2025-11-04;12;1043
7;2025-11-04;13;1121
7;2025-11-04;14;1133
7;2025-11-04;15;1120
7;2025-11-04;16;994
7;2025-11-04;17;1032
7;2025-11-04;18;992
7;2025-11-04;19;864
7;2025-11-04;20;597
7;2025-11-04;21;561
7;2025-11-04;22;328
7;2025-11-04;23;161
7;2025-11-05;0;60
7;2025-11-05;1;11
7;2025-11-05;2;0
7;2025-11-05;3;0
7;2025-11-05;4;0
7;2025-11-05;5;198
7;2025-11-05;6;655
7;2025-11-05;7;1624
7;2025-11-05;8;2459
7;2025-11-05;9;1839
7;2025-11-05;10;1614
7;2025-11-05;11;1460
7;2025-11-05;12;1548
7;2025-11-05;13;1543
7;2025-11-05;14;1569
7;2025-11-05;15;1705
7;2025-11-05;16;1769
7;2025-11-05;17;2237
7;2025-11-05;18;2447
7;2025-11-05;19;1691
7;2025-11-05;20;1050
7;2025-11-05;21;632
7;2025-11-05;22;354
7;2025-11-05;23;207
7;2025-11-06;0;64
7;2025-11-06;1;14
7;2025-11-06;2;0
7;2025-11-06;3;0
7;2025-11-06;4;1
7;2025-11-06;5;200
7;2025-11-06;6;657
7;2025-11-06;7;1632
7;2025-11-06;8;2408
7;2025-11-06;9;1802
7;2025-11-06;10;1571
7;2025-11-06;11;1444
7;2025-11-06;12;1535
7;2025-11-06;13;1534
7;2025-11-06;14;1569
7;2025-11-06;15;1658
7;2025-11-06;16;1752
7;2025-11-06;17;2161
7;2025-11-06;18;2489
7;2025-11-06;19;1721
7;2025-11-06;20;1040
7;2025-11-06;21;616
7;2025-11-06;22;338
7;2025-11-06;23;208
7;2025-11-07;0;70
7;2025-11-07;1;12
7;2025-11-07;2;0
7;2025-11-07;3;0
7;2025-11-07;4;1
7;2025-11-07;5;198
7;2025-11-07;6;620
7;2025-11-07;7;1570
7;2025-11-07;8;2254
7;2025-11-07;9;1730
7;2025-11-07;10;1505
7;2025-11-07;11;1449
7;2025-11-07;12;1544
7;2025-11-07;13;1608
7;2025-11-07;14;1636
7;2025-11-07;15;1766
7;2025-11-07;16;1943
7;2025-11-07;17;2153
7;2025-11-07;18;1991
7;2025-11-07;19;1432
7;2025-11-07;20;945
7;2025-11-07;21;594
7;2025-11-07;22;366
7;2025-11-07;23;228
7;2025-11-08;0;93
7;2025-11-08;1;21
7;2025-11-08;2;0
7;2025-11-08;3;0
7;2025-11-08;4;0
7;2025-11-08;5;50
7;2025-11-08;6;244
7;2025-11-08;7;411
7;2025-11-08;8;635
7;2025-11-08;9;640
7;2025-11-08;10;636
7;2025-11-08;11;780
7;2025-11-08;12;899
7;2025-11-08;13;918
7;2025-11-08;14;934
7;2025-11-08;15;907
7;2025-11-08;16;815
7;2025-11-08;17;798
7;2025-11-08;18;842
7;2025-11-08;19;773
7;2025-11-08;20;606
7;2025-11-08;21;460
7;2025-11-08;22;283
7;2025-11-08;23;179
7;2025-11-09;0;95
7;2025-11-09;1;18
7;2025-11-09;2;0
7;2025-11-09;3;0
7;2025-11-09;4;0
7;2025-11-09;5;33
7;2025-11-09;6;168
7;2025-11-09;7;285
7;2025-11-09;8;442
7;2025-11-09;9;533
7;2025-11-09;10;556
7;2025-11-09;11;724
7;2025-11-09;12;763
7;2025-11-09;13;782
7;2025-11-09;14;805
7;2025-11-09;15;791
7;2025-11-09;16;703
7;2025-11-09;17;722
7;2025-11-09;18;755
7;2025-11-09;19;647
7;2025-11-09;20;516
7;2025-11-09;21;435
7;2025-11-09;22;243
7;2025-11-09;23;139
7;2025-11-10;0;64
7;2025-11-10;1;7
7;2025-11-10;2;0
7;2025-11-10;3;0
7;2025-11-10;4;0
7;2025-11-10;5;190
7;2025-11-10;6;657
7;2025-11-10;7;1600
7;2025-11-10;8;2352
7;2025-11-10;9;1774
7;2025-11-10;10;1510
7;2025-11-10;11;1347
7;2025-11-10;12;1477
7;2025-11-10;13;1447
7;2025-11-10;14;1514
7;2025-11-10;15;1643
7;2025-11-10;16;1745
7;2025-11-10;17;2174
7;2025-11-10;18;2453
7;2025-11-10;19;1694
7;2025-11-10;20;1028
7;2025-11-10;21;573
7;2025-11-10;22;297
7;2025-11-10;23;180
7;2025-11-11;0;56
7;2025-11-11;1;10
7;2025-11-11;2;0
7;2025-11-11;3;0
7;2025-11-11;4;2
7;2025-11-11;5;207
7;2025-11-11;6;676
7;2025-11-11;7;1649
7;2025-11-11;8;2405
7;2025-11-11;9;1794
7;2025-11-11;10;1573
7;2025-11-11;11;1456
7;2025-11-11;12;1522
7;2025-11-11;13;1529
7;2025-11-11;14;1533
7;2025-11-11;15;1679
7;2025-11-11;16;1741
7;2025-11-11;17;2185
7;2025-11-11;18;2464
7;2025-11-11;19;1758
7;2025-11-11;20;1012
7;2025-11-11;21;611
7;2025-11-11;22;332
7;2025-11-11;23;183
7;2025-11-12;0;61
7;2025-11-12;1;11
7;2025-11-12;2;0
7;2025-11-12;3;0
7;2025-11-12;4;0
7;2025-11-12;5;201
7;2025-11-12;6;650
7;2025-11-12;7;1619
7;2025-11-12;8;2427
7;2025-11-12;9;1827
7;2025-11-12;10;1600
7;2025-11-12;11;1454
7;2025-11-12;12;1546
7;2025-11-12;13;1536
7;2025-11-12;14;1556
7;2025-11-12;15;1695
7;2025-11-12;16;1758
7;2025-11-12;17;2214
7;2025-11-12;18;2452
7;2025-11-12;19;1713
7;2025-11-12;20;1018
7;2025-11-12;21;613
7;2025-11-12;22;356
7;2025-11-12;23;207
7;2025-11-13;0;66
7;2025-11-13;1;14
7;2025-11-13;2;0
7;2025-11-13;3;0
7;2025-11-13;4;1
7;2025-11-13;5;202
7;2025-11-13;6;659
7;2025-11-13;7;1627
7;2025-11-13;8;2391
7;2025-11-13;9;1792
7;2025-11-13;10;1567
7;2025-11-13;11;1459
7;2025-11-13;12;1542
7;2025-11-13;13;1547
7;2025-11-13;14;1582
7;2025-11-13;15;1670
7;2025-11-13;16;1764
7;2025-11-13;17;2172
7;2025-11-13;18;2512
7;2025-11-13;19;1732
7;2025-11-13;20;1026
7;2025-11-13;21;617
7;2025-11-13;22;342
7;2025-11-13;23;211
7;2025-11-14;0;71
7;2025-11-14;1;13
7;2025-11-14;2;0
7;2025-11-14;3;0
7;2025-11-14;4;1
7;2025-11-14;5;200
7;2025-11-14;6;621
7;2025-11-14;7;1572
7;2025-11-14;8;2261
7;2025-11-14;9;1738
7;2025-11-14;10;1507
7;2025-11-14;11;1451
7;2025-11-14;12;1548
7;2025-11-14;13;1612
7;2025-11-14;14;1638
7;2025-11-14;15;1769
7;2025-11-14;16;1944
7;2025-11-14;17;2161
7;2025-11-14;18;2001
7;2025-11-14;19;1438
7;2025-11-14;20;929
7;2025-11-14;21;594
7;2025-11-14;22;368
7;2025-11-14;23;230
7;2025-11-15;0;97
7;2025-11-15;1;23
7;2025-11-15;2;0
7;2025-11-15;3;0
7;2025-11-15;4;1
7;2025-11-15;5;53
7;2025-11-15;6;252
7;2025-11-15;7;440
7;2025-11-15;8;656
7;2025-11-15;9;656
7;2025-11-15;10;651
7;2025-11-15;11;788
7;2025-11-15;12;908
7;2025-11-15;13;932
7;2025-11-15;14;945
7;2025-11-15;15;912
7;2025-11-15;16;820
7;2025-11-15;17;800
7;2025-11-15;18;854
7;2025-11-15;19;780
7;2025-11-15;20;625
7;2025-11-15;21;486
7;2025-11-15;22;298
7;2025-11-15;23;190
7;2025-11-16;0;100
7;2025-11-16;1;25
7;2025-11-16;2;0
7;2025-11-16;3;0
7;2025-11-16;4;0
7;2025-11-16;5;35
7;2025-11-16;6;171
7;2025-11-16;7;292
7;2025-11-16;8;446
7;2025-11-16;9;560
7;2025-11-16;10;596
7;2025-11-16;11;750
7;2025-11-16;12;801
7;2025-11-16;13;816
7;2025-11-16;14;845
7;2025-11-16;15;827
7;2025-11-16;16;736
7;2025-11-16;17;742
7;2025-11-16;18;760
7;2025-11-16;19;661
7;2025-11-16;20;534
7;2025-11-16;21;456
7;2025-11-16;22;256
7;2025-11-16;23;157
7;2025-11-17;0;75
7;2025-11-17;1;16
7;2025-11-17;2;0
7;2025-11-17;3;0
7;2025-11-17;4;1
7;2025-11-17;5;198
7;2025-11-17;6;668
7;2025-11-17;7;1617
7;2025-11-17;8;2373
7;2025-11-17;9;1793
7;2025-11-17;10;1534
7;2025-11-17;11;1371
7;2025-11-17;12;1502
7;2025-11-17;13;1470
7;2025-11-17;14;1529
7;2025-11-17;15;1658
7;2025-11-17;16;1759
7;2025-11-17;17;2189
7;2025-11-17;18;2469
7;2025-11-17;19;1708
7;2025-11-17;20;1027
7;2025-11-17;21;582
7;2025-11-17;22;305
7;2025-11-17;23;185
7;2025-11-18;0;57
7;2025-11-18;1;11
7;2025-11-18;2;0
7;2025-11-18;3;0
7;2025-11-18;4;2
7;2025-11-18;5;209
7;2025-11-18;6;680
7;2025-11-18;7;1659
7;2025-11-18;8;2422
7;2025-11-18;9;1810
7;2025-11-18;10;1588
7;2025-11-18;11;1469
7;2025-11-18;12;1535
7;2025-11-18;13;1546
7;2025-11-18;14;1545
7;2025-11-18;15;1691
7;2025-11-18;16;1754
7;2025-11-18;17;2202
7;2025-11-18;18;2482
7;2025-11-18;19;1771
7;2025-11-18;20;1027
7;2025-11-18;21;621
7;2025-11-18;22;341
7;2025-11-18;23;190
7;2025-11-19;0;62
7;2025-11-19;1;12
7;2025-11-19;2;0
7;2025-11-19;3;0
7;2025-11-19;4;1
7;2025-11-19;5;203
7;2025-11-19;6;652
7;2025-11-19;7;1618
7;2025-11-19;8;2441
7;2025-11-19;9;1836
7;2025-11-19;10;1605
7;2025-11-19;11;1467
7;2025-11-19;12;1558
7;2025-11-19;13;1550
7;2025-11-19;14;1560
7;2025-11-19;15;1698
7;2025-11-19;16;1765
7;2025-11-19;17;2233
7;2025-11-19;18;2474
7;2025-11-19;19;1722
7;2025-11-19;20;1032
7;2025-11-19;21;624
7;2025-11-19;22;363
7;2025-11-19;23;212
7;2025-11-20;0;68
7;2025-11-20;1;14
7;2025-11-20;2;0
7;2025-11-20;3;0
7;2025-11-20;4;2
7;2025-11-20;5;203
7;2025-11-20;6;663
7;2025-11-20;7;1623
7;2025-11-20;8;2390
7;2025-11-20;9;1792
7;2025-11-20;10;1565
7;2025-11-20;11;1456
7;2025-11-20;12;1539
7;2025-11-20;13;1557
7;2025-11-20;14;1579
7;2025-11-20;15;1668
7;2025-11-20;16;1761
7;2025-11-20;17;2183
7;2025-11-20;18;2513
7;2025-11-20;19;1732
7;2025-11-20;20;1034
7;2025-11-20;21;621
7;2025-11-20;22;347
7;2025-11-20;23;214
7;2025-11-21;0;72
7;2025-11-21;1;13
7;2025-11-21;2;0
7;2025-11-21;3;0
7;2025-11-21;4;2
7;2025-11-21;5;201
7;2025-11-21;6;628
7;2025-11-21;7;1577
7;2025-11-21;8;2269
7;2025-11-21;9;1745
7;2025-11-21;10;1517
7;2025-11-21;11;1460
7;2025-11-21;12;1557
7;2025-11-21;13;1611
7;2025-11-21;14;1638
7;2025-11-21;15;1769
7;2025-11-21;16;1956
7;2025-11-21;17;2162
7;2025-11-21;18;2002
7;2025-11-21;19;1447
7;2025-11-21;20;938
7;2025-11-21;21;601
7;2025-11-21;22;374
7;2025-11-21;23;234
7;2025-11-22;0;96
7;2025-11-22;1;24
7;2025-11-22;2;0
7;2025-11-22;3;0
7;2025-11-22;4;1
7;2025-11-22;5;53
7;2025-11-22;6;248
7;2025-11-22;7;436
7;2025-11-22;8;651
7;2025-11-22;9;658
7;2025-11-22;10;655
7;2025-11-22;11;777
7;2025-11-22;12;899
7;2025-11-22;13;922
7;2025-11-22;14;936
7;2025-11-22;15;909
7;2025-11-22;16;815
7;2025-11-22;17;793
7;2025-11-22;18;847
7;2025-11-22;19;775
7;2025-11-22;20;621
7;2025-11-22;21;482
7;2025-11-22;22;293
7;2025-11-22;23;188
7;2025-11-23;0;95
7;2025-11-23;1;20
7;2025-11-23;2;0
7;2025-11-23;3;0
7;2025-11-23;4;0
7;2025-11-23;5;31
7;2025-11-23;6;167
7;2025-11-23;7;280
7;2025-11-23;8;438
7;2025-11-23;9;537
7;2025-11-23;10;578
7;2025-11-23;11;731
7;2025-11-23;12;774
7;2025-11-23;13;796
7;2025-11-23;14;823
7;2025-11-23;15;801
7;2025-11-23;16;713
7;2025-11-23;17;732
7;2025-11-23;18;755
7;2025-11-23;19;643
7;2025-11-23;20;528
7;2025-11-23;21;445
7;2025-11-23;22;251
7;2025-11-23;23;156
7;2025-11-24;0;74
7;2025-11-24;1;12
7;2025-11-24;2;0
7;2025-11-24;3;0
7;2025-11-24;4;0
7;2025-11-24;5;201
7;2025-11-24;6;673
7;2025-11-24;7;1617
7;2025-11-24;8;2362
7;2025-11-24;9;1790
7;2025-11-24;10;1534
7;2025-11-24;11;1371
7;2025-11-24;12;1501
7;2025-11-24;13;1469
7;2025-11-24;14;1526
7;2025-11-24;15;1653
7;2025-11-24;16;1756
7;2025-11-24;17;2181
7;2025-11-24;18;2455
7;2025-11-24;19;1704
7;2025-11-24;20;1025
7;2025-11-24;21;581
7;2025-11-24;22;303
7;2025-11-24;23;184
7;2025-11-25;0;58
7;2025-11-25;1;11
7;2025-11-25;2;0
7;2025-11-25;3;0
7;2025-11-25;4;2
7;2025-11-25;5;208
7;2025-11-25;6;680
7;2025-11-25;7;1656
7;2025-11-25;8;2374
7;2025-11-25;9;1792
7;2025-11-25;10;1583
7;2025-11-25;11;1466
7;2025-11-25;12;1535
7;2025-11-25;13;1542
7;2025-11-25;14;1519
7;2025-11-25;15;1662
7;2025-11-25;16;1727
7;2025-11-25;17;2178
7;2025-11-25;18;2433
7;2025-11-25;19;1762
7;2025-11-25;20;1028
7;2025-11-25;21;622
7;2025-11-25;22;342
7;2025-11-25;23;190
7;2025-11-26;0;63
7;2025-11-26;1;12
7;2025-11-26;2;0
7;2025-11-26;3;0
7;2025-11-26;4;0
7;2025-11-26;5;203
7;2025-11-26;6;655
7;2025-11-26;7;1608
7;2025-11-26;8;2403
7;2025-11-26;9;1774
7;2025-11-26;10;1541
7;2025-11-26;11;1451
7;2025-11-26;12;1522
7;2025-11-26;13;1522
7;2025-11-26;14;1497
7;2025-11-26;15;1632
7;2025-11-26;16;1705
7;2025-11-26;17;2172
7;2025-11-26;18;2415
7;2025-11-26;19;1676
7;2025-11-26;20;1028
7;2025-11-26;21;625
7;2025-11-26;22;364
7;2025-11-26;23;212
7;2025-11-27;0;67
7;2025-11-27;1;14
7;2025-11-27;2;0
7;2025-11-27;3;0
7;2025-11-27;4;2
7;2025-11-27;5;204
7;2025-11-27;6;667
7;2025-11-27;7;1568
7;2025-11-27;8;2334
7;2025-11-27;9;1739
7;2025-11-27;10;1513
7;2025-11-27;11;1424
7;2025-11-27;12;1504
7;2025-11-27;13;1519
7;2025-11-27;14;1518
7;2025-11-27;15;1608
7;2025-11-27;16;1704
7;2025-11-27;17;2106
7;2025-11-27;18;2456
7;2025-11-27;19;1696
7;2025-11-27;20;1036
7;2025-11-27;21;623
7;2025-11-27;22;347
7;2025-11-27;23;213
7;2025-11-28;0;73
7;2025-11-28;1;12
7;2025-11-28;2;0
7;2025-11-28;3;0
7;2025-11-28;4;1
7;2025-11-28;5;202
7;2025-11-28;6;632
7;2025-11-28;7;1535
7;2025-11-28;8;2206
7;2025-11-28;9;1695
7;2025-11-28;10;1471
7;2025-11-28;11;1425
7;2025-11-28;12;1510
7;2025-11-28;13;1554
7;2025-11-28;14;1583
7;2025-11-28;15;1709
7;2025-11-28;16;1896
7;2025-11-28;17;2098
7;2025-11-28;18;1949
7;2025-11-28;19;1440
7;2025-11-28;20;931
7;2025-11-28;21;600
7;2025-11-28;22;371
7;2025-11-28;23;230
7;2025-11-29;0;96
7;2025-11-29;1;22
7;2025-11-29;2;0
7;2025-11-29;3;0
7;2025-11-29;4;1
7;2025-11-29;5;51
7;2025-11-29;6;247
7;2025-11-29;7;429
7;2025-11-29;8;649
7;2025-11-29;9;654
7;2025-11-29;10;655
7;2025-11-29;11;785
7;2025-11-29;12;909
7;2025-11-29;13;938
7;2025-11-29;14;937
7;2025-11-29;15;920
7;2025-11-29;16;821
7;2025-11-29;17;798
7;2025-11-29;18;850
7;2025-11-29;19;779
7;2025-11-29;20;617
7;2025-11-29;21;476
7;2025-11-29;22;294
7;2025-11-29;23;186
7;2025-11-30;0;98
7;2025-11-30;1;21
7;2025-11-30;2;0
7;2025-11-30;3;0
7;2025-11-30;4;0
7;2025-11-30;5;33
7;2025-11-30;6;169
7;2025-11-30;7;282
7;2025-11-30;8;439
7;2025-11-30;9;538
7;2025-11-30;10;580
7;2025-11-30;11;735
7;2025-11-30;12;780
7;2025-11-30;13;806
7;2025-11-30;14;834
7;2025-11-30;15;810
7;2025-11-30;16;717
7;2025-11-30;17;736
7;2025-11-30;18;755
7;2025-11-30;19;638
7;2025-11-30;20;523
7;2025-11-30;21;435
7;2025-11-30;22;250
7;2025-11-30;23;153
7;2025-12-01;0;73
7;2025-12-01;1;12
7;2025-12-01;2;0
7;2025-12-01;3;0
7;2025-12-01;4;0
7;2025-12-01;5;199
7;2025-12-01;6;675
7;2025-12-01;7;1576
7;2025-12-01;8;2326
7;2025-12-01;9;1746
7;2025-12-01;10;1493
7;2025-12-01;11;1364
7;2025-12-01;12;1469
7;2025-12-01;13;1451
7;2025-12-01;14;1475
7;2025-12-01;15;1602
7;2025-12-01;16;1698
7;2025-12-01;17;2154
7;2025-12-01;18;2455
7;2025-12-01;19;1690
7;2025-12-01;20;1008
7;2025-12-01;21;578
7;2025-12-01;22;304
7;2025-12-01;23;184
7;2025-12-02;0;59
7;2025-12-02;1;12
7;2025-12-02;2;0
7;2025-12-02;3;0
7;2025-12-02;4;2
7;2025-12-02;5;207
7;2025-12-02;6;680
7;2025-12-02;7;1603
7;2025-12-02;8;2368
7;2025-12-02;9;1745
7;2025-12-02;10;1525
7;2025-12-02;11;1435
7;2025-12-02;12;1493
7;2025-12-02;13;1485
7;2025-12-02;14;1475
7;2025-12-02;15;1616
7;2025-12-02;16;1684
7;2025-12-02;17;2167
7;2025-12-02;18;2442
7;2025-12-02;19;1748
7;2025-12-02;20;1019
7;2025-12-02;21;619
7;2025-12-02;22;340
7;2025-12-02;23;188
7;2025-12-03;0;63
7;2025-12-03;1;12
7;2025-12-03;2;0
7;2025-12-03;3;0
7;2025-12-03;4;0
7;2025-12-03;5;201
7;2025-12-03;6;654
7;2025-12-03;7;1557
7;2025-12-03;8;2388
7;2025-12-03;9;1770
7;2025-12-03;10;1534
7;2025-12-03;11;1435
7;2025-12-03;12;1505
7;2025-12-03;13;1506
7;2025-12-03;14;1491
7;2025-12-03;15;1629
7;2025-12-03;16;1706
7;2025-12-03;17;2185
7;2025-12-03;18;2426
7;2025-12-03;19;1680
7;2025-12-03;20;1023
7;2025-12-03;21;620
7;2025-12-03;22;362
7;2025-12-03;23;210
7;2025-12-04;0;68
7;2025-12-04;1;15
7;2025-12-04;2;0
7;2025-12-04;3;0
7;2025-12-04;4;2
7;2025-12-04;5;201
7;2025-12-04;6;664
7;2025-12-04;7;1559
7;2025-12-04;8;2346
7;2025-12-04;9;1731
7;2025-12-04;10;1501
7;2025-12-04;11;1412
7;2025-12-04;12;1493
7;2025-12-04;13;1500
7;2025-12-04;14;1510
7;2025-12-04;15;1599
7;2025-12-04;16;1701
7;2025-12-04;17;2110
7;2025-12-04;18;2474
7;2025-12-04;19;1695
7;2025-12-04;20;1032
7;2025-12-04;21;624
7;2025-12-04;22;345
7;2025-12-04;23;212
7;2025-12-05;0;74
7;2025-12-05;1;13
7;2025-12-05;2;0
7;2025-12-05;3;0
7;2025-12-05;4;1
7;2025-12-05;5;203
7;2025-12-05;6;633
7;2025-12-05;7;1524
7;2025-12-05;8;2218
7;2025-12-05;9;1692
7;2025-12-05;10;1460
7;2025-12-05;11;1414
7;2025-12-05;12;1499
7;2025-12-05;13;1549
7;2025-12-05;14;1580
7;2025-12-05;15;1707
7;2025-12-05;16;1891
7;2025-12-05;17;2106
7;2025-12-05;18;1957
7;2025-12-05;19;1447
7;2025-12-05;20;936
7;2025-12-05;21;604
7;2025-12-05;22;373
7;2025-12-05;23;233
7;2025-12-06;0;97
7;2025-12-06;1;23
7;2025-12-06;2;0
7;2025-12-06;3;0
7;2025-12-06;4;1
7;2025-12-06;5;52
7;2025-12-06;6;248
7;2025-12-06;7;428
7;2025-12-06;8;649
7;2025-12-06;9;645
7;2025-12-06;10;645
7;2025-12-06;11;795
7;2025-12-06;12;916
7;2025-12-06;13;945
7;2025-12-06;14;946
7;2025-12-06;15;925
7;2025-12-06;16;826
7;2025-12-06;17;804
7;2025-12-06;18;853
7;2025-12-06;19;781
7;2025-12-06;20;620
7;2025-12-06;21;479
7;2025-12-06;22;294
7;2025-12-06;23;187
7;2025-12-07;0;99
7;2025-12-07;1;21
7;2025-12-07;2;0
7;2025-12-07;3;0
7;2025-12-07;4;0
7;2025-12-07;5;33
7;2025-12-07;6;169
7;2025-12-07;7;285
7;2025-12-07;8;441
7;2025-12-07;9;540
7;2025-12-07;10;581
7;2025-12-07;11;736
7;2025-12-07;12;783
7;2025-12-07;13;809
7;2025-12-07;14;838
7;2025-12-07;15;815
7;2025-12-07;16;719
7;2025-12-07;17;738
7;2025-12-07;18;760
7;2025-12-07;19;639
7;2025-12-07;20;526
7;2025-12-07;21;436
7;2025-12-07;22;246
7;2025-12-07;23;150
7;2025-12-08;0;72
7;2025-12-08;1;11
7;2025-12-08;2;0
7;2025-12-08;3;0
7;2025-12-08;4;0
7;2025-12-08;5;200
7;2025-12-08;6;675
7;2025-12-08;7;1578
7;2025-12-08;8;2328
7;2025-12-08;9;1745
7;2025-12-08;10;1500
7;2025-12-08;11;1368
7;2025-12-08;12;1474
7;2025-12-08;13;1456
7;2025-12-08;14;1479
7;2025-12-08;15;1602
7;2025-12-08;16;1697
7;2025-12-08;17;2158
7;2025-12-08;18;2457
7;2025-12-08;19;1692
7;2025-12-08;20;1025
7;2025-12-08;21;582
7;2025-12-08;22;303
7;2025-12-08;23;183
7;2025-12-09;0;59
7;2025-12-09;1;12
7;2025-12-09;2;0
7;2025-12-09;3;0
7;2025-12-09;4;2
7;2025-12-09;5;210
7;2025-12-09;6;682
7;2025-12-09;7;1605
7;2025-12-09;8;2378
7;2025-12-09;9;1751
7;2025-12-09;10;1528
7;2025-12-09;11;1440
7;2025-12-09;12;1497
7;2025-12-09;13;1488
7;2025-12-09;14;1485
7;2025-12-09;15;1626
7;2025-12-09;16;1696
7;2025-12-09;17;2175
7;2025-12-09;18;2447
7;2025-12-09;19;1749
7;2025-12-09;20;1023
7;2025-12-09;21;617
7;2025-12-09;22;341
7;2025-12-09;23;189
7;2025-12-10;0;63
7;2025-12-10;1;13
7;2025-12-10;2;0
7;2025-12-10;3;0
7;2025-12-10;4;1
7;2025-12-10;5;203
7;2025-12-10;6;658
7;2025-12-10;7;1562
7;2025-12-10;8;2395
7;2025-12-10;9;1777
7;2025-12-10;10;1540
7;2025-12-10;11;1440
7;2025-12-10;12;1510
7;2025-12-10;13;1511
7;2025-12-10;14;1496
7;2025-12-10;15;1634
7;2025-12-10;16;1712
7;2025-12-10;17;2188
7;2025-12-10;18;2434
7;2025-12-10;19;1682
7;2025-12-10;20;1028
7;2025-12-10;21;619
7;2025-12-10;22;362
7;2025-12-10;23;211
7;2025-12-11;0;68
7;2025-12-11;1;15
7;2025-12-11;2;0
7;2025-12-11;3;0
7;2025-12-11;4;1
7;2025-12-11;5;204
7;2025-12-11;6;670
7;2025-12-11;7;1570
7;2025-12-11;8;2357
7;2025-12-11;9;1734
7;2025-12-11;10;1507
7;2025-12-11;11;1412
7;2025-12-11;12;1493
7;2025-12-11;13;1504
7;2025-12-11;14;1516
7;2025-12-11;15;1606
7;2025-12-11;16;1705
7;2025-12-11;17;2119
7;2025-12-11;18;2488
7;2025-12-11;19;1697
7;2025-12-11;20;1034
7;2025-12-11;21;623
7;2025-12-11;22;346
7;2025-12-11;23;212
7;2025-12-12;0;74
7;2025-12-12;1;13
7;2025-12-12;2;0
7;2025-12-12;3;0
7;2025-12-12;4;1
7;2025-12-12;5;202
7;2025-12-12;6;636
7;2025-12-12;7;1527
7;2025-12-12;8;2218
7;2025-12-12;9;1692
7;2025-12-12;10;1461
7;2025-12-12;11;1412
7;2025-12-12;12;1498
7;2025-12-12;13;1554
7;2025-12-12;14;1585
7;2025-12-12;15;1708
7;2025-12-12;16;1884
7;2025-12-12;17;2105
7;2025-12-12;18;1952
7;2025-12-12;19;1454
7;2025-12-12;20;939
7;2025-12-12;21;602
7;2025-12-12;22;370
7;2025-12-12;23;232
7;2025-12-13;0;97
7;2025-12-13;1;23
7;2025-12-13;2;0
7;2025-12-13;3;0
7;2025-12-13;4;1
7;2025-12-13;5;53
7;2025-12-13;6;249
7;2025-12-13;7;420
7;2025-12-13;8;651
7;2025-12-13;9;655
7;2025-12-13;10;658
7;2025-12-13;11;787
7;2025-12-13;12;920
7;2025-12-13;13;940
7;2025-12-13;14;942
7;2025-12-13;15;928
7;2025-12-13;16;830
7;2025-12-13;17;805
7;2025-12-13;18;847
7;2025-12-13;19;770
7;2025-12-13;20;608
7;2025-12-13;21;478
7;2025-12-13;22;295
7;2025-12-13;23;187
7;2025-12-14;0;98
7;2025-12-14;1;21
7;2025-12-14;2;0
7;2025-12-14;3;0
7;2025-12-14;4;0
7;2025-12-14;5;35
7;2025-12-14;6;171
7;2025-12-14;7;287
7;2025-12-14;8;449
7;2025-12-14;9;547
7;2025-12-14;10;599
7;2025-12-14;11;758
7;2025-12-14;12;809
7;2025-12-14;13;830
7;2025-12-14;14;859
7;2025-12-14;15;837
7;2025-12-14;16;747
7;2025-12-14;17;760
7;2025-12-14;18;770
7;2025-12-14;19;647
7;2025-12-14;20;531
7;2025-12-14;21;444
7;2025-12-14;22;252
7;2025-12-14;23;157
7;2025-12-15;0;78
7;2025-12-15;1;12
7;2025-12-15;2;0
7;2025-12-15;3;0
7;2025-12-15;4;0
7;2025-12-15;5;207
7;2025-12-15;6;686
7;2025-12-15;7;1587
7;2025-12-15;8;2339
7;2025-12-15;9;1750
7;2025-12-15;10;1511
7;2025-12-15;11;1383
7;2025-12-15;12;1487
7;2025-12-15;13;1468
7;2025-12-15;14;1492
7;2025-12-15;15;1614
7;2025-12-15;16;1706
7;2025-12-15;17;2158
7;2025-12-15;18;2463
7;2025-12-15;19;1692
7;2025-12-15;20;1030
7;2025-12-15;21;586
7;2025-12-15;22;306
7;2025-12-15;23;187
7;2025-12-16;0;62
7;2025-12-16;1;12
7;2025-12-16;2;0
7;2025-12-16;3;0
7;2025-12-16;4;2
7;2025-12-16;5;210
7;2025-12-16;6;687
7;2025-12-16;7;1604
7;2025-12-16;8;2392
7;2025-12-16;9;1745
7;2025-12-16;10;1529
7;2025-12-16;11;1445
7;2025-12-16;12;1504
7;2025-12-16;13;1489
7;2025-12-16;14;1479
7;2025-12-16;15;1618
7;2025-12-16;16;1690
7;2025-12-16;17;2169
7;2025-12-16;18;2453
7;2025-12-16;19;1739
7;2025-12-16;20;1025
7;2025-12-16;21;618
7;2025-12-16;22;342
7;2025-12-16;23;190
7;2025-12-17;0;63
7;2025-12-17;1;13
7;2025-12-17;2;0
7;2025-12-17;3;0
7;2025-12-17;4;1
7;2025-12-17;5;204
7;2025-12-17;6;665
7;2025-12-17;7;1557
7;2025-12-17;8;2407
7;2025-12-17;9;1774
7;2025-12-17;10;1537
7;2025-12-17;11;1442
7;2025-12-17;12;1511
7;2025-12-17;13;1517
7;2025-12-17;14;1495
7;2025-12-17;15;1633
7;2025-12-17;16;1707
7;2025-12-17;17;2196
7;2025-12-17;18;2445
7;2025-12-17;19;1675
7;2025-12-17;20;1029
7;2025-12-17;21;619
7;2025-12-17;22;363
7;2025-12-17;23;211
7;2025-12-18;0;67
7;2025-12-18;1;16
7;2025-12-18;2;0
7;2025-12-18;3;0
7;2025-12-18;4;2
7;2025-12-18;5;204
7;2025-12-18;6;673
7;2025-12-18;7;1557
7;2025-12-18;8;2365
7;2025-12-18;9;1734
7;2025-12-18;10;1502
7;2025-12-18;11;1412
7;2025-12-18;12;1494
7;2025-12-18;13;1504
7;2025-12-18;14;1511
7;2025-12-18;15;1602
7;2025-12-18;16;1702
7;2025-12-18;17;2129
7;2025-12-18;18;2501
7;2025-12-18;19;1688
7;2025-12-18;20;1029
7;2025-12-18;21;622
7;2025-12-18;22;346
7;2025-12-18;23;212
7;2025-12-19;0;71
7;2025-12-19;1;13
7;2025-12-19;2;0
7;2025-12-19;3;0
7;2025-12-19;4;1
7;2025-12-19;5;202
7;2025-12-19;6;642
7;2025-12-19;7;1527
7;2025-12-19;8;2230
7;2025-12-19;9;1696
7;2025-12-19;10;1464
7;2025-12-19;11;1411
7;2025-12-19;12;1496
7;2025-12-19;13;1541
7;2025-12-19;14;1572
7;2025-12-19;15;1696
7;2025-12-19;16;1887
7;2025-12-19;17;2109
7;2025-12-19;18;1956
7;2025-12-19;19;1441
7;2025-12-19;20;935
7;2025-12-19;21;602
7;2025-12-19;22;361
7;2025-12-19;23;229
7;2025-12-20;0;94
7;2025-12-20;1;23
7;2025-12-20;2;0
7;2025-12-20;3;0
7;2025-12-20;4;1
7;2025-12-20;5;55
7;2025-12-20;6;251
7;2025-12-20;7;420
7;2025-12-20;8;674
7;2025-12-20;9;687
7;2025-12-20;10;690
7;2025-12-20;11;812
7;2025-12-20;12;920
7;2025-12-20;13;942
7;2025-12-20;14;940
7;2025-12-20;15;921
7;2025-12-20;16;839
7;2025-12-20;17;825
7;2025-12-20;18;881
7;2025-12-20;19;802
7;2025-12-20;20;632
7;2025-12-20;21;484
7;2025-12-20;22;298
7;2025-12-20;23;188
7;2025-12-21;0;97
7;2025-12-21;1;21
7;2025-12-21;2;0
7;2025-12-21;3;0
7;2025-12-21;4;0
7;2025-12-21;5;36
7;2025-12-21;6;172
7;2025-12-21;7;298
7;2025-12-21;8;471
7;2025-12-21;9;569
7;2025-12-21;10;618
7;2025-12-21;11;780
7;2025-12-21;12;821
7;2025-12-21;13;841
7;2025-12-21;14;872
7;2025-12-21;15;845
7;2025-12-21;16;762
7;2025-12-21;17;779
7;2025-12-21;18;798
7;2025-12-21;19;661
7;2025-12-21;20;540
7;2025-12-21;21;452
7;2025-12-21;22;258
7;2025-12-21;23;157
7;2025-12-22;0;74
7;2025-12-22;1;12
7;2025-12-22;2;0
7;2025-12-22;3;0
7;2025-12-22;4;0
7;2025-12-22;5;199
7;2025-12-22;6;681
7;2025-12-22;7;1522
7;2025-12-22;8;2337
7;2025-12-22;9;1681
7;2025-12-22;10;1446
7;2025-12-22;11;1340
7;2025-12-22;12;1432
7;2025-12-22;13;1428
7;2025-12-22;14;1439
7;2025-12-22;15;1555
7;2025-12-22;16;1648
7;2025-12-22;17;2132
7;2025-12-22;18;2453
7;2025-12-22;19;1622
7;2025-12-22;20;990
7;2025-12-22;21;573
7;2025-12-22;22;306
7;2025-12-22;23;183
7;2025-12-23;0;62
7;2025-12-23;1;12
7;2025-12-23;2;1
7;2025-12-23;3;1
7;2025-12-23;4;1
7;2025-12-23;5;204
7;2025-12-23;6;682
7;2025-12-23;7;1547
7;2025-12-23;8;2384
7;2025-12-23;9;1687
7;2025-12-23;10;1472
7;2025-12-23;11;1394
7;2025-12-23;12;1451
7;2025-12-23;13;1438
7;2025-12-23;14;1424
7;2025-12-23;15;1558
7;2025-12-23;16;1634
7;2025-12-23;17;2145
7;2025-12-23;18;2441
7;2025-12-23;19;1667
7;2025-12-23;20;981
7;2025-12-23;21;595
7;2025-12-23;22;338
7;2025-12-23;23;187
7;2025-12-24;0;60
7;2025-12-24;1;12
7;2025-12-24;2;0
7;2025-12-24;3;0
7;2025-12-24;4;1
7;2025-12-24;5;199
7;2025-12-24;6;660
7;2025-12-24;7;1498
7;2025-12-24;8;2396
7;2025-12-24;9;1710
7;2025-12-24;10;1475
7;2025-12-24;11;1394
7;2025-12-24;12;1457
7;2025-12-24;13;1462
7;2025-12-24;14;1434
7;2025-12-24;15;1560
7;2025-12-24;16;1646
7;2025-12-24;17;2168
7;2025-12-24;18;2434
7;2025-12-24;19;1607
7;2025-12-24;20;988
7;2025-12-24;21;598
7;2025-12-24;22;357
7;2025-12-24;23;205
7;2025-12-25;0;65
7;2025-12-25;1;16
7;2025-12-25;2;0
7;2025-12-25;3;0
7;2025-12-25;4;2
7;2025-12-25;5;203
7;2025-12-25;6;665
7;2025-12-25;7;1498
7;2025-12-25;8;2340
7;2025-12-25;9;1672
7;2025-12-25;10;1440
7;2025-12-25;11;1372
7;2025-12-25;12;1442
7;2025-12-25;13;1448
7;2025-12-25;14;1448
7;2025-12-25;15;1540
7;2025-12-25;16;1641
7;2025-12-25;17;2089
7;2025-12-25;18;2475
7;2025-12-25;19;1622
7;2025-12-25;20;990
7;2025-12-25;21;599
7;2025-12-25;22;345
7;2025-12-25;23;211
7;2025-12-26;0;70
7;2025-12-26;1;14
7;2025-12-26;2;0
7;2025-12-26;3;0
7;2025-12-26;4;2
7;2025-12-26;5;202
7;2025-12-26;6;633
7;2025-12-26;7;1468
7;2025-12-26;8;2214
7;2025-12-26;9;1634
7;2025-12-26;10;1428
7;2025-12-26;11;1373
7;2025-12-26;12;1458
7;2025-12-26;13;1502
7;2025-12-26;14;1532
7;2025-12-26;15;1655
7;2025-12-26;16;1833
7;2025-12-26;17;2088
7;2025-12-26;18;1955
7;2025-12-26;19;1401
7;2025-12-26;20;907
7;2025-12-26;21;584
7;2025-12-26;22;358
7;2025-12-26;23;230
7;2025-12-27;0;96
7;2025-12-27;1;24
7;2025-12-27;2;0
7;2025-12-27;3;0
7;2025-12-27;4;1
7;2025-12-27;5;56
7;2025-12-27;6;251
7;2025-12-27;7;416
7;2025-12-27;8;646
7;2025-12-27;9;676
7;2025-12-27;10;669
7;2025-12-27;11;800
7;2025-12-27;12;916
7;2025-12-27;13;943
7;2025-12-27;14;953
7;2025-12-27;15;925
7;2025-12-27;16;840
7;2025-12-27;17;827
7;2025-12-27;18;876
7;2025-12-27;19;783
7;2025-12-27;20;617
7;2025-12-27;21;484
7;2025-12-27;22;301
7;2025-12-27;23;191
7;2025-12-28;0;99
7;2025-12-28;1;22
7;2025-12-28;2;0
7;2025-12-28;3;0
7;2025-12-28;4;1
7;2025-12-28;5;37
7;2025-12-28;6;172
7;2025-12-28;7;296
7;2025-12-28;8;463
7;2025-12-28;9;561
7;2025-12-28;10;608
7;2025-12-28;11;780
7;2025-12-28;12;829
7;2025-12-28;13;852
7;2025-12-28;14;883
7;2025-12-28;15;856
7;2025-12-28;16;773
7;2025-12-28;17;793
7;2025-12-28;18;800
7;2025-12-28;19;661
7;2025-12-28;20;539
7;2025-12-28;21;444
7;2025-12-28;22;256
7;2025-12-28;23;157
7;2025-12-29;0;70
7;2025-12-29;1;11
7;2025-12-29;2;0
7;2025-12-29;3;0
7;2025-12-29;4;0
7;2025-12-29;5;189
7;2025-12-29;6;681
7;2025-12-29;7;1543
7;2025-12-29;8;2382
7;2025-12-29;9;1697
7;2025-12-29;10;1449
7;2025-12-29;11;1346
7;2025-12-29;12;1442
7;2025-12-29;13;1436
7;2025-12-29;14;1452
7;2025-12-29;15;1570
7;2025-12-29;16;1664
7;2025-12-29;17;2165
7;2025-12-29;18;2475
7;2025-12-29;19;1623
7;2025-12-29;20;978
7;2025-12-29;21;557
7;2025-12-29;22;298
7;2025-12-29;23;178
7;2025-12-30;0;44
7;2025-12-30;1;9
7;2025-12-30;2;1
7;2025-12-30;3;1
7;2025-12-30;4;1
7;2025-12-30;5;183
7;2025-12-30;6;618
7;2025-12-30;7;1487
7;2025-12-30;8;2359
7;2025-12-30;9;1612
7;2025-12-30;10;1387
7;2025-12-30;11;1302
7;2025-12-30;12;1365
7;2025-12-30;13;1375
7;2025-12-30;14;1376
7;2025-12-30;15;1516
7;2025-12-30;16;1592
7;2025-12-30;17;2135
7;2025-12-30;18;2437
7;2025-12-30;19;1532
7;2025-12-30;20;914
7;2025-12-30;21;533
7;2025-12-30;22;315
7;2025-12-30;23;175
7;2025-12-31;0;49
7;2025-12-31;1;8
7;2025-12-31;2;0
7;2025-12-31;3;0
7;2025-12-31;4;0
7;2025-12-31;5;48
7;2025-12-31;6;177
7;2025-12-31;7;272
7;2025-12-31;8;476
7;2025-12-31;9;408
7;2025-12-31;10;413
7;2025-12-31;11;712
7;2025-12-31;12;799
7;2025-12-31;13;929
7;2025-12-31;14;958
7;2025-12-31;15;931
7;2025-12-31;16;930
7;2025-12-31;17;994
7;2025-12-31;18;895
7;2025-12-31;19;674
7;2025-12-31;20;555
7;2025-12-31;21;517
7;2025-12-31;22;319
7;2025-12-31;23;196
11;2025-11-01;0;95
11;2025-11-01;1;8
11;2025-11-01;2;0
11;2025-11-01;3;0
11;2025-11-01;4;2
11;2025-11-01;5;229
11;2025-11-01;6;1170
11;2025-11-01;7;1598
11;2025-11-01;8;2007
11;2025-11-01;9;1827
11;2025-11-01;10;1659
11;2025-11-01;11;1929
11;2025-11-01;12;2048
11;2025-11-01;13;2009
11;2025-11-01;14;2018
11;2025-11-01;15;2017
11;2025-11-01;16;2103
11;2025-11-01;17;2396
11;2025-11-01;18;2279
11;2025-11-01;19;1921
11;2025-11-01;20;1389
11;2025-11-01;21;887
11;2025-11-01;22;458
11;2025-11-01;23;310
11;2025-11-02;0;109
11;2025-11-02;1;11
11;2025-11-02;2;0
11;2025-11-02;3;0
11;2025-11-02;4;1
11;2025-11-02;5;107
11;2025-11-02;6;509
11;2025-11-02;7;514
11;2025-11-02;8;700
11;2025-11-02;9;926
11;2025-11-02;10;1040
11;2025-11-02;11;1489
11;2025-11-02;12;1686
11;2025-11-02;13;1569
11;2025-11-02;14;1646
11;2025-11-02;15;1719
11;2025-11-02;16;1644
11;2025-11-02;17;1756
11;2025-11-02;18;1396
11;2025-11-02;19;1162
11;2025-11-02;20;908
11;2025-11-02;21;674
11;2025-11-02;22;388
11;2025-11-02;23;254
11;2025-11-03;0;92
11;2025-11-03;1;7
11;2025-11-03;2;0
11;2025-11-03;3;0
11;2025-11-03;4;1
11;2025-11-03;5;165
11;2025-11-03;6;691
11;2025-11-03;7;646
11;2025-11-03;8;826
11;2025-11-03;9;896
11;2025-11-03;10;1069
11;2025-11-03;11;1421
11;2025-11-03;12;1567
11;2025-11-03;13;1567
11;2025-11-03;14;1588
11;2025-11-03;15;1628
11;2025-11-03;16;1561
11;2025-11-03;17;1596
11;2025-11-03;18;1451
11;2025-11-03;19;1282
11;2025-11-03;20;985
11;2025-11-03;21;724
11;2025-11-03;22;380
11;2025-11-03;23;252
11;2025-11-04;0;91
11;2025-11-04;1;28
11;2025-11-04;2;14
11;2025-11-04;3;11
11;2025-11-04;4;11
11;2025-11-04;5;182
11;2025-11-04;6;686
11;2025-11-04;7;581
11;2025-11-04;8;871
11;2025-11-04;9;915
11;2025-11-04;10;1056
11;2025-11-04;11;1424
11;2025-11-04;12;1604
11;2025-11-04;13;1569
11;2025-11-04;14;1559
11;2025-11-04;15;1594
11;2025-11-04;16;1544
11;2025-11-04;17;1623
11;2025-11-04;18;1492
11;2025-11-04;19;1272
11;2025-11-04;20;991
11;2025-11-04;21;774
11;2025-11-04;22;398
11;2025-11-04;23;251
11;2025-11-05;0;62
11;2025-11-05;1;3
11;2025-11-05;2;0
11;2025-11-05;3;0
11;2025-11-05;4;1
11;2025-11-05;5;266
11;2025-11-05;6;1294
11;2025-11-05;7;2348
11;2025-11-05;8;3130
11;2025-11-05;9;2348
11;2025-11-05;10;1876
11;2025-11-05;11;1866
11;2025-11-05;12;1889
11;2025-11-05;13;1951
11;2025-11-05;14;1914
11;2025-11-05;15;1955
11;2025-11-05;16;2127
11;2025-11-05;17;2712
11;2025-11-05;18;3030
11;2025-11-05;19;2312
11;2025-11-05;20;1528
11;2025-11-05;21;858
11;2025-11-05;22;442
11;2025-11-05;23;250
11;2025-11-06;0;71
11;2025-11-06;1;5
11;2025-11-06;2;3
11;2025-11-06;3;3
11;2025-11-06;4;3
11;2025-11-06;5;289
11;2025-11-06;6;1362
11;2025-11-06;7;2373
11;2025-11-06;8;3072
11;2025-11-06;9;2489
11;2025-11-06;10;1987
11;2025-11-06;11;1920
11;2025-11-06;12;1991
11;2025-11-06;13;2021
11;2025-11-06;14;1998
11;2025-11-06;15;2043
11;2025-11-06;16;2226
11;2025-11-06;17;2767
11;2025-11-06;18;3139
11;2025-11-06;19;2327
11;2025-11-06;20;1536
11;2025-11-06;21;883
11;2025-11-06;22;460
11;2025-11-06;23;269
11;2025-11-07;0;79
11;2025-11-07;1;10
11;2025-11-07;2;6
11;2025-11-07;3;6
11;2025-11-07;4;1
11;2025-11-07;5;269
11;2025-11-07;6;1321
11;2025-11-07;7;2302
11;2025-11-07;8;3017
11;2025-11-07;9;2333
11;2025-11-07;10;1893
11;2025-11-07;11;1850
11;2025-11-07;12;1881
11;2025-11-07;13;1941
11;2025-11-07;14;1978
11;2025-11-07;15;2110
11;2025-11-07;16;2357
11;2025-11-07;17;2803
11;2025-11-07;18;2546
11;2025-11-07;19;2095
11;2025-11-07;20;1459
11;2025-11-07;21;888
11;2025-11-07;22;478
11;2025-11-07;23;330
11;2025-11-08;0;109
11;2025-11-08;1;9
11;2025-11-08;2;0
11;2025-11-08;3;0
11;2025-11-08;4;3
11;2025-11-08;5;200
11;2025-11-08;6;767
11;2025-11-08;7;707
11;2025-11-08;8;945
11;2025-11-08;9;1107
11;2025-11-08;10;1219
11;2025-11-08;11;1676
11;2025-11-08;12;1851
11;2025-11-08;13;1756
11;2025-11-08;14;1762
11;2025-11-08;15;1767
11;2025-11-08;16;1748
11;2025-11-08;17;1808
11;2025-11-08;18;1533
11;2025-11-08;19;1431
11;2025-11-08;20;1067
11;2025-11-08;21;776
11;2025-11-08;22;425
11;2025-11-08;23;299
11;2025-11-09;0;105
11;2025-11-09;1;10
11;2025-11-09;2;0
11;2025-11-09;3;0
11;2025-11-09;4;1
11;2025-11-09;5;112
11;2025-11-09;6;517
11;2025-11-09;7;509
11;2025-11-09;8;686
11;2025-11-09;9;902
11;2025-11-09;10;1012
11;2025-11-09;11;1458
11;2025-11-09;12;1645
11;2025-11-09;13;1537
11;2025-11-09;14;1615
11;2025-11-09;15;1672
11;2025-11-09;16;1606
11;2025-11-09;17;1713
11;2025-11-09;18;1369
11;2025-11-09;19;1147
11;2025-11-09;20;903
11;2025-11-09;21;668
11;2025-11-09;22;397
11;2025-11-09;23;253
11;2025-11-10;0;69
11;2025-11-10;1;6
11;2025-11-10;2;0
11;2025-11-10;3;0
11;2025-11-10;4;2
11;2025-11-10;5;267
11;2025-11-10;6;1312
11;2025-11-10;7;2284
11;2025-11-10;8;3034
11;2025-11-10;9;2319
11;2025-11-10;10;1781
11;2025-11-10;11;1784
11;2025-11-10;12;1750
11;2025-11-10;13;1862
11;2025-11-10;14;1844
11;2025-11-10;15;1940
11;2025-11-10;16;2145
11;2025-11-10;17;2721
11;2025-11-10;18;3058
11;2025-11-10;19;2304
11;2025-11-10;20;1518
11;2025-11-10;21;852
11;2025-11-10;22;419
11;2025-11-10;23;225
11;2025-11-11;0;56
11;2025-11-11;1;1
11;2025-11-11;2;1
11;2025-11-11;3;10
11;2025-11-11;4;10
11;2025-11-11;5;275
11;2025-11-11;6;1358
11;2025-11-11;7;2379
11;2025-11-11;8;3123
11;2025-11-11;9;2401
11;2025-11-11;10;1861
11;2025-11-11;11;1828
11;2025-11-11;12;1834
11;2025-11-11;13;1918
11;2025-11-11;14;1909
11;2025-11-11;15;1964
11;2025-11-11;16;2168
11;2025-11-11;17;2755
11;2025-11-11;18;3009
11;2025-11-11;19;2288
11;2025-11-11;20;1507
11;2025-11-11;21;830
11;2025-11-11;22;414
11;2025-11-11;23;228
11;2025-11-12;0;61
11;2025-11-12;1;2
11;2025-11-12;2;0
11;2025-11-12;3;0
11;2025-11-12;4;1
11;2025-11-12;5;261
11;2025-11-12;6;1296
11;2025-11-12;7;2352
11;2025-11-12;8;3159
11;2025-11-12;9;2330
11;2025-11-12;10;1857
11;2025-11-12;11;1847
11;2025-11-12;12;1877
11;2025-11-12;13;1930
11;2025-11-12;14;1893
11;2025-11-12;15;1934
11;2025-11-12;16;2110
11;2025-11-12;17;2726
11;2025-11-12;18;3046
11;2025-11-12;19;2335
11;2025-11-12;20;1540
11;2025-11-12;21;859
11;2025-11-12;22;437
11;2025-11-12;23;235
11;2025-11-13;0;63
11;2025-11-13;1;0
11;2025-11-13;2;0
11;2025-11-13;3;0
11;2025-11-13;4;1
11;2025-11-13;5;283
11;2025-11-13;6;1360
11;2025-11-13;7;2363
11;2025-11-13;8;3116
11;2025-11-13;9;2486
11;2025-11-13;10;1980
11;2025-11-13;11;1922
11;2025-11-13;12;1996
11;2025-11-13;13;2023
11;2025-11-13;14;1989
11;2025-11-13;15;2032
11;2025-11-13;16;2220
11;2025-11-13;17;2774
11;2025-11-13;18;3137
11;2025-11-13;19;2326
11;2025-11-13;20;1529
11;2025-11-13;21;877
11;2025-11-13;22;455
11;2025-11-13;23;259
11;2025-11-14;0;70
11;2025-11-14;1;1
11;2025-11-14;2;0
11;2025-11-14;3;0
11;2025-11-14;4;1
11;2025-11-14;5;264
11;2025-11-14;6;1317
11;2025-11-14;7;2294
11;2025-11-14;8;3065
11;2025-11-14;9;2331
11;2025-11-14;10;1889
11;2025-11-14;11;1854
11;2025-11-14;12;1892
11;2025-11-14;13;1944
11;2025-11-14;14;1988
11;2025-11-14;15;2118
11;2025-11-14;16;2370
11;2025-11-14;17;2828
11;2025-11-14;18;2572
11;2025-11-14;19;2097
11;2025-11-14;20;1468
11;2025-11-14;21;889
11;2025-11-14;22;474
11;2025-11-14;23;316
11;2025-11-15;0;112
11;2025-11-15;1;8
11;2025-11-15;2;0
11;2025-11-15;3;0
11;2025-11-15;4;2
11;2025-11-15;5;203
11;2025-11-15;6;785
11;2025-11-15;7;714
11;2025-11-15;8;944
11;2025-11-15;9;1119
11;2025-11-15;10;1233
11;2025-11-15;11;1705
11;2025-11-15;12;1896
11;2025-11-15;13;1790
11;2025-11-15;14;1803
11;2025-11-15;15;1795
11;2025-11-15;16;1773
11;2025-11-15;17;1849
11;2025-11-15;18;1567
11;2025-11-15;19;1452
11;2025-11-15;20;1087
11;2025-11-15;21;782
11;2025-11-15;22;446
11;2025-11-15;23;307
11;2025-11-16;0;110
11;2025-11-16;1;11
11;2025-11-16;2;0
11;2025-11-16;3;0
11;2025-11-16;4;1
11;2025-11-16;5;115
11;2025-11-16;6;520
11;2025-11-16;7;510
11;2025-11-16;8;676
11;2025-11-16;9;913
11;2025-11-16;10;1042
11;2025-11-16;11;1482
11;2025-11-16;12;1648
11;2025-11-16;13;1548
11;2025-11-16;14;1630
11;2025-11-16;15;1667
11;2025-11-16;16;1586
11;2025-11-16;17;1690
11;2025-11-16;18;1349
11;2025-11-16;19;1122
11;2025-11-16;20;897
11;2025-11-16;21;658
11;2025-11-16;22;386
11;2025-11-16;23;237
11;2025-11-17;0;73
11;2025-11-17;1;6
11;2025-11-17;2;0
11;2025-11-17;3;0
11;2025-11-17;4;1
11;2025-11-17;5;275
11;2025-11-17;6;1336
11;2025-11-17;7;2328
11;2025-11-17;8;3057
11;2025-11-17;9;2374
11;2025-11-17;10;1838
11;2025-11-17;11;1839
11;2025-11-17;12;1810
11;2025-11-17;13;1919
11;2025-11-17;14;1893
11;2025-11-17;15;1985
11;2025-11-17;16;2166
11;2025-11-17;17;2744
11;2025-11-17;18;3062
11;2025-11-17;19;2331
11;2025-11-17;20;1540
11;2025-11-17;21;869
11;2025-11-17;22;434
11;2025-11-17;23;234
11;2025-11-18;0;64
11;2025-11-18;1;5
11;2025-11-18;2;5
11;2025-11-18;3;13
11;2025-11-18;4;9
11;2025-11-18;5;290
11;2025-11-18;6;1377
11;2025-11-18;7;2404
11;2025-11-18;8;3146
11;2025-11-18;9;2425
11;2025-11-18;10;1890
11;2025-11-18;11;1859
11;2025-11-18;12;1866
11;2025-11-18;13;1951
11;2025-11-18;14;1943
11;2025-11-18;15;1993
11;2025-11-18;16;2187
11;2025-11-18;17;2772
11;2025-11-18;18;3021
11;2025-11-18;19;2307
11;2025-11-18;20;1531
11;2025-11-18;21;848
11;2025-11-18;22;428
11;2025-11-18;23;234
11;2025-11-19;0;65
11;2025-11-19;1;2
11;2025-11-19;2;0
11;2025-11-19;3;0
11;2025-11-19;4;1
11;2025-11-19;5;273
11;2025-11-19;6;1315
11;2025-11-19;7;2372
11;2025-11-19;8;3187
11;2025-11-19;9;2362
11;2025-11-19;10;1895
11;2025-11-19;11;1885
11;2025-11-19;12;1909
11;2025-11-19;13;1970
11;2025-11-19;14;1924
11;2025-11-19;15;1964
11;2025-11-19;16;2140
11;2025-11-19;17;2760
11;2025-11-19;18;3078
11;2025-11-19;19;2359
11;2025-11-19;20;1566
11;2025-11-19;21;881
11;2025-11-19;22;458
11;2025-11-19;23;247
11;2025-11-20;0;67
11;2025-11-20;1;0
11;2025-11-20;2;0
11;2025-11-20;3;0
11;2025-11-20;4;1
11;2025-11-20;5;289
11;2025-11-20;6;1374
11;2025-11-20;7;2384
11;2025-11-20;8;3131
11;2025-11-20;9;2511
11;2025-11-20;10;2005
11;2025-11-20;11;1941
11;2025-11-20;12;2007
11;2025-11-20;13;2038
11;2025-11-20;14;2009
11;2025-11-20;15;2045
11;2025-11-20;16;2235
11;2025-11-20;17;2790
11;2025-11-20;18;3152
11;2025-11-20;19;2343
11;2025-11-20;20;1541
11;2025-11-20;21;892
11;2025-11-20;22;470
11;2025-11-20;23;267
11;2025-11-21;0;73
11;2025-11-21;1;1
11;2025-11-21;2;0
11;2025-11-21;3;0
11;2025-11-21;4;1
11;2025-11-21;5;265
11;2025-11-21;6;1325
11;2025-11-21;7;2302
11;2025-11-21;8;3073
11;2025-11-21;9;2342
11;2025-11-21;10;1890
11;2025-11-21;11;1848
11;2025-11-21;12;1878
11;2025-11-21;13;1935
11;2025-11-21;14;1971
11;2025-11-21;15;2106
11;2025-11-21;16;2368
11;2025-11-21;17;2815
11;2025-11-21;18;2560
11;2025-11-21;19;2095
11;2025-11-21;20;1458
11;2025-11-21;21;879
11;2025-11-21;22;469
11;2025-11-21;23;312
11;2025-11-22;0;111
11;2025-11-22;1;11
11;2025-11-22;2;0
11;2025-11-22;3;0
11;2025-11-22;4;3
11;2025-11-22;5;201
11;2025-11-22;6;782
11;2025-11-22;7;712
11;2025-11-22;8;948
11;2025-11-22;9;1114
11;2025-11-22;10;1226
11;2025-11-22;11;1675
11;2025-11-22;12;1849
11;2025-11-22;13;1749
11;2025-11-22;14;1756
11;2025-11-22;15;1762
11;2025-11-22;16;1749
11;2025-11-22;17;1819
11;2025-11-22;18;1558
11;2025-11-22;19;1442
11;2025-11-22;20;1084
11;2025-11-22;21;792
11;2025-11-22;22;460
11;2025-11-22;23;320
11;2025-11-23;0;110
11;2025-11-23;1;11
11;2025-11-23;2;0
11;2025-11-23;3;0
11;2025-11-23;4;1
11;2025-11-23;5;116
11;2025-11-23;6;526
11;2025-11-23;7;516
11;2025-11-23;8;693
11;2025-11-23;9;923
11;2025-11-23;10;1036
11;2025-11-23;11;1479
11;2025-11-23;12;1664
11;2025-11-23;13;1562
11;2025-11-23;14;1636
11;2025-11-23;15;1690
11;2025-11-23;16;1625
11;2025-11-23;17;1733
11;2025-11-23;18;1389
11;2025-11-23;19;1160
11;2025-11-23;20;924
11;2025-11-23;21;688
11;2025-11-23;22;413
11;2025-11-23;23;267
11;2025-11-24;0;78
11;2025-11-24;1;9
11;2025-11-24;2;0
11;2025-11-24;3;0
11;2025-11-24;4;3
11;2025-11-24;5;283
11;2025-11-24;6;1342
11;2025-11-24;7;2317
11;2025-11-24;8;3070
11;2025-11-24;9;2362
11;2025-11-24;10;1830
11;2025-11-24;11;1832
11;2025-11-24;12;1804
11;2025-11-24;13;1905
11;2025-11-24;14;1888
11;2025-11-24;15;1980
11;2025-11-24;16;2177
11;2025-11-24;17;2751
11;2025-11-24;18;3081
11;2025-11-24;19;2327
11;2025-11-24;20;1535
11;2025-11-24;21;872
11;2025-11-24;22;439
11;2025-11-24;23;239
11;2025-11-25;0;62
11;2025-11-25;1;4
11;2025-11-25;2;8
11;2025-11-25;3;17
11;2025-11-25;4;17
11;2025-11-25;5;289
11;2025-11-25;6;1367
11;2025-11-25;7;2392
11;2025-11-25;8;3142
11;2025-11-25;9;2423
11;2025-11-25;10;1885
11;2025-11-25;11;1862
11;2025-11-25;12;1866
11;2025-11-25;13;1948
11;2025-11-25;14;1942
11;2025-11-25;15;1996
11;2025-11-25;16;2199
11;2025-11-25;17;2775
11;2025-11-25;18;3028
11;2025-11-25;19;2319
11;2025-11-25;20;1540
11;2025-11-25;21;873
11;2025-11-25;22;450
11;2025-11-25;23;260
11;2025-11-26;0;84
11;2025-11-26;1;20
11;2025-11-26;2;13
11;2025-11-26;3;0
11;2025-11-26;4;1
11;2025-11-26;5;277
11;2025-11-26;6;1302
11;2025-11-26;7;2350
11;2025-11-26;8;3113
11;2025-11-26;9;2329
11;2025-11-26;10;1854
11;2025-11-26;11;1844
11;2025-11-26;12;1859
11;2025-11-26;13;1917
11;2025-11-26;14;1881
11;2025-11-26;15;1921
11;2025-11-26;16;2114
11;2025-11-26;17;2718
11;2025-11-26;18;3051
11;2025-11-26;19;2342
11;2025-11-26;20;1561
11;2025-11-26;21;879
11;2025-11-26;22;458
11;2025-11-26;23;249
11;2025-11-27;0;60
11;2025-11-27;1;0
11;2025-11-27;2;0
11;2025-11-27;3;0
11;2025-11-27;4;1
11;2025-11-27;5;293
11;2025-11-27;6;1376
11;2025-11-27;7;2361
11;2025-11-27;8;3068
11;2025-11-27;9;2475
11;2025-11-27;10;1961
11;2025-11-27;11;1901
11;2025-11-27;12;1959
11;2025-11-27;13;1990
11;2025-11-27;14;1967
11;2025-11-27;15;2004
11;2025-11-27;16;2225
11;2025-11-27;17;2774
11;2025-11-27;18;3152
11;2025-11-27;19;2346
11;2025-11-27;20;1541
11;2025-11-27;21;896
11;2025-11-27;22;473
11;2025-11-27;23;270
11;2025-11-28;0;81
11;2025-11-28;1;7
11;2025-11-28;2;5
11;2025-11-28;3;5
11;2025-11-28;4;6
11;2025-11-28;5;273
11;2025-11-28;6;1328
11;2025-11-28;7;2277
11;2025-11-28;8;3014
11;2025-11-28;9;2310
11;2025-11-28;10;1861
11;2025-11-28;11;1817
11;2025-11-28;12;1849
11;2025-11-28;13;1912
11;2025-11-28;14;1945
11;2025-11-28;15;2070
11;2025-11-28;16;2344
11;2025-11-28;17;2778
11;2025-11-28;18;2537
11;2025-11-28;19;2085
11;2025-11-28;20;1449
11;2025-11-28;21;870
11;2025-11-28;22;454
11;2025-11-28;23;303
11;2025-11-29;0;115
11;2025-11-29;1;16
11;2025-11-29;2;12
11;2025-11-29;3;11
11;2025-11-29;4;7
11;2025-11-29;5;197
11;2025-11-29;6;783
11;2025-11-29;7;709
11;2025-11-29;8;950
11;2025-11-29;9;1110
11;2025-11-29;10;1220
11;2025-11-29;11;1653
11;2025-11-29;12;1818
11;2025-11-29;13;1733
11;2025-11-29;14;1732
11;2025-11-29;15;1743
11;2025-11-29;16;1732
11;2025-11-29;17;1798
11;2025-11-29;18;1551
11;2025-11-29;19;1437
11;2025-11-29;20;1092
11;2025-11-29;21;804
11;2025-11-29;22;461
11;2025-11-29;23;322
11;2025-11-30;0;120
11;2025-11-30;1;26
11;2025-11-30;2;6
11;2025-11-30;3;8
11;2025-11-30;4;8
11;2025-11-30;5;129
11;2025-11-30;6;529
11;2025-11-30;7;533
11;2025-11-30;8;708
11;2025-11-30;9;939
11;2025-11-30;10;1045
11;2025-11-30;11;1474
11;2025-11-30;12;1651
11;2025-11-30;13;1555
11;2025-11-30;14;1627
11;2025-11-30;15;1682
11;2025-11-30;16;1609
11;2025-11-30;17;1718
11;2025-11-30;18;1386
11;2025-11-30;19;1154
11;2025-11-30;20;925
11;2025-11-30;21;688
11;2025-11-30;22;421
11;2025-11-30;23;278
11;2025-12-01;0;107
11;2025-12-01;1;33
11;2025-12-01;2;22
11;2025-12-01;3;23
11;2025-12-01;4;24
11;2025-12-01;5;288
11;2025-12-01;6;1337
11;2025-12-01;7;2324
11;2025-12-01;8;3090
11;2025-12-01;9;2357
11;2025-12-01;10;1799
11;2025-12-01;11;1787
11;2025-12-01;12;1759
11;2025-12-01;13;1850
11;2025-12-01;14;1839
11;2025-12-01;15;1929
11;2025-12-01;16;2137
11;2025-12-01;17;2712
11;2025-12-01;18;3063
11;2025-12-01;19;2301
11;2025-12-01;20;1524
11;2025-12-01;21;853
11;2025-12-01;22;428
11;2025-12-01;23;234
11;2025-12-02;0;68
11;2025-12-02;1;12
11;2025-12-02;2;17
11;2025-12-02;3;26
11;2025-12-02;4;25
11;2025-12-02;5;282
11;2025-12-02;6;1354
11;2025-12-02;7;2369
11;2025-12-02;8;3127
11;2025-12-02;9;2396
11;2025-12-02;10;1847
11;2025-12-02;11;1821
11;2025-12-02;12;1825
11;2025-12-02;13;1898
11;2025-12-02;14;1894
11;2025-12-02;15;1946
11;2025-12-02;16;2166
11;2025-12-02;17;2764
11;2025-12-02;18;3037
11;2025-12-02;19;2311
11;2025-12-02;20;1541
11;2025-12-02;21;857
11;2025-12-02;22;437
11;2025-12-02;23;247
11;2025-12-03;0;77
11;2025-12-03;1;15
11;2025-12-03;2;12
11;2025-12-03;3;12
11;2025-12-03;4;13
11;2025-12-03;5;279
11;2025-12-03;6;1311
11;2025-12-03;7;2345
11;2025-12-03;8;3131
11;2025-12-03;9;2342
11;2025-12-03;10;1853
11;2025-12-03;11;1839
11;2025-12-03;12;1853
11;2025-12-03;13;1917
11;2025-12-03;14;1881
11;2025-12-03;15;1920
11;2025-12-03;16;2121
11;2025-12-03;17;2735
11;2025-12-03;18;3070
11;2025-12-03;19;2340
11;2025-12-03;20;1560
11;2025-12-03;21;878
11;2025-12-03;22;454
11;2025-12-03;23;256
11;2025-12-04;0;78
11;2025-12-04;1;10
11;2025-12-04;2;11
11;2025-12-04;3;11
11;2025-12-04;4;11
11;2025-12-04;5;294
11;2025-12-04;6;1367
11;2025-12-04;7;2361
11;2025-12-04;8;3078
11;2025-12-04;9;2468
11;2025-12-04;10;1959
11;2025-12-04;11;1896
11;2025-12-04;12;1956
11;2025-12-04;13;1997
11;2025-12-04;14;1980
11;2025-12-04;15;2027
11;2025-12-04;16;2231
11;2025-12-04;17;2784
11;2025-12-04;18;3166
11;2025-12-04;19;2343
11;2025-12-04;20;1555
11;2025-12-04;21;903
11;2025-12-04;22;479
11;2025-12-04;23;278
11;2025-12-05;0;89
11;2025-12-05;1;16
11;2025-12-05;2;14
11;2025-12-05;3;14
11;2025-12-05;4;15
11;2025-12-05;5;279
11;2025-12-05;6;1335
11;2025-12-05;7;2300
11;2025-12-05;8;3039
11;2025-12-05;9;2330
11;2025-12-05;10;1879
11;2025-12-05;11;1837
11;2025-12-05;12;1866
11;2025-12-05;13;1931
11;2025-12-05;14;1964
11;2025-12-05;15;2094
11;2025-12-05;16;2367
11;2025-12-05;17;2806
11;2025-12-05;18;2569
11;2025-12-05;19;2109
11;2025-12-05;20;1478
11;2025-12-05;21;898
11;2025-12-05;22;482
11;2025-12-05;23;324
11;2025-12-06;0;127
11;2025-12-06;1;31
11;2025-12-06;2;38
11;2025-12-06;3;36
11;2025-12-06;4;33
11;2025-12-06;5;228
11;2025-12-06;6;791
11;2025-12-06;7;740
11;2025-12-06;8;971
11;2025-12-06;9;1131
11;2025-12-06;10;1237
11;2025-12-06;11;1656
11;2025-12-06;12;1823
11;2025-12-06;13;1727
11;2025-12-06;14;1734
11;2025-12-06;15;1741
11;2025-12-06;16;1728
11;2025-12-06;17;1798
11;2025-12-06;18;1538
11;2025-12-06;19;1433
11;2025-12-06;20;1084
11;2025-12-06;21;795
11;2025-12-06;22;461
11;2025-12-06;23;328
11;2025-12-07;0;121
11;2025-12-07;1;28
11;2025-12-07;2;11
11;2025-12-07;3;12
11;2025-12-07;4;10
11;2025-12-07;5;125
11;2025-12-07;6;524
11;2025-12-07;7;527
11;2025-12-07;8;700
11;2025-12-07;9;928
11;2025-12-07;10;1032
11;2025-12-07;11;1463
11;2025-12-07;12;1637
11;2025-12-07;13;1541
11;2025-12-07;14;1613
11;2025-12-07;15;1668
11;2025-12-07;16;1594
11;2025-12-07;17;1697
11;2025-12-07;18;1379
11;2025-12-07;19;1155
11;2025-12-07;20;929
11;2025-12-07;21;690
11;2025-12-07;22;418
11;2025-12-07;23;278
11;2025-12-08;0;95
11;2025-12-08;1;25
11;2025-12-08;2;14
11;2025-12-08;3;15
11;2025-12-08;4;19
11;2025-12-08;5;282
11;2025-12-08;6;1343
11;2025-12-08;7;2309
11;2025-12-08;8;3070
11;2025-12-08;9;2346
11;2025-12-08;10;1799
11;2025-12-08;11;1799
11;2025-12-08;12;1766
11;2025-12-08;13;1869
11;2025-12-08;14;1858
11;2025-12-08;15;1952
11;2025-12-08;16;2156
11;2025-12-08;17;2724
11;2025-12-08;18;3081
11;2025-12-08;19;2328
11;2025-12-08;20;1548
11;2025-12-08;21;875
11;2025-12-08;22;439
11;2025-12-08;23;247
11;2025-12-09;0;72
11;2025-12-09;1;15
11;2025-12-09;2;16
11;2025-12-09;3;26
11;2025-12-09;4;25
11;2025-12-09;5;285
11;2025-12-09;6;1366
11;2025-12-09;7;2386
11;2025-12-09;8;3153
11;2025-12-09;9;2418
11;2025-12-09;10;1868
11;2025-12-09;11;1841
11;2025-12-09;12;1845
11;2025-12-09;13;1922
11;2025-12-09;14;1915
11;2025-12-09;15;1971
11;2025-12-09;16;2188
11;2025-12-09;17;2773
11;2025-12-09;18;3050
11;2025-12-09;19;2325
11;2025-12-09;20;1555
11;2025-12-09;21;866
11;2025-12-09;22;443
11;2025-12-09;23;254
11;2025-12-10;0;78
11;2025-12-10;1;16
11;2025-12-10;2;11
11;2025-12-10;3;11
11;2025-12-10;4;12
11;2025-12-10;5;278
11;2025-12-10;6;1320
11;2025-12-10;7;2350
11;2025-12-10;8;3141
11;2025-12-10;9;2353
11;2025-12-10;10;1867
11;2025-12-10;11;1853
11;2025-12-10;12;1868
11;2025-12-10;13;1933
11;2025-12-10;14;1896
11;2025-12-10;15;1937
11;2025-12-10;16;2134
11;2025-12-10;17;2732
11;2025-12-10;18;3079
11;2025-12-10;19;2349
11;2025-12-10;20;1558
11;2025-12-10;21;878
11;2025-12-10;22;451
11;2025-12-10;23;261
11;2025-12-11;0;79
11;2025-12-11;1;12
11;2025-12-11;2;12
11;2025-12-11;3;12
11;2025-12-11;4;12
11;2025-12-11;5;296
11;2025-12-11;6;1378
11;2025-12-11;7;2377
11;2025-12-11;8;3100
11;2025-12-11;9;2479
11;2025-12-11;10;1962
11;2025-12-11;11;1897
11;2025-12-11;12;1955
11;2025-12-11;13;1999
11;2025-12-11;14;1979
11;2025-12-11;15;2027
11;2025-12-11;16;2234
11;2025-12-11;17;2788
11;2025-12-11;18;3178
11;2025-12-11;19;2351
11;2025-12-11;20;1562
11;2025-12-11;21;905
11;2025-12-11;22;479
11;2025-12-11;23;279
11;2025-12-12;0;91
11;2025-12-12;1;17
11;2025-12-12;2;14
11;2025-12-12;3;14
11;2025-12-12;4;16
11;2025-12-12;5;281
11;2025-12-12;6;1343
11;2025-12-12;7;2302
11;2025-12-12;8;3057
11;2025-12-12;9;2332
11;2025-12-12;10;1878
11;2025-12-12;11;1838
11;2025-12-12;12;1867
11;2025-12-12;13;1928
11;2025-12-12;14;1963
11;2025-12-12;15;2092
11;2025-12-12;16;2370
11;2025-12-12;17;2811
11;2025-12-12;18;2566
11;2025-12-12;19;2099
11;2025-12-12;20;1468
11;2025-12-12;21;886
11;2025-12-12;22;470
11;2025-12-12;23;317
11;2025-12-13;0;121
11;2025-12-13;1;23
11;2025-12-13;2;16
11;2025-12-13;3;15
11;2025-12-13;4;12
11;2025-12-13;5;208
11;2025-12-13;6;772
11;2025-12-13;7;716
11;2025-12-13;8;938
11;2025-12-13;9;1109
11;2025-12-13;10;1214
11;2025-12-13;11;1645
11;2025-12-13;12;1810
11;2025-12-13;13;1724
11;2025-12-13;14;1729
11;2025-12-13;15;1738
11;2025-12-13;16;1722
11;2025-12-13;17;1785
11;2025-12-13;18;1533
11;2025-12-13;19;1432
11;2025-12-13;20;1080
11;2025-12-13;21;791
11;2025-12-13;22;455
11;2025-12-13;23;322
11;2025-12-14;0;123
11;2025-12-14;1;29
11;2025-12-14;2;13
11;2025-12-14;3;14
11;2025-12-14;4;13
11;2025-12-14;5;129
11;2025-12-14;6;530
11;2025-12-14;7;530
11;2025-12-14;8;705
11;2025-12-14;9;937
11;2025-12-14;10;1048
11;2025-12-14;11;1483
11;2025-12-14;12;1661
11;2025-12-14;13;1560
11;2025-12-14;14;1634
11;2025-12-14;15;1690
11;2025-12-14;16;1619
11;2025-12-14;17;1714
11;2025-12-14;18;1386
11;2025-12-14;19;1161
11;2025-12-14;20;930
11;2025-12-14;21;690
11;2025-12-14;22;413
11;2025-12-14;23;276
11;2025-12-15;0;101
11;2025-12-15;1;23
11;2025-12-15;2;11
11;2025-12-15;3;11
11;2025-12-15;4;15
11;2025-12-15;5;288
11;2025-12-15;6;1358
11;2025-12-15;7;2325
11;2025-12-15;8;3093
11;2025-12-15;9;2370
11;2025-12-15;10;1818
11;2025-12-15;11;1818
11;2025-12-15;12;1789
11;2025-12-15;13;1891
11;2025-12-15;14;1881
11;2025-12-15;15;1973
11;2025-12-15;16;2175
11;2025-12-15;17;2747
11;2025-12-15;18;3109
11;2025-12-15;19;2339
11;2025-12-15;20;1556
11;2025-12-15;21;879
11;2025-12-15;22;438
11;2025-12-15;23;246
11;2025-12-16;0;78
11;2025-12-16;1;17
11;2025-12-16;2;17
11;2025-12-16;3;27
11;2025-12-16;4;26
11;2025-12-16;5;292
11;2025-12-16;6;1379
11;2025-12-16;7;2404
11;2025-12-16;8;3179
11;2025-12-16;9;2437
11;2025-12-16;10;1876
11;2025-12-16;11;1852
11;2025-12-16;12;1858
11;2025-12-16;13;1934
11;2025-12-16;14;1930
11;2025-12-16;15;1984
11;2025-12-16;16;2200
11;2025-12-16;17;2788
11;2025-12-16;18;3071
11;2025-12-16;19;2337
11;2025-12-16;20;1572
11;2025-12-16;21;878
11;2025-12-16;22;454
11;2025-12-16;23;259
11;2025-12-17;0;83
11;2025-12-17;1;17
11;2025-12-17;2;9
11;2025-12-17;3;10
11;2025-12-17;4;11
11;2025-12-17;5;284
11;2025-12-17;6;1335
11;2025-12-17;7;2360
11;2025-12-17;8;3172
11;2025-12-17;9;2376
11;2025-12-17;10;1877
11;2025-12-17;11;1869
11;2025-12-17;12;1884
11;2025-12-17;13;1948
11;2025-12-17;14;1915
11;2025-12-17;15;1949
11;2025-12-17;16;2143
11;2025-12-17;17;2752
11;2025-12-17;18;3103
11;2025-12-17;19;2362
11;2025-12-17;20;1579
11;2025-12-17;21;890
11;2025-12-17;22;460
11;2025-12-17;23;257
11;2025-12-18;0;72
11;2025-12-18;1;13
11;2025-12-18;2;12
11;2025-12-18;3;12
11;2025-12-18;4;12
11;2025-12-18;5;292
11;2025-12-18;6;1380
11;2025-12-18;7;2381
11;2025-12-18;8;3115
11;2025-12-18;9;2492
11;2025-12-18;10;1969
11;2025-12-18;11;1905
11;2025-12-18;12;1963
11;2025-12-18;13;2001
11;2025-12-18;14;1983
11;2025-12-18;15;2026
11;2025-12-18;16;2238
11;2025-12-18;17;2790
11;2025-12-18;18;3187
11;2025-12-18;19;2356
11;2025-12-18;20;1560
11;2025-12-18;21;903
11;2025-12-18;22;477
11;2025-12-18;23;271
11;2025-12-19;0;83
11;2025-12-19;1;18
11;2025-12-19;2;14
11;2025-12-19;3;15
11;2025-12-19;4;17
11;2025-12-19;5;272
11;2025-12-19;6;1336
11;2025-12-19;7;2293
11;2025-12-19;8;3040
11;2025-12-19;9;2327
11;2025-12-19;10;1865
11;2025-12-19;11;1827
11;2025-12-19;12;1860
11;2025-12-19;13;1922
11;2025-12-19;14;1959
11;2025-12-19;15;2086
11;2025-12-19;16;2369
11;2025-12-19;17;2805
11;2025-12-19;18;2569
11;2025-12-19;19;2096
11;2025-12-19;20;1455
11;2025-12-19;21;879
11;2025-12-19;22;466
11;2025-12-19;23;305
11;2025-12-20;0;112
11;2025-12-20;1;25
11;2025-12-20;2;16
11;2025-12-20;3;15
11;2025-12-20;4;15
11;2025-12-20;5;196
11;2025-12-20;6;775
11;2025-12-20;7;721
11;2025-12-20;8;947
11;2025-12-20;9;1090
11;2025-12-20;10;1181
11;2025-12-20;11;1598
11;2025-12-20;12;1762
11;2025-12-20;13;1678
11;2025-12-20;14;1684
11;2025-12-20;15;1692
11;2025-12-20;16;1679
11;2025-12-20;17;1745
11;2025-12-20;18;1489
11;2025-12-20;19;1386
11;2025-12-20;20;1046
11;2025-12-20;21;785
11;2025-12-20;22;436
11;2025-12-20;23;311
11;2025-12-21;0;116
11;2025-12-21;1;25
11;2025-12-21;2;14
11;2025-12-21;3;17
11;2025-12-21;4;18
11;2025-12-21;5;123
11;2025-12-21;6;517
11;2025-12-21;7;524
11;2025-12-21;8;706
11;2025-12-21;9;930
11;2025-12-21;10;1024
11;2025-12-21;11;1448
11;2025-12-21;12;1622
11;2025-12-21;13;1524
11;2025-12-21;14;1596
11;2025-12-21;15;1653
11;2025-12-21;16;1584
11;2025-12-21;17;1687
11;2025-12-21;18;1368
11;2025-12-21;19;1144
11;2025-12-21;20;913
11;2025-12-21;21;684
11;2025-12-21;22;402
11;2025-12-21;23;266
11;2025-12-22;0;91
11;2025-12-22;1;15
11;2025-12-22;2;12
11;2025-12-22;3;14
11;2025-12-22;4;18
11;2025-12-22;5;281
11;2025-12-22;6;1326
11;2025-12-22;7;2320
11;2025-12-22;8;3057
11;2025-12-22;9;2364
11;2025-12-22;10;1772
11;2025-12-22;11;1774
11;2025-12-22;12;1753
11;2025-12-22;13;1849
11;2025-12-22;14;1841
11;2025-12-22;15;1932
11;2025-12-22;16;2154
11;2025-12-22;17;2736
11;2025-12-22;18;3095
11;2025-12-22;19;2329
11;2025-12-22;20;1505
11;2025-12-22;21;868
11;2025-12-22;22;422
11;2025-12-22;23;236
11;2025-12-23;0;69
11;2025-12-23;1;19
11;2025-12-23;2;19
11;2025-12-23;3;28
11;2025-12-23;4;27
11;2025-12-23;5;276
11;2025-12-23;6;1328
11;2025-12-23;7;2379
11;2025-12-23;8;3138
11;2025-12-23;9;2410
11;2025-12-23;10;1803
11;2025-12-23;11;1779
11;2025-12-23;12;1789
11;2025-12-23;13;1862
11;2025-12-23;14;1858
11;2025-12-23;15;1928
11;2025-12-23;16;2161
11;2025-12-23;17;2763
11;2025-12-23;18;3037
11;2025-12-23;19;2313
11;2025-12-23;20;1508
11;2025-12-23;21;855
11;2025-12-23;22;430
11;2025-12-23;23;265
11;2025-12-24;0;89
11;2025-12-24;1;38
11;2025-12-24;2;34
11;2025-12-24;3;34
11;2025-12-24;4;32
11;2025-12-24;5;285
11;2025-12-24;6;1301
11;2025-12-24;7;2335
11;2025-12-24;8;3125
11;2025-12-24;9;2348
11;2025-12-24;10;1800
11;2025-12-24;11;1790
11;2025-12-24;12;1806
11;2025-12-24;13;1870
11;2025-12-24;14;1835
11;2025-12-24;15;1886
11;2025-12-24;16;2107
11;2025-12-24;17;2733
11;2025-12-24;18;3078
11;2025-12-24;19;2349
11;2025-12-24;20;1522
11;2025-12-24;21;875
11;2025-12-24;22;441
11;2025-12-24;23;244
11;2025-12-25;0;65
11;2025-12-25;1;11
11;2025-12-25;2;14
11;2025-12-25;3;15
11;2025-12-25;4;11
11;2025-12-25;5;282
11;2025-12-25;6;1329
11;2025-12-25;7;2353
11;2025-12-25;8;3066
11;2025-12-25;9;2453
11;2025-12-25;10;1901
11;2025-12-25;11;1833
11;2025-12-25;12;1892
11;2025-12-25;13;1933
11;2025-12-25;14;1909
11;2025-12-25;15;1970
11;2025-12-25;16;2202
11;2025-12-25;17;2774
11;2025-12-25;18;3164
11;2025-12-25;19;2336
11;2025-12-25;20;1501
11;2025-12-25;21;888
11;2025-12-25;22;464
11;2025-12-25;23;269
11;2025-12-26;0;77
11;2025-12-26;1;16
11;2025-12-26;2;17
11;2025-12-26;3;17
11;2025-12-26;4;15
11;2025-12-26;5;268
11;2025-12-26;6;1290
11;2025-12-26;7;2277
11;2025-12-26;8;3014
11;2025-12-26;9;2314
11;2025-12-26;10;1810
11;2025-12-26;11;1764
11;2025-12-26;12;1802
11;2025-12-26;13;1868
11;2025-12-26;14;1904
11;2025-12-26;15;2050
11;2025-12-26;16;2351
11;2025-12-26;17;2811
11;2025-12-26;18;2582
11;2025-12-26;19;2107
11;2025-12-26;20;1426
11;2025-12-26;21;880
11;2025-12-26;22;457
11;2025-12-26;23;306
11;2025-12-27;0;106
11;2025-12-27;1;23
11;2025-12-27;2;18
11;2025-12-27;3;16
11;2025-12-27;4;14
11;2025-12-27;5;193
11;2025-12-27;6;756
11;2025-12-27;7;694
11;2025-12-27;8;933
11;2025-12-27;9;1089
11;2025-12-27;10;1166
11;2025-12-27;11;1578
11;2025-12-27;12;1741
11;2025-12-27;13;1660
11;2025-12-27;14;1669
11;2025-12-27;15;1694
11;2025-12-27;16;1682
11;2025-12-27;17;1760
11;2025-12-27;18;1511
11;2025-12-27;19;1403
11;2025-12-27;20;1062
11;2025-12-27;21;797
11;2025-12-27;22;447
11;2025-12-27;23;315
11;2025-12-28;0;109
11;2025-12-28;1;18
11;2025-12-28;2;5
11;2025-12-28;3;5
11;2025-12-28;4;9
11;2025-12-28;5;120
11;2025-12-28;6;504
11;2025-12-28;7;510
11;2025-12-28;8;702
11;2025-12-28;9;928
11;2025-12-28;10;1015
11;2025-12-28;11;1435
11;2025-12-28;12;1606
11;2025-12-28;13;1509
11;2025-12-28;14;1580
11;2025-12-28;15;1644
11;2025-12-28;16;1577
11;2025-12-28;17;1686
11;2025-12-28;18;1357
11;2025-12-28;19;1130
11;2025-12-28;20;919
11;2025-12-28;21;692
11;2025-12-28;22;412
11;2025-12-28;23;275
11;2025-12-29;0;95
11;2025-12-29;1;22
11;2025-12-29;2;28
11;2025-12-29;3;22
11;2025-12-29;4;24
11;2025-12-29;5;267
11;2025-12-29;6;1290
11;2025-12-29;7;2303
11;2025-12-29;8;3034
11;2025-12-29;9;2343
11;2025-12-29;10;1738
11;2025-12-29;11;1744
11;2025-12-29;12;1726
11;2025-12-29;13;1829
11;2025-12-29;14;1813
11;2025-12-29;15;1933
11;2025-12-29;16;2156
11;2025-12-29;17;2756
11;2025-12-29;18;3079
11;2025-12-29;19;2314
11;2025-12-29;20;1478
11;2025-12-29;21;857
11;2025-12-29;22;405
11;2025-12-29;23;224
11;2025-12-30;0;54
11;2025-12-30;1;15
11;2025-12-30;2;23
11;2025-12-30;3;36
11;2025-12-30;4;27
11;2025-12-30;5;253
11;2025-12-30;6;1218
11;2025-12-30;7;2280
11;2025-12-30;8;3024
11;2025-12-30;9;2290
11;2025-12-30;10;1671
11;2025-12-30;11;1643
11;2025-12-30;12;1661
11;2025-12-30;13;1754
11;2025-12-30;14;1758
11;2025-12-30;15;1854
11;2025-12-30;16;2087
11;2025-12-30;17;2705
11;2025-12-30;18;2970
11;2025-12-30;19;2168
11;2025-12-30;20;1366
11;2025-12-30;21;799
11;2025-12-30;22;411
11;2025-12-30;23;234
11;2025-12-31;0;61
11;2025-12-31;1;20
11;2025-12-31;2;21
11;2025-12-31;3;21
11;2025-12-31;4;15
11;2025-12-31;5;123
11;2025-12-31;6;450
11;2025-12-31;7;424
11;2025-12-31;8;508
11;2025-12-31;9;671
11;2025-12-31;10;715
11;2025-12-31;11;1098
11;2025-12-31;12;1304
11;2025-12-31;13;1299
11;2025-12-31;14;1347
11;2025-12-31;15;1465
11;2025-12-31;16;1340
11;2025-12-31;17;1409
11;2025-12-31;18;1229
11;2025-12-31;19;1140
11;2025-12-31;20;946
11;2025-12-31;21;643
11;2025-12-31;22;402
11;2025-12-31;23;282
12;2025-11-01;0;73
12;2025-11-01;1;4
12;2025-11-01;2;0
12;2025-11-01;3;0
12;2025-11-01;4;6
12;2025-11-01;5;335
12;2025-11-01;6;1451
12;2025-11-01;7;2304
12;2025-11-01;8;2577
12;2025-11-01;9;2259
12;2025-11-01;10;2106
12;2025-11-01;11;2023
12;2025-11-01;12;2013
12;2025-11-01;13;2184
12;2025-11-01;14;2080
12;2025-11-01;15;2141
12;2025-11-01;16;2531
12;2025-11-01;17;2710
12;2025-11-01;18;2654
12;2025-11-01;19;2266
12;2025-11-01;20;1555
12;2025-11-01;21;1024
12;2025-11-01;22;532
12;2025-11-01;23;316
12;2025-11-02;0;83
12;2025-11-02;1;5
12;2025-11-02;2;2
12;2025-11-02;3;1
12;2025-11-02;4;4
12;2025-11-02;5;168
12;2025-11-02;6;548
12;2025-11-02;7;670
12;2025-11-02;8;737
12;2025-11-02;9;924
12;2025-11-02;10;1159
12;2025-11-02;11;1282
12;2025-11-02;12;1333
12;2025-11-02;13;1583
12;2025-11-02;14;1499
12;2025-11-02;15;1356
12;2025-11-02;16;1477
12;2025-11-02;17;1526
12;2025-11-02;18;1254
12;2025-11-02;19;1018
12;2025-11-02;20;755
12;2025-11-02;21;592
12;2025-11-02;22;396
12;2025-11-02;23;221
12;2025-11-03;0;70
12;2025-11-03;1;2
12;2025-11-03;2;0
12;2025-11-03;3;0
12;2025-11-03;4;2
12;2025-11-03;5;189
12;2025-11-03;6;664
12;2025-11-03;7;681
12;2025-11-03;8;790
12;2025-11-03;9;906
12;2025-11-03;10;1193
12;2025-11-03;11;1336
12;2025-11-03;12;1372
12;2025-11-03;13;1582
12;2025-11-03;14;1498
12;2025-11-03;15;1375
12;2025-11-03;16;1499
12;2025-11-03;17;1435
12;2025-11-03;18;1365
12;2025-11-03;19;1145
12;2025-11-03;20;800
12;2025-11-03;21;601
12;2025-11-03;22;375
12;2025-11-03;23;233
12;2025-11-04;0;61
12;2025-11-04;1;3
12;2025-11-04;2;0
12;2025-11-04;3;0
12;2025-11-04;4;2
12;2025-11-04;5;197
12;2025-11-04;6;630
12;2025-11-04;7;667
12;2025-11-04;8;856
12;2025-11-04;9;923
12;2025-11-04;10;1186
12;2025-11-04;11;1286
12;2025-11-04;12;1377
12;2025-11-04;13;1545
12;2025-11-04;14;1457
12;2025-11-04;15;1338
12;2025-11-04;16;1524
12;2025-11-04;17;1412
12;2025-11-04;18;1379
12;2025-11-04;19;1220
12;2025-11-04;20;794
12;2025-11-04;21;681
12;2025-11-04;22;379
12;2025-11-04;23;223
12;2025-11-05;0;51
12;2025-11-05;1;1
12;2025-11-05;2;0
12;2025-11-05;3;0
12;2025-11-05;4;4
12;2025-11-05;5;346
12;2025-11-05;6;1467
12;2025-11-05;7;2664
12;2025-11-05;8;3424
12;2025-11-05;9;2503
12;2025-11-05;10;2086
12;2025-11-05;11;1982
12;2025-11-05;12;2003
12;2025-11-05;13;1976
12;2025-11-05;14;1933
12;2025-11-05;15;2193
12;2025-11-05;16;2674
12;2025-11-05;17;2954
12;2025-11-05;18;3084
12;2025-11-05;19;2433
12;2025-11-05;20;1569
12;2025-11-05;21;981
12;2025-11-05;22;496
12;2025-11-05;23;257
12;2025-11-06;0;50
12;2025-11-06;1;2
12;2025-11-06;2;0
12;2025-11-06;3;0
12;2025-11-06;4;6
12;2025-11-06;5;341
12;2025-11-06;6;1437
12;2025-11-06;7;2682
12;2025-11-06;8;3435
12;2025-11-06;9;2456
12;2025-11-06;10;2066
12;2025-11-06;11;1981
12;2025-11-06;12;2005
12;2025-11-06;13;1961
12;2025-11-06;14;1923
12;2025-11-06;15;2160
12;2025-11-06;16;2683
12;2025-11-06;17;3003
12;2025-11-06;18;3174
12;2025-11-06;19;2461
12;2025-11-06;20;1610
12;2025-11-06;21;978
12;2025-11-06;22;500
12;2025-11-06;23;266
12;2025-11-07;0;53
12;2025-11-07;1;2
12;2025-11-07;2;0
12;2025-11-07;3;0
12;2025-11-07;4;5
12;2025-11-07;5;341
12;2025-11-07;6;1431
12;2025-11-07;7;2610
12;2025-11-07;8;3375
12;2025-11-07;9;2370
12;2025-11-07;10;1984
12;2025-11-07;11;1939
12;2025-11-07;12;1947
12;2025-11-07;13;1951
12;2025-11-07;14;1966
12;2025-11-07;15;2292
12;2025-11-07;16;2892
12;2025-11-07;17;2962
12;2025-11-07;18;2563
12;2025-11-07;19;2171
12;2025-11-07;20;1463
12;2025-11-07;21;976
12;2025-11-07;22;509
12;2025-11-07;23;292
12;2025-11-08;0;79
12;2025-11-08;1;3
12;2025-11-08;2;0
12;2025-11-08;3;0
12;2025-11-08;4;3
12;2025-11-08;5;252
12;2025-11-08;6;802
12;2025-11-08;7;868
12;2025-11-08;8;936
12;2025-11-08;9;1095
12;2025-11-08;10;1359
12;2025-11-08;11;1451
12;2025-11-08;12;1432
12;2025-11-08;13;1694
12;2025-11-08;14;1584
12;2025-11-08;15;1444
12;2025-11-08;16;1535
12;2025-11-08;17;1508
12;2025-11-08;18;1403
12;2025-11-08;19;1316
12;2025-11-08;20;932
12;2025-11-08;21;676
12;2025-11-08;22;417
12;2025-11-08;23;271
12;2025-11-09;0;85
12;2025-11-09;1;5
12;2025-11-09;2;0
12;2025-11-09;3;0
12;2025-11-09;4;2
12;2025-11-09;5;172
12;2025-11-09;6;555
12;2025-11-09;7;659
12;2025-11-09;8;734
12;2025-11-09;9;915
12;2025-11-09;10;1150
12;2025-11-09;11;1276
12;2025-11-09;12;1326
12;2025-11-09;13;1585
12;2025-11-09;14;1506
12;2025-11-09;15;1354
12;2025-11-09;16;1495
12;2025-11-09;17;1541
12;2025-11-09;18;1268
12;2025-11-09;19;1040
12;2025-11-09;20;773
12;2025-11-09;21;600
12;2025-11-09;22;408
12;2025-11-09;23;214
12;2025-11-10;0;55
12;2025-11-10;1;1
12;2025-11-10;2;0
12;2025-11-10;3;0
12;2025-11-10;4;3
12;2025-11-10;5;341
12;2025-11-10;6;1414
12;2025-11-10;7;2623
12;2025-11-10;8;3413
12;2025-11-10;9;2419
12;2025-11-10;10;2010
12;2025-11-10;11;1879
12;2025-11-10;12;1961
12;2025-11-10;13;1911
12;2025-11-10;14;1874
12;2025-11-10;15;2131
12;2025-11-10;16;2631
12;2025-11-10;17;2917
12;2025-11-10;18;3113
12;2025-11-10;19;2434
12;2025-11-10;20;1588
12;2025-11-10;21;946
12;2025-11-10;22;472
12;2025-11-10;23;235
12;2025-11-11;0;47
12;2025-11-11;1;1
12;2025-11-11;2;0
12;2025-11-11;3;0
12;2025-11-11;4;5
12;2025-11-11;5;365
12;2025-11-11;6;1486
12;2025-11-11;7;2695
12;2025-11-11;8;3509
12;2025-11-11;9;2486
12;2025-11-11;10;2064
12;2025-11-11;11;1958
12;2025-11-11;12;1959
12;2025-11-11;13;1951
12;2025-11-11;14;1902
12;2025-11-11;15;2146
12;2025-11-11;16;2657
12;2025-11-11;17;2995
12;2025-11-11;18;3128
12;2025-11-11;19;2481
12;2025-11-11;20;1567
12;2025-11-11;21;954
12;2025-11-11;22;501
12;2025-11-11;23;246
12;2025-11-12;0;55
12;2025-11-12;1;1
12;2025-11-12;2;0
12;2025-11-12;3;0
12;2025-11-12;4;5
12;2025-11-12;5;355
12;2025-11-12;6;1492
12;2025-11-12;7;2696
12;2025-11-12;8;3422
12;2025-11-12;9;2506
12;2025-11-12;10;2091
12;2025-11-12;11;1986
12;2025-11-12;12;2006
12;2025-11-12;13;1977
12;2025-11-12;14;1934
12;2025-11-12;15;2197
12;2025-11-12;16;2706
12;2025-11-12;17;2976
12;2025-11-12;18;3113
12;2025-11-12;19;2463
12;2025-11-12;20;1607
12;2025-11-12;21;1000
12;2025-11-12;22;515
12;2025-11-12;23;263
12;2025-11-13;0;57
12;2025-11-13;1;3
12;2025-11-13;2;0
12;2025-11-13;3;0
12;2025-11-13;4;9
12;2025-11-13;5;352
12;2025-11-13;6;1460
12;2025-11-13;7;2705
12;2025-11-13;8;3451
12;2025-11-13;9;2465
12;2025-11-13;10;2073
12;2025-11-13;11;1987
12;2025-11-13;12;2008
12;2025-11-13;13;1977
12;2025-11-13;14;1945
12;2025-11-13;15;2186
12;2025-11-13;16;2716
12;2025-11-13;17;3031
12;2025-11-13;18;3190
12;2025-11-13;19;2492
12;2025-11-13;20;1632
12;2025-11-13;21;994
12;2025-11-13;22;515
12;2025-11-13;23;272
12;2025-11-14;0;58
12;2025-11-14;1;2
12;2025-11-14;2;0
12;2025-11-14;3;0
12;2025-11-14;4;5
12;2025-11-14;5;348
12;2025-11-14;6;1447
12;2025-11-14;7;2634
12;2025-11-14;8;3400
12;2025-11-14;9;2391
12;2025-11-14;10;1999
12;2025-11-14;11;1953
12;2025-11-14;12;1960
12;2025-11-14;13;1961
12;2025-11-14;14;1975
12;2025-11-14;15;2310
12;2025-11-14;16;2919
12;2025-11-14;17;2985
12;2025-11-14;18;2582
12;2025-11-14;19;2188
12;2025-11-14;20;1478
12;2025-11-14;21;977
12;2025-11-14;22;518
12;2025-11-14;23;295
12;2025-11-15;0;85
12;2025-11-15;1;4
12;2025-11-15;2;1
12;2025-11-15;3;1
12;2025-11-15;4;3
12;2025-11-15;5;258
12;2025-11-15;6;826
12;2025-11-15;7;888
12;2025-11-15;8;948
12;2025-11-15;9;1117
12;2025-11-15;10;1383
12;2025-11-15;11;1471
12;2025-11-15;12;1451
12;2025-11-15;13;1723
12;2025-11-15;14;1607
12;2025-11-15;15;1469
12;2025-11-15;16;1568
12;2025-11-15;17;1535
12;2025-11-15;18;1429
12;2025-11-15;19;1338
12;2025-11-15;20;947
12;2025-11-15;21;695
12;2025-11-15;22;447
12;2025-11-15;23;287
12;2025-11-16;0;96
12;2025-11-16;1;10
12;2025-11-16;2;2
12;2025-11-16;3;1
12;2025-11-16;4;4
12;2025-11-16;5;179
12;2025-11-16;6;568
12;2025-11-16;7;674
12;2025-11-16;8;750
12;2025-11-16;9;951
12;2025-11-16;10;1200
12;2025-11-16;11;1320
12;2025-11-16;12;1374
12;2025-11-16;13;1627
12;2025-11-16;14;1549
12;2025-11-16;15;1403
12;2025-11-16;16;1534
12;2025-11-16;17;1577
12;2025-11-16;18;1301
12;2025-11-16;19;1062
12;2025-11-16;20;804
12;2025-11-16;21;620
12;2025-11-16;22;441
12;2025-11-16;23;238
12;2025-11-17;0;66
12;2025-11-17;1;5
12;2025-11-17;2;0
12;2025-11-17;3;0
12;2025-11-17;4;10
12;2025-11-17;5;354
12;2025-11-17;6;1443
12;2025-11-17;7;2653
12;2025-11-17;8;3444
12;2025-11-17;9;2462
12;2025-11-17;10;2048
12;2025-11-17;11;1920
12;2025-11-17;12;1994
12;2025-11-17;13;1950
12;2025-11-17;14;1905
12;2025-11-17;15;2174
12;2025-11-17;16;2672
12;2025-11-17;17;2960
12;2025-11-17;18;3157
12;2025-11-17;19;2468
12;2025-11-17;20;1620
12;2025-11-17;21;977
12;2025-11-17;22;493
12;2025-11-17;23;248
12;2025-11-18;0;52
12;2025-11-18;1;2
12;2025-11-18;2;0
12;2025-11-18;3;0
12;2025-11-18;4;8
12;2025-11-18;5;373
12;2025-11-18;6;1504
12;2025-11-18;7;2719
12;2025-11-18;8;3535
12;2025-11-18;9;2516
12;2025-11-18;10;2090
12;2025-11-18;11;1983
12;2025-11-18;12;1984
12;2025-11-18;13;1980
12;2025-11-18;14;1930
12;2025-11-18;15;2179
12;2025-11-18;16;2686
12;2025-11-18;17;3020
12;2025-11-18;18;3154
12;2025-11-18;19;2502
12;2025-11-18;20;1593
12;2025-11-18;21;975
12;2025-11-18;22;515
12;2025-11-18;23;253
12;2025-11-19;0;58
12;2025-11-19;1;2
12;2025-11-19;2;0
12;2025-11-19;3;0
12;2025-11-19;4;5
12;2025-11-19;5;359
12;2025-11-19;6;1499
12;2025-11-19;7;2707
12;2025-11-19;8;3466
12;2025-11-19;9;2528
12;2025-11-19;10;2112
12;2025-11-19;11;2005
12;2025-11-19;12;2026
12;2025-11-19;13;2000
12;2025-11-19;14;1954
12;2025-11-19;15;2218
12;2025-11-19;16;2725
12;2025-11-19;17;3006
12;2025-11-19;18;3148
12;2025-11-19;19;2488
12;2025-11-19;20;1626
12;2025-11-19;21;1017
12;2025-11-19;22;527
12;2025-11-19;23;269
12;2025-11-20;0;60
12;2025-11-20;1;4
12;2025-11-20;2;0
12;2025-11-20;3;0
12;2025-11-20;4;8
12;2025-11-20;5;357
12;2025-11-20;6;1470
12;2025-11-20;7;2724
12;2025-11-20;8;3460
12;2025-11-20;9;2480
12;2025-11-20;10;2088
12;2025-11-20;11;2001
12;2025-11-20;12;2028
12;2025-11-20;13;1993
12;2025-11-20;14;1961
12;2025-11-20;15;2199
12;2025-11-20;16;2728
12;2025-11-20;17;3044
12;2025-11-20;18;3213
12;2025-11-20;19;2505
12;2025-11-20;20;1642
12;2025-11-20;21;1004
12;2025-11-20;22;525
12;2025-11-20;23;278
12;2025-11-21;0;61
12;2025-11-21;1;2
12;2025-11-21;2;0
12;2025-11-21;3;0
12;2025-11-21;4;6
12;2025-11-21;5;352
12;2025-11-21;6;1460
12;2025-11-21;7;2650
12;2025-11-21;8;3417
12;2025-11-21;9;2407
12;2025-11-21;10;2019
12;2025-11-21;11;1975
12;2025-11-21;12;1977
12;2025-11-21;13;1980
12;2025-11-21;14;1996
12;2025-11-21;15;2331
12;2025-11-21;16;2939
12;2025-11-21;17;2999
12;2025-11-21;18;2604
12;2025-11-21;19;2210
12;2025-11-21;20;1496
12;2025-11-21;21;1001
12;2025-11-21;22;532
12;2025-11-21;23;305
12;2025-11-22;0;87
12;2025-11-22;1;4
12;2025-11-22;2;2
12;2025-11-22;3;2
12;2025-11-22;4;5
12;2025-11-22;5;261
12;2025-11-22;6;827
12;2025-11-22;7;888
12;2025-11-22;8;951
12;2025-11-22;9;1114
12;2025-11-22;10;1380
12;2025-11-22;11;1468
12;2025-11-22;12;1449
12;2025-11-22;13;1703
12;2025-11-22;14;1594
12;2025-11-22;15;1461
12;2025-11-22;16;1550
12;2025-11-22;17;1518
12;2025-11-22;18;1415
12;2025-11-22;19;1322
12;2025-11-22;20;941
12;2025-11-22;21;691
12;2025-11-22;22;444
12;2025-11-22;23;285
12;2025-11-23;0;89
12;2025-11-23;1;6
12;2025-11-23;2;0
12;2025-11-23;3;0
12;2025-11-23;4;1
12;2025-11-23;5;172
12;2025-11-23;6;556
12;2025-11-23;7;658
12;2025-11-23;8;732
12;2025-11-23;9;935
12;2025-11-23;10;1174
12;2025-11-23;11;1307
12;2025-11-23;12;1363
12;2025-11-23;13;1613
12;2025-11-23;14;1534
12;2025-11-23;15;1388
12;2025-11-23;16;1522
12;2025-11-23;17;1560
12;2025-11-23;18;1287
12;2025-11-23;19;1054
12;2025-11-23;20;790
12;2025-11-23;21;618
12;2025-11-23;22;427
12;2025-11-23;23;235
12;2025-11-24;0;69
12;2025-11-24;1;3
12;2025-11-24;2;0
12;2025-11-24;3;0
12;2025-11-24;4;5
12;2025-11-24;5;358
12;2025-11-24;6;1439
12;2025-11-24;7;2638
12;2025-11-24;8;3445
12;2025-11-24;9;2450
12;2025-11-24;10;2044
12;2025-11-24;11;1924
12;2025-11-24;12;1997
12;2025-11-24;13;1953
12;2025-11-24;14;1900
12;2025-11-24;15;2161
12;2025-11-24;16;2656
12;2025-11-24;17;2935
12;2025-11-24;18;3145
12;2025-11-24;19;2452
12;2025-11-24;20;1599
12;2025-11-24;21;963
12;2025-11-24;22;485
12;2025-11-24;23;245
12;2025-11-25;0;49
12;2025-11-25;1;1
12;2025-11-25;2;0
12;2025-11-25;3;0
12;2025-11-25;4;5
12;2025-11-25;5;369
12;2025-11-25;6;1496
12;2025-11-25;7;2702
12;2025-11-25;8;3531
12;2025-11-25;9;2506
12;2025-11-25;10;2081
12;2025-11-25;11;1971
12;2025-11-25;12;1982
12;2025-11-25;13;1982
12;2025-11-25;14;1926
12;2025-11-25;15;2177
12;2025-11-25;16;2683
12;2025-11-25;17;3024
12;2025-11-25;18;3163
12;2025-11-25;19;2502
12;2025-11-25;20;1594
12;2025-11-25;21;978
12;2025-11-25;22;514
12;2025-11-25;23;257
12;2025-11-26;0;57
12;2025-11-26;1;2
12;2025-11-26;2;0
12;2025-11-26;3;0
12;2025-11-26;4;5
12;2025-11-26;5;358
12;2025-11-26;6;1504
12;2025-11-26;7;2702
12;2025-11-26;8;3444
12;2025-11-26;9;2496
12;2025-11-26;10;2078
12;2025-11-26;11;1960
12;2025-11-26;12;1982
12;2025-11-26;13;1956
12;2025-11-26;14;1908
12;2025-11-26;15;2188
12;2025-11-26;16;2691
12;2025-11-26;17;3000
12;2025-11-26;18;3158
12;2025-11-26;19;2470
12;2025-11-26;20;1630
12;2025-11-26;21;1015
12;2025-11-26;22;522
12;2025-11-26;23;268
12;2025-11-27;0;57
12;2025-11-27;1;2
12;2025-11-27;2;0
12;2025-11-27;3;0
12;2025-11-27;4;6
12;2025-11-27;5;355
12;2025-11-27;6;1471
12;2025-11-27;7;2686
12;2025-11-27;8;3471
12;2025-11-27;9;2448
12;2025-11-27;10;2056
12;2025-11-27;11;1943
12;2025-11-27;12;1969
12;2025-11-27;13;1960
12;2025-11-27;14;1910
12;2025-11-27;15;2170
12;2025-11-27;16;2701
12;2025-11-27;17;3023
12;2025-11-27;18;3225
12;2025-11-27;19;2492
12;2025-11-27;20;1646
12;2025-11-27;21;1003
12;2025-11-27;22;523
12;2025-11-27;23;276
12;2025-11-28;0;59
12;2025-11-28;1;2
12;2025-11-28;2;0
12;2025-11-28;3;0
12;2025-11-28;4;5
12;2025-11-28;5;350
12;2025-11-28;6;1460
12;2025-11-28;7;2617
12;2025-11-28;8;3422
12;2025-11-28;9;2378
12;2025-11-28;10;1985
12;2025-11-28;11;1928
12;2025-11-28;12;1929
12;2025-11-28;13;1948
12;2025-11-28;14;1961
12;2025-11-28;15;2322
12;2025-11-28;16;2915
12;2025-11-28;17;2989
12;2025-11-28;18;2602
12;2025-11-28;19;2200
12;2025-11-28;20;1507
12;2025-11-28;21;997
12;2025-11-28;22;523
12;2025-11-28;23;300
12;2025-11-29;0;81
12;2025-11-29;1;4
12;2025-11-29;2;1
12;2025-11-29;3;0
12;2025-11-29;4;3
12;2025-11-29;5;253
12;2025-11-29;6;821
12;2025-11-29;7;885
12;2025-11-29;8;950
12;2025-11-29;9;1111
12;2025-11-29;10;1376
12;2025-11-29;11;1455
12;2025-11-29;12;1446
12;2025-11-29;13;1689
12;2025-11-29;14;1584
12;2025-11-29;15;1458
12;2025-11-29;16;1539
12;2025-11-29;17;1504
12;2025-11-29;18;1415
12;2025-11-29;19;1320
12;2025-11-29;20;945
12;2025-11-29;21;695
12;2025-11-29;22;439
12;2025-11-29;23;286
12;2025-11-30;0;92
12;2025-11-30;1;7
12;2025-11-30;2;1
12;2025-11-30;3;5
12;2025-11-30;4;7
12;2025-11-30;5;175
12;2025-11-30;6;557
12;2025-11-30;7;661
12;2025-11-30;8;734
12;2025-11-30;9;942
12;2025-11-30;10;1176
12;2025-11-30;11;1310
12;2025-11-30;12;1371
12;2025-11-30;13;1589
12;2025-11-30;14;1520
12;2025-11-30;15;1394
12;2025-11-30;16;1504
12;2025-11-30;17;1532
12;2025-11-30;18;1288
12;2025-11-30;19;1048
12;2025-11-30;20;790
12;2025-11-30;21;612
12;2025-11-30;22;420
12;2025-11-30;23;231
12;2025-12-01;0;64
12;2025-12-01;1;2
12;2025-12-01;2;0
12;2025-12-01;3;0
12;2025-12-01;4;5
12;2025-12-01;5;351
12;2025-12-01;6;1444
12;2025-12-01;7;2620
12;2025-12-01;8;3445
12;2025-12-01;9;2430
12;2025-12-01;10;2018
12;2025-12-01;11;1894
12;2025-12-01;12;1948
12;2025-12-01;13;1908
12;2025-12-01;14;1854
12;2025-12-01;15;2134
12;2025-12-01;16;2634
12;2025-12-01;17;2926
12;2025-12-01;18;3141
12;2025-12-01;19;2454
12;2025-12-01;20;1613
12;2025-12-01;21;952
12;2025-12-01;22;477
12;2025-12-01;23;241
12;2025-12-02;0;49
12;2025-12-02;1;1
12;2025-12-02;2;0
12;2025-12-02;3;0
12;2025-12-02;4;6
12;2025-12-02;5;362
12;2025-12-02;6;1494
12;2025-12-02;7;2685
12;2025-12-02;8;3543
12;2025-12-02;9;2487
12;2025-12-02;10;2054
12;2025-12-02;11;1930
12;2025-12-02;12;1937
12;2025-12-02;13;1933
12;2025-12-02;14;1880
12;2025-12-02;15;2148
12;2025-12-02;16;2665
12;2025-12-02;17;3035
12;2025-12-02;18;3182
12;2025-12-02;19;2514
12;2025-12-02;20;1612
12;2025-12-02;21;975
12;2025-12-02;22;506
12;2025-12-02;23;252
12;2025-12-03;0;56
12;2025-12-03;1;2
12;2025-12-03;2;0
12;2025-12-03;3;0
12;2025-12-03;4;5
12;2025-12-03;5;355
12;2025-12-03;6;1498
12;2025-12-03;7;2689
12;2025-12-03;8;3460
12;2025-12-03;9;2506
12;2025-12-03;10;2081
12;2025-12-03;11;1962
12;2025-12-03;12;1984
12;2025-12-03;13;1958
12;2025-12-03;14;1907
12;2025-12-03;15;2198
12;2025-12-03;16;2712
12;2025-12-03;17;3005
12;2025-12-03;18;3149
12;2025-12-03;19;2475
12;2025-12-03;20;1636
12;2025-12-03;21;1011
12;2025-12-03;22;516
12;2025-12-03;23;264
12;2025-12-04;0;56
12;2025-12-04;1;2
12;2025-12-04;2;0
12;2025-12-04;3;0
12;2025-12-04;4;6
12;2025-12-04;5;351
12;2025-12-04;6;1473
12;2025-12-04;7;2693
12;2025-12-04;8;3477
12;2025-12-04;9;2448
12;2025-12-04;10;2051
12;2025-12-04;11;1940
12;2025-12-04;12;1970
12;2025-12-04;13;1955
12;2025-12-04;14;1903
12;2025-12-04;15;2166
12;2025-12-04;16;2701
12;2025-12-04;17;3022
12;2025-12-04;18;3219
12;2025-12-04;19;2489
12;2025-12-04;20;1648
12;2025-12-04;21;999
12;2025-12-04;22;517
12;2025-12-04;23;273
12;2025-12-05;0;58
12;2025-12-05;1;2
12;2025-12-05;2;0
12;2025-12-05;3;0
12;2025-12-05;4;6
12;2025-12-05;5;350
12;2025-12-05;6;1462
12;2025-12-05;7;2630
12;2025-12-05;8;3437
12;2025-12-05;9;2391
12;2025-12-05;10;1998
12;2025-12-05;11;1936
12;2025-12-05;12;1938
12;2025-12-05;13;1951
12;2025-12-05;14;1963
12;2025-12-05;15;2323
12;2025-12-05;16;2923
12;2025-12-05;17;2995
12;2025-12-05;18;2607
12;2025-12-05;19;2210
12;2025-12-05;20;1511
12;2025-12-05;21;1003
12;2025-12-05;22;523
12;2025-12-05;23;300
12;2025-12-06;0;81
12;2025-12-06;1;4
12;2025-12-06;2;0
12;2025-12-06;3;0
12;2025-12-06;4;3
12;2025-12-06;5;253
12;2025-12-06;6;807
12;2025-12-06;7;877
12;2025-12-06;8;948
12;2025-12-06;9;1102
12;2025-12-06;10;1364
12;2025-12-06;11;1448
12;2025-12-06;12;1441
12;2025-12-06;13;1678
12;2025-12-06;14;1577
12;2025-12-06;15;1449
12;2025-12-06;16;1529
12;2025-12-06;17;1497
12;2025-12-06;18;1408
12;2025-12-06;19;1318
12;2025-12-06;20;940
12;2025-12-06;21;688
12;2025-12-06;22;432
12;2025-12-06;23;279
12;2025-12-07;0;89
12;2025-12-07;1;5
12;2025-12-07;2;1
12;2025-12-07;3;1
12;2025-12-07;4;3
12;2025-12-07;5;173
12;2025-12-07;6;555
12;2025-12-07;7;656
12;2025-12-07;8;727
12;2025-12-07;9;929
12;2025-12-07;10;1166
12;2025-12-07;11;1299
12;2025-12-07;12;1355
12;2025-12-07;13;1576
12;2025-12-07;14;1505
12;2025-12-07;15;1378
12;2025-12-07;16;1487
12;2025-12-07;17;1522
12;2025-12-07;18;1273
12;2025-12-07;19;1039
12;2025-12-07;20;777
12;2025-12-07;21;600
12;2025-12-07;22;407
12;2025-12-07;23;222
12;2025-12-08;0;61
12;2025-12-08;1;2
12;2025-12-08;2;0
12;2025-12-08;3;0
12;2025-12-08;4;5
12;2025-12-08;5;351
12;2025-12-08;6;1451
12;2025-12-08;7;2626
12;2025-12-08;8;3462
12;2025-12-08;9;2443
12;2025-12-08;10;2027
12;2025-12-08;11;1904
12;2025-12-08;12;1957
12;2025-12-08;13;1917
12;2025-12-08;14;1859
12;2025-12-08;15;2143
12;2025-12-08;16;2633
12;2025-12-08;17;2929
12;2025-12-08;18;3156
12;2025-12-08;19;2464
12;2025-12-08;20;1630
12;2025-12-08;21;974
12;2025-12-08;22;484
12;2025-12-08;23;243
12;2025-12-09;0;49
12;2025-12-09;1;1
12;2025-12-09;2;0
12;2025-12-09;3;0
12;2025-12-09;4;6
12;2025-12-09;5;365
12;2025-12-09;6;1498
12;2025-12-09;7;2691
12;2025-12-09;8;3547
12;2025-12-09;9;2500
12;2025-12-09;10;2067
12;2025-12-09;11;1945
12;2025-12-09;12;1953
12;2025-12-09;13;1948
12;2025-12-09;14;1894
12;2025-12-09;15;2161
12;2025-12-09;16;2665
12;2025-12-09;17;3038
12;2025-12-09;18;3191
12;2025-12-09;19;2505
12;2025-12-09;20;1616
12;2025-12-09;21;980
12;2025-12-09;22;509
12;2025-12-09;23;253
12;2025-12-10;0;57
12;2025-12-10;1;2
12;2025-12-10;2;0
12;2025-12-10;3;0
12;2025-12-10;4;5
12;2025-12-10;5;358
12;2025-12-10;6;1502
12;2025-12-10;7;2685
12;2025-12-10;8;3473
12;2025-12-10;9;2514
12;2025-12-10;10;2088
12;2025-12-10;11;1969
12;2025-12-10;12;1988
12;2025-12-10;13;1963
12;2025-12-10;14;1911
12;2025-12-10;15;2203
12;2025-12-10;16;2707
12;2025-12-10;17;3007
12;2025-12-10;18;3158
12;2025-12-10;19;2485
12;2025-12-10;20;1639
12;2025-12-10;21;1012
12;2025-12-10;22;516
12;2025-12-10;23;265
12;2025-12-11;0;58
12;2025-12-11;1;2
12;2025-12-11;2;0
12;2025-12-11;3;0
12;2025-12-11;4;7
12;2025-12-11;5;353
12;2025-12-11;6;1475
12;2025-12-11;7;2691
12;2025-12-11;8;3491
12;2025-12-11;9;2455
12;2025-12-11;10;2050
12;2025-12-11;11;1934
12;2025-12-11;12;1964
12;2025-12-11;13;1949
12;2025-12-11;14;1901
12;2025-12-11;15;2166
12;2025-12-11;16;2704
12;2025-12-11;17;3022
12;2025-12-11;18;3223
12;2025-12-11;19;2497
12;2025-12-11;20;1656
12;2025-12-11;21;1001
12;2025-12-11;22;518
12;2025-12-11;23;275
12;2025-12-12;0;60
12;2025-12-12;1;2
12;2025-12-12;2;0
12;2025-12-12;3;0
12;2025-12-12;4;6
12;2025-12-12;5;350
12;2025-12-12;6;1462
12;2025-12-12;7;2636
12;2025-12-12;8;3444
12;2025-12-12;9;2389
12;2025-12-12;10;1994
12;2025-12-12;11;1934
12;2025-12-12;12;1933
12;2025-12-12;13;1947
12;2025-12-12;14;1957
12;2025-12-12;15;2319
12;2025-12-12;16;2920
12;2025-12-12;17;2999
12;2025-12-12;18;2611
12;2025-12-12;19;2210
12;2025-12-12;20;1518
12;2025-12-12;21;1002
12;2025-12-12;22;521
12;2025-12-12;23;301
12;2025-12-13;0;83
12;2025-12-13;1;4
12;2025-12-13;2;0
12;2025-12-13;3;0
12;2025-12-13;4;3
12;2025-12-13;5;251
12;2025-12-13;6;795
12;2025-12-13;7;870
12;2025-12-13;8;924
12;2025-12-13;9;1096
12;2025-12-13;10;1357
12;2025-12-13;11;1442
12;2025-12-13;12;1432
12;2025-12-13;13;1671
12;2025-12-13;14;1572
12;2025-12-13;15;1440
12;2025-12-13;16;1519
12;2025-12-13;17;1479
12;2025-12-13;18;1387
12;2025-12-13;19;1304
12;2025-12-13;20;924
12;2025-12-13;21;677
12;2025-12-13;22;426
12;2025-12-13;23;278
12;2025-12-14;0;90
12;2025-12-14;1;7
12;2025-12-14;2;2
12;2025-12-14;3;1
12;2025-12-14;4;3
12;2025-12-14;5;176
12;2025-12-14;6;554
12;2025-12-14;7;659
12;2025-12-14;8;724
12;2025-12-14;9;934
12;2025-12-14;10;1180
12;2025-12-14;11;1318
12;2025-12-14;12;1374
12;2025-12-14;13;1593
12;2025-12-14;14;1521
12;2025-12-14;15;1394
12;2025-12-14;16;1506
12;2025-12-14;17;1535
12;2025-12-14;18;1283
12;2025-12-14;19;1047
12;2025-12-14;20;783
12;2025-12-14;21;605
12;2025-12-14;22;409
12;2025-12-14;23;228
12;2025-12-15;0;74
12;2025-12-15;1;2
12;2025-12-15;2;0
12;2025-12-15;3;0
12;2025-12-15;4;5
12;2025-12-15;5;359
12;2025-12-15;6;1461
12;2025-12-15;7;2638
12;2025-12-15;8;3479
12;2025-12-15;9;2456
12;2025-12-15;10;2030
12;2025-12-15;11;1910
12;2025-12-15;12;1960
12;2025-12-15;13;1921
12;2025-12-15;14;1866
12;2025-12-15;15;2149
12;2025-12-15;16;2652
12;2025-12-15;17;2941
12;2025-12-15;18;3173
12;2025-12-15;19;2471
12;2025-12-15;20;1638
12;2025-12-15;21;979
12;2025-12-15;22;489
12;2025-12-15;23;247
12;2025-12-16;0;53
12;2025-12-16;1;1
12;2025-12-16;2;0
12;2025-12-16;3;0
12;2025-12-16;4;6
12;2025-12-16;5;358
12;2025-12-16;6;1506
12;2025-12-16;7;2700
12;2025-12-16;8;3569
12;2025-12-16;9;2506
12;2025-12-16;10;2070
12;2025-12-16;11;1945
12;2025-12-16;12;1953
12;2025-12-16;13;1952
12;2025-12-16;14;1896
12;2025-12-16;15;2165
12;2025-12-16;16;2673
12;2025-12-16;17;3045
12;2025-12-16;18;3203
12;2025-12-16;19;2505
12;2025-12-16;20;1620
12;2025-12-16;21;980
12;2025-12-16;22;512
12;2025-12-16;23;253
12;2025-12-17;0;57
12;2025-12-17;1;2
12;2025-12-17;2;0
12;2025-12-17;3;0
12;2025-12-17;4;5
12;2025-12-17;5;356
12;2025-12-17;6;1504
12;2025-12-17;7;2686
12;2025-12-17;8;3485
12;2025-12-17;9;2516
12;2025-12-17;10;2086
12;2025-12-17;11;1961
12;2025-12-17;12;1984
12;2025-12-17;13;1958
12;2025-12-17;14;1909
12;2025-12-17;15;2203
12;2025-12-17;16;2708
12;2025-12-17;17;3015
12;2025-12-17;18;3182
12;2025-12-17;19;2484
12;2025-12-17;20;1640
12;2025-12-17;21;1008
12;2025-12-17;22;516
12;2025-12-17;23;262
12;2025-12-18;0;55
12;2025-12-18;1;2
12;2025-12-18;2;0
12;2025-12-18;3;0
12;2025-12-18;4;6
12;2025-12-18;5;349
12;2025-12-18;6;1472
12;2025-12-18;7;2696
12;2025-12-18;8;3502
12;2025-12-18;9;2460
12;2025-12-18;10;2051
12;2025-12-18;11;1940
12;2025-12-18;12;1972
12;2025-12-18;13;1956
12;2025-12-18;14;1907
12;2025-12-18;15;2172
12;2025-12-18;16;2706
12;2025-12-18;17;3033
12;2025-12-18;18;3249
12;2025-12-18;19;2504
12;2025-12-18;20;1655
12;2025-12-18;21;995
12;2025-12-18;22;518
12;2025-12-18;23;272
12;2025-12-19;0;58
12;2025-12-19;1;2
12;2025-12-19;2;0
12;2025-12-19;3;0
12;2025-12-19;4;6
12;2025-12-19;5;348
12;2025-12-19;6;1461
12;2025-12-19;7;2640
12;2025-12-19;8;3449
12;2025-12-19;9;2390
12;2025-12-19;10;1999
12;2025-12-19;11;1935
12;2025-12-19;12;1932
12;2025-12-19;13;1951
12;2025-12-19;14;1959
12;2025-12-19;15;2321
12;2025-12-19;16;2925
12;2025-12-19;17;2998
12;2025-12-19;18;2613
12;2025-12-19;19;2209
12;2025-12-19;20;1501
12;2025-12-19;21;995
12;2025-12-19;22;523
12;2025-12-19;23;298
12;2025-12-20;0;80
12;2025-12-20;1;4
12;2025-12-20;2;0
12;2025-12-20;3;0
12;2025-12-20;4;3
12;2025-12-20;5;249
12;2025-12-20;6;813
12;2025-12-20;7;893
12;2025-12-20;8;943
12;2025-12-20;9;1090
12;2025-12-20;10;1337
12;2025-12-20;11;1411
12;2025-12-20;12;1412
12;2025-12-20;13;1626
12;2025-12-20;14;1524
12;2025-12-20;15;1418
12;2025-12-20;16;1474
12;2025-12-20;17;1441
12;2025-12-20;18;1353
12;2025-12-20;19;1258
12;2025-12-20;20;932
12;2025-12-20;21;688
12;2025-12-20;22;424
12;2025-12-20;23;277
12;2025-12-21;0;88
12;2025-12-21;1;9
12;2025-12-21;2;2
12;2025-12-21;3;2
12;2025-12-21;4;4
12;2025-12-21;5;175
12;2025-12-21;6;560
12;2025-12-21;7;668
12;2025-12-21;8;736
12;2025-12-21;9;938
12;2025-12-21;10;1161
12;2025-12-21;11;1298
12;2025-12-21;12;1358
12;2025-12-21;13;1545
12;2025-12-21;14;1484
12;2025-12-21;15;1378
12;2025-12-21;16;1468
12;2025-12-21;17;1496
12;2025-12-21;18;1264
12;2025-12-21;19;1037
12;2025-12-21;20;787
12;2025-12-21;21;604
12;2025-12-21;22;409
12;2025-12-21;23;231
12;2025-12-22;0;71
12;2025-12-22;1;3
12;2025-12-22;2;0
12;2025-12-22;3;0
12;2025-12-22;4;6
12;2025-12-22;5;359
12;2025-12-22;6;1420
12;2025-12-22;7;2635
12;2025-12-22;8;3483
12;2025-12-22;9;2459
12;2025-12-22;10;1998
12;2025-12-22;11;1859
12;2025-12-22;12;1909
12;2025-12-22;13;1871
12;2025-12-22;14;1817
12;2025-12-22;15;2124
12;2025-12-22;16;2648
12;2025-12-22;17;2939
12;2025-12-22;18;3175
12;2025-12-22;19;2468
12;2025-12-22;20;1583
12;2025-12-22;21;950
12;2025-12-22;22;484
12;2025-12-22;23;245
12;2025-12-23;0;53
12;2025-12-23;1;2
12;2025-12-23;2;0
12;2025-12-23;3;0
12;2025-12-23;4;5
12;2025-12-23;5;353
12;2025-12-23;6;1441
12;2025-12-23;7;2695
12;2025-12-23;8;3552
12;2025-12-23;9;2496
12;2025-12-23;10;2034
12;2025-12-23;11;1886
12;2025-12-23;12;1893
12;2025-12-23;13;1895
12;2025-12-23;14;1837
12;2025-12-23;15;2136
12;2025-12-23;16;2667
12;2025-12-23;17;3039
12;2025-12-23;18;3177
12;2025-12-23;19;2493
12;2025-12-23;20;1553
12;2025-12-23;21;941
12;2025-12-23;22;489
12;2025-12-23;23;247
12;2025-12-24;0;55
12;2025-12-24;1;2
12;2025-12-24;2;0
12;2025-12-24;3;0
12;2025-12-24;4;5
12;2025-12-24;5;351
12;2025-12-24;6;1443
12;2025-12-24;7;2682
12;2025-12-24;8;3453
12;2025-12-24;9;2501
12;2025-12-24;10;2046
12;2025-12-24;11;1902
12;2025-12-24;12;1921
12;2025-12-24;13;1895
12;2025-12-24;14;1847
12;2025-12-24;15;2156
12;2025-12-24;16;2691
12;2025-12-24;17;2999
12;2025-12-24;18;3159
12;2025-12-24;19;2471
12;2025-12-24;20;1575
12;2025-12-24;21;973
12;2025-12-24;22;494
12;2025-12-24;23;255
12;2025-12-25;0;58
12;2025-12-25;1;2
12;2025-12-25;2;0
12;2025-12-25;3;0
12;2025-12-25;4;8
12;2025-12-25;5;347
12;2025-12-25;6;1416
12;2025-12-25;7;2684
12;2025-12-25;8;3463
12;2025-12-25;9;2456
12;2025-12-25;10;2016
12;2025-12-25;11;1883
12;2025-12-25;12;1910
12;2025-12-25;13;1891
12;2025-12-25;14;1851
12;2025-12-25;15;2139
12;2025-12-25;16;2697
12;2025-12-25;17;3018
12;2025-12-25;18;3221
12;2025-12-25;19;2492
12;2025-12-25;20;1591
12;2025-12-25;21;965
12;2025-12-25;22;498
12;2025-12-25;23;271
12;2025-12-26;0;60
12;2025-12-26;1;3
12;2025-12-26;2;1
12;2025-12-26;3;1
12;2025-12-26;4;9
12;2025-12-26;5;347
12;2025-12-26;6;1410
12;2025-12-26;7;2631
12;2025-12-26;8;3427
12;2025-12-26;9;2389
12;2025-12-26;10;1965
12;2025-12-26;11;1883
12;2025-12-26;12;1884
12;2025-12-26;13;1900
12;2025-12-26;14;1915
12;2025-12-26;15;2305
12;2025-12-26;16;2922
12;2025-12-26;17;2996
12;2025-12-26;18;2623
12;2025-12-26;19;2226
12;2025-12-26;20;1461
12;2025-12-26;21;969
12;2025-12-26;22;507
12;2025-12-26;23;299
12;2025-12-27;0;82
12;2025-12-27;1;4
12;2025-12-27;2;0
12;2025-12-27;3;0
12;2025-12-27;4;4
12;2025-12-27;5;248
12;2025-12-27;6;792
12;2025-12-27;7;866
12;2025-12-27;8;919
12;2025-12-27;9;1071
12;2025-12-27;10;1313
12;2025-12-27;11;1387
12;2025-12-27;12;1389
12;2025-12-27;13;1604
12;2025-12-27;14;1506
12;2025-12-27;15;1400
12;2025-12-27;16;1459
12;2025-12-27;17;1427
12;2025-12-27;18;1338
12;2025-12-27;19;1240
12;2025-12-27;20;910
12;2025-12-27;21;667
12;2025-12-27;22;422
12;2025-12-27;23;277
12;2025-12-28;0;88
12;2025-12-28;1;9
12;2025-12-28;2;2
12;2025-12-28;3;2
12;2025-12-28;4;6
12;2025-12-28;5;177
12;2025-12-28;6;552
12;2025-12-28;7;660
12;2025-12-28;8;731
12;2025-12-28;9;935
12;2025-12-28;10;1157
12;2025-12-28;11;1291
12;2025-12-28;12;1350
12;2025-12-28;13;1544
12;2025-12-28;14;1484
12;2025-12-28;15;1378
12;2025-12-28;16;1465
12;2025-12-28;17;1492
12;2025-12-28;18;1255
12;2025-12-28;19;1029
12;2025-12-28;20;781
12;2025-12-28;21;600
12;2025-12-28;22;406
12;2025-12-28;23;229
12;2025-12-29;0;66
12;2025-12-29;1;4
12;2025-12-29;2;1
12;2025-12-29;3;1
12;2025-12-29;4;6
12;2025-12-29;5;347
12;2025-12-29;6;1405
12;2025-12-29;7;2644
12;2025-12-29;8;3478
12;2025-12-29;9;2457
12;2025-12-29;10;1995
12;2025-12-29;11;1856
12;2025-12-29;12;1911
12;2025-12-29;13;1882
12;2025-12-29;14;1819
12;2025-12-29;15;2133
12;2025-12-29;16;2656
12;2025-12-29;17;2948
12;2025-12-29;18;3174
12;2025-12-29;19;2465
12;2025-12-29;20;1552
12;2025-12-29;21;920
12;2025-12-29;22;459
12;2025-12-29;23;229
12;2025-12-30;0;39
12;2025-12-30;1;2
12;2025-12-30;2;0
12;2025-12-30;3;0
12;2025-12-30;4;5
12;2025-12-30;5;318
12;2025-12-30;6;1343
12;2025-12-30;7;2651
12;2025-12-30;8;3490
12;2025-12-30;9;2416
12;2025-12-30;10;1950
12;2025-12-30;11;1805
12;2025-12-30;12;1816
12;2025-12-30;13;1830
12;2025-12-30;14;1781
12;2025-12-30;15;2101
12;2025-12-30;16;2642
12;2025-12-30;17;3008
12;2025-12-30;18;3148
12;2025-12-30;19;2372
12;2025-12-30;20;1403
12;2025-12-30;21;863
12;2025-12-30;22;442
12;2025-12-30;23;220
12;2025-12-31;0;34
12;2025-12-31;1;1
12;2025-12-31;2;0
12;2025-12-31;3;0
12;2025-12-31;4;1
12;2025-12-31;5;147
12;2025-12-31;6;404
12;2025-12-31;7;440
12;2025-12-31;8;491
12;2025-12-31;9;627
12;2025-12-31;10;852
12;2025-12-31;11;1012
12;2025-12-31;12;1142
12;2025-12-31;13;1391
12;2025-12-31;14;1327
12;2025-12-31;15;1208
12;2025-12-31;16;1346
12;2025-12-31;17;1229
12;2025-12-31;18;1184
12;2025-12-31;19;1006
12;2025-12-31;20;658
12;2025-12-31;21;607
12;2025-12-31;22;390
12;2025-12-31;23;229
17;2025-11-01;0;191
17;2025-11-01;1;19
17;2025-11-01;2;0
17;2025-11-01;3;0
17;2025-11-01;4;16
17;2025-11-01;5;225
17;2025-11-01;6;1403
17;2025-11-01;7;2861
17;2025-11-01;8;3670
17;2025-11-01;9;3451
17;2025-11-01;10;3140
17;2025-11-01;11;3341
17;2025-11-01;12;3485
17;2025-11-01;13;3586
17;2025-11-01;14;3585
17;2025-11-01;15;3707
17;2025-11-01;16;3919
17;2025-11-01;17;4384
17;2025-11-01;18;4219
17;2025-11-01;19;3357
17;2025-11-01;20;2524
17;2025-11-01;21;1631
17;2025-11-01;22;976
17;2025-11-01;23;470
17;2025-11-02;0;183
17;2025-11-02;1;25
17;2025-11-02;2;0
17;2025-11-02;3;0
17;2025-11-02;4;3
17;2025-11-02;5;98
17;2025-11-02;6;418
17;2025-11-02;7;769
17;2025-11-02;8;1193
17;2025-11-02;9;1714
17;2025-11-02;10;1961
17;2025-11-02;11;2348
17;2025-11-02;12;2758
17;2025-11-02;13;3032
17;2025-11-02;14;3067
17;2025-11-02;15;3077
17;2025-11-02;16;3009
17;2025-11-02;17;2891
17;2025-11-02;18;2582
17;2025-11-02;19;2088
17;2025-11-02;20;1637
17;2025-11-02;21;1165
17;2025-11-02;22;743
17;2025-11-02;23;346
17;2025-11-03;0;133
17;2025-11-03;1;21
17;2025-11-03;2;0
17;2025-11-03;3;0
17;2025-11-03;4;5
17;2025-11-03;5;124
17;2025-11-03;6;461
17;2025-11-03;7;928
17;2025-11-03;8;1663
17;2025-11-03;9;1723
17;2025-11-03;10;1841
17;2025-11-03;11;2240
17;2025-11-03;12;2539
17;2025-11-03;13;2741
17;2025-11-03;14;2820
17;2025-11-03;15;2903
17;2025-11-03;16;2951
17;2025-11-03;17;2923
17;2025-11-03;18;2833
17;2025-11-03;19;2142
17;2025-11-03;20;1653
17;2025-11-03;21;1235
17;2025-11-03;22;766
17;2025-11-03;23;365
17;2025-11-04;0;156
17;2025-11-04;1;30
17;2025-11-04;2;16
17;2025-11-04;3;4
17;2025-11-04;4;6
17;2025-11-04;5;116
17;2025-11-04;6;447
17;2025-11-04;7;986
17;2025-11-04;8;1632
17;2025-11-04;9;1727
17;2025-11-04;10;1813
17;2025-11-04;11;2190
17;2025-11-04;12;2485
17;2025-11-04;13;2752
17;2025-11-04;14;2824
17;2025-11-04;15;2902
17;2025-11-04;16;3006
17;2025-11-04;17;3046
17;2025-11-04;18;2814
17;2025-11-04;19;2276
17;2025-11-04;20;1667
17;2025-11-04;21;1293
17;2025-11-04;22;777
17;2025-11-04;23;366
17;2025-11-05;0;131
17;2025-11-05;1;12
17;2025-11-05;2;0
17;2025-11-05;3;0
17;2025-11-05;4;24
17;2025-11-05;5;304
17;2025-11-05;6;1523
17;2025-11-05;7;3986
17;2025-11-05;8;5268
17;2025-11-05;9;3826
17;2025-11-05;10;3023
17;2025-11-05;11;2973
17;2025-11-05;12;3018
17;2025-11-05;13;3092
17;2025-11-05;14;3109
17;2025-11-05;15;3258
17;2025-11-05;16;3555
17;2025-11-05;17;4413
17;2025-11-05;18;4833
17;2025-11-05;19;3474
17;2025-11-05;20;2382
17;2025-11-05;21;1553
17;2025-11-05;22;868
17;2025-11-05;23;420
17;2025-11-06;0;142
17;2025-11-06;1;10
17;2025-11-06;2;0
17;2025-11-06;3;0
17;2025-11-06;4;25
17;2025-11-06;5;306
17;2025-11-06;6;1532
17;2025-11-06;7;3939
17;2025-11-06;8;5236
17;2025-11-06;9;3830
17;2025-11-06;10;3035
17;2025-11-06;11;2961
17;2025-11-06;12;3031
17;2025-11-06;13;3107
17;2025-11-06;14;3114
17;2025-11-06;15;3271
17;2025-11-06;16;3621
17;2025-11-06;17;4455
17;2025-11-06;18;4880
17;2025-11-06;19;3542
17;2025-11-06;20;2438
17;2025-11-06;21;1605
17;2025-11-06;22;882
17;2025-11-06;23;424
17;2025-11-07;0;148
17;2025-11-07;1;14
17;2025-11-07;2;0
17;2025-11-07;3;0
17;2025-11-07;4;24
17;2025-11-07;5;305
17;2025-11-07;6;1515
17;2025-11-07;7;3916
17;2025-11-07;8;5180
17;2025-11-07;9;3765
17;2025-11-07;10;2994
17;2025-11-07;11;2980
17;2025-11-07;12;3025
17;2025-11-07;13;3106
17;2025-11-07;14;3161
17;2025-11-07;15;3399
17;2025-11-07;16;3945
17;2025-11-07;17;4539
17;2025-11-07;18;4453
17;2025-11-07;19;3305
17;2025-11-07;20;2340
17;2025-11-07;21;1612
17;2025-11-07;22;898
17;2025-11-07;23;469
17;2025-11-08;0;268
17;2025-11-08;1;26
17;2025-11-08;2;0
17;2025-11-08;3;0
17;2025-11-08;4;4
17;2025-11-08;5;122
17;2025-11-08;6;513
17;2025-11-08;7;1048
17;2025-11-08;8;1615
17;2025-11-08;9;2049
17;2025-11-08;10;2232
17;2025-11-08;11;2645
17;2025-11-08;12;2913
17;2025-11-08;13;3123
17;2025-11-08;14;3166
17;2025-11-08;15;3172
17;2025-11-08;16;3162
17;2025-11-08;17;3073
17;2025-11-08;18;2793
17;2025-11-08;19;2316
17;2025-11-08;20;1841
17;2025-11-08;21;1334
17;2025-11-08;22;840
17;2025-11-08;23;426
17;2025-11-09;0;186
17;2025-11-09;1;24
17;2025-11-09;2;0
17;2025-11-09;3;0
17;2025-11-09;4;3
17;2025-11-09;5;98
17;2025-11-09;6;423
17;2025-11-09;7;764
17;2025-11-09;8;1190
17;2025-11-09;9;1711
17;2025-11-09;10;1954
17;2025-11-09;11;2349
17;2025-11-09;12;2750
17;2025-11-09;13;3027
17;2025-11-09;14;3064
17;2025-11-09;15;3075
17;2025-11-09;16;3015
17;2025-11-09;17;2897
17;2025-11-09;18;2592
17;2025-11-09;19;2106
17;2025-11-09;20;1672
17;2025-11-09;21;1177
17;2025-11-09;22;753
17;2025-11-09;23;340
17;2025-11-10;0;107
17;2025-11-10;1;7
17;2025-11-10;2;0
17;2025-11-10;3;0
17;2025-11-10;4;18
17;2025-11-10;5;295
17;2025-11-10;6;1523
17;2025-11-10;7;3980
17;2025-11-10;8;5276
17;2025-11-10;9;3772
17;2025-11-10;10;2936
17;2025-11-10;11;2896
17;2025-11-10;12;2919
17;2025-11-10;13;2990
17;2025-11-10;14;2980
17;2025-11-10;15;3207
17;2025-11-10;16;3530
17;2025-11-10;17;4468
17;2025-11-10;18;4915
17;2025-11-10;19;3483
17;2025-11-10;20;2377
17;2025-11-10;21;1488
17;2025-11-10;22;820
17;2025-11-10;23;356
17;2025-11-11;0;121
17;2025-11-11;1;9
17;2025-11-11;2;0
17;2025-11-11;3;0
17;2025-11-11;4;25
17;2025-11-11;5;303
17;2025-11-11;6;1560
17;2025-11-11;7;4078
17;2025-11-11;8;5273
17;2025-11-11;9;3868
17;2025-11-11;10;3019
17;2025-11-11;11;2925
17;2025-11-11;12;2976
17;2025-11-11;13;3013
17;2025-11-11;14;3071
17;2025-11-11;15;3213
17;2025-11-11;16;3550
17;2025-11-11;17;4520
17;2025-11-11;18;4979
17;2025-11-11;19;3514
17;2025-11-11;20;2409
17;2025-11-11;21;1541
17;2025-11-11;22;849
17;2025-11-11;23;390
17;2025-11-12;0;132
17;2025-11-12;1;12
17;2025-11-12;2;0
17;2025-11-12;3;0
17;2025-11-12;4;25
17;2025-11-12;5;308
17;2025-11-12;6;1538
17;2025-11-12;7;3996
17;2025-11-12;8;5246
17;2025-11-12;9;3820
17;2025-11-12;10;3031
17;2025-11-12;11;2979
17;2025-11-12;12;3024
17;2025-11-12;13;3080
17;2025-11-12;14;3100
17;2025-11-12;15;3252
17;2025-11-12;16;3553
17;2025-11-12;17;4445
17;2025-11-12;18;4821
17;2025-11-12;19;3481
17;2025-11-12;20;2397
17;2025-11-12;21;1576
17;2025-11-12;22;875
17;2025-11-12;23;426
17;2025-11-13;0;142
17;2025-11-13;1;10
17;2025-11-13;2;0
17;2025-11-13;3;0
17;2025-11-13;4;27
17;2025-11-13;5;310
17;2025-11-13;6;1547
17;2025-11-13;7;3960
17;2025-11-13;8;5238
17;2025-11-13;9;3832
17;2025-11-13;10;3041
17;2025-11-13;11;2965
17;2025-11-13;12;3033
17;2025-11-13;13;3094
17;2025-11-13;14;3104
17;2025-11-13;15;3263
17;2025-11-13;16;3612
17;2025-11-13;17;4483
17;2025-11-13;18;4891
17;2025-11-13;19;3543
17;2025-11-13;20;2443
17;2025-11-13;21;1614
17;2025-11-13;22;891
17;2025-11-13;23;433
17;2025-11-14;0;150
17;2025-11-14;1;14
17;2025-11-14;2;0
17;2025-11-14;3;0
17;2025-11-14;4;25
17;2025-11-14;5;306
17;2025-11-14;6;1520
17;2025-11-14;7;3922
17;2025-11-14;8;5172
17;2025-11-14;9;3776
17;2025-11-14;10;3004
17;2025-11-14;11;2988
17;2025-11-14;12;3034
17;2025-11-14;13;3116
17;2025-11-14;14;3169
17;2025-11-14;15;3411
17;2025-11-14;16;3962
17;2025-11-14;17;4559
17;2025-11-14;18;4476
17;2025-11-14;19;3315
17;2025-11-14;20;2349
17;2025-11-14;21;1610
17;2025-11-14;22;895
17;2025-11-14;23;479
17;2025-11-15;0;271
17;2025-11-15;1;29
17;2025-11-15;2;0
17;2025-11-15;3;0
17;2025-11-15;4;5
17;2025-11-15;5;124
17;2025-11-15;6;528
17;2025-11-15;7;1063
17;2025-11-15;8;1641
17;2025-11-15;9;2078
17;2025-11-15;10;2263
17;2025-11-15;11;2659
17;2025-11-15;12;2945
17;2025-11-15;13;3155
17;2025-11-15;14;3202
17;2025-11-15;15;3202
17;2025-11-15;16;3190
17;2025-11-15;17;3106
17;2025-11-15;18;2807
17;2025-11-15;19;2338
17;2025-11-15;20;1854
17;2025-11-15;21;1333
17;2025-11-15;22;841
17;2025-11-15;23;444
17;2025-11-16;0;195
17;2025-11-16;1;30
17;2025-11-16;2;0
17;2025-11-16;3;0
17;2025-11-16;4;3
17;2025-11-16;5;99
17;2025-11-16;6;437
17;2025-11-16;7;762
17;2025-11-16;8;1200
17;2025-11-16;9;1742
17;2025-11-16;10;2027
17;2025-11-16;11;2420
17;2025-11-16;12;2823
17;2025-11-16;13;3104
17;2025-11-16;14;3146
17;2025-11-16;15;3156
17;2025-11-16;16;3097
17;2025-11-16;17;2964
17;2025-11-16;18;2667
17;2025-11-16;19;2171
17;2025-11-16;20;1695
17;2025-11-16;21;1218
17;2025-11-16;22;774
17;2025-11-16;23;370
17;2025-11-17;0;119
17;2025-11-17;1;17
17;2025-11-17;2;0
17;2025-11-17;3;0
17;2025-11-17;4;27
17;2025-11-17;5;303
17;2025-11-17;6;1540
17;2025-11-17;7;4004
17;2025-11-17;8;5286
17;2025-11-17;9;3813
17;2025-11-17;10;2974
17;2025-11-17;11;2931
17;2025-11-17;12;2954
17;2025-11-17;13;3027
17;2025-11-17;14;3008
17;2025-11-17;15;3237
17;2025-11-17;16;3552
17;2025-11-17;17;4495
17;2025-11-17;18;4926
17;2025-11-17;19;3504
17;2025-11-17;20;2392
17;2025-11-17;21;1501
17;2025-11-17;22;829
17;2025-11-17;23;363
17;2025-11-18;0;123
17;2025-11-18;1;10
17;2025-11-18;2;0
17;2025-11-18;3;0
17;2025-11-18;4;26
17;2025-11-18;5;306
17;2025-11-18;6;1565
17;2025-11-18;7;4092
17;2025-11-18;8;5292
17;2025-11-18;9;3890
17;2025-11-18;10;3036
17;2025-11-18;11;2941
17;2025-11-18;12;2992
17;2025-11-18;13;3032
17;2025-11-18;14;3090
17;2025-11-18;15;3235
17;2025-11-18;16;3567
17;2025-11-18;17;4543
17;2025-11-18;18;4988
17;2025-11-18;19;3530
17;2025-11-18;20;2430
17;2025-11-18;21;1559
17;2025-11-18;22;860
17;2025-11-18;23;401
17;2025-11-19;0;133
17;2025-11-19;1;12
17;2025-11-19;2;0
17;2025-11-19;3;0
17;2025-11-19;4;26
17;2025-11-19;5;310
17;2025-11-19;6;1543
17;2025-11-19;7;4028
17;2025-11-19;8;5274
17;2025-11-19;9;3841
17;2025-11-19;10;3050
17;2025-11-19;11;2998
17;2025-11-19;12;3043
17;2025-11-19;13;3101
17;2025-11-19;14;3120
17;2025-11-19;15;3272
17;2025-11-19;16;3570
17;2025-11-19;17;4476
17;2025-11-19;18;4851
17;2025-11-19;19;3508
17;2025-11-19;20;2416
17;2025-11-19;21;1595
17;2025-11-19;22;888
17;2025-11-19;23;435
17;2025-11-20;0;144
17;2025-11-20;1;11
17;2025-11-20;2;0
17;2025-11-20;3;0
17;2025-11-20;4;26
17;2025-11-20;5;312
17;2025-11-20;6;1554
17;2025-11-20;7;3964
17;2025-11-20;8;5232
17;2025-11-20;9;3844
17;2025-11-20;10;3050
17;2025-11-20;11;2975
17;2025-11-20;12;3042
17;2025-11-20;13;3105
17;2025-11-20;14;3116
17;2025-11-20;15;3275
17;2025-11-20;16;3624
17;2025-11-20;17;4498
17;2025-11-20;18;4881
17;2025-11-20;19;3555
17;2025-11-20;20;2453
17;2025-11-20;21;1623
17;2025-11-20;22;900
17;2025-11-20;23;439
17;2025-11-21;0;152
17;2025-11-21;1;15
17;2025-11-21;2;0
17;2025-11-21;3;0
17;2025-11-21;4;26
17;2025-11-21;5;308
17;2025-11-21;6;1527
17;2025-11-21;7;3935
17;2025-11-21;8;5165
17;2025-11-21;9;3783
17;2025-11-21;10;3006
17;2025-11-21;11;2991
17;2025-11-21;12;3029
17;2025-11-21;13;3119
17;2025-11-21;14;3173
17;2025-11-21;15;3415
17;2025-11-21;16;3973
17;2025-11-21;17;4564
17;2025-11-21;18;4482
17;2025-11-21;19;3319
17;2025-11-21;20;2357
17;2025-11-21;21;1620
17;2025-11-21;22;910
17;2025-11-21;23;489
17;2025-11-22;0;272
17;2025-11-22;1;30
17;2025-11-22;2;0
17;2025-11-22;3;0
17;2025-11-22;4;5
17;2025-11-22;5;123
17;2025-11-22;6;530
17;2025-11-22;7;1069
17;2025-11-22;8;1630
17;2025-11-22;9;2058
17;2025-11-22;10;2244
17;2025-11-22;11;2638
17;2025-11-22;12;2908
17;2025-11-22;13;3127
17;2025-11-22;14;3170
17;2025-11-22;15;3168
17;2025-11-22;16;3158
17;2025-11-22;17;3067
17;2025-11-22;18;2783
17;2025-11-22;19;2324
17;2025-11-22;20;1841
17;2025-11-22;21;1330
17;2025-11-22;22;849
17;2025-11-22;23;444
17;2025-11-23;0;189
17;2025-11-23;1;26
17;2025-11-23;2;0
17;2025-11-23;3;0
17;2025-11-23;4;1
17;2025-11-23;5;96
17;2025-11-23;6;429
17;2025-11-23;7;753
17;2025-11-23;8;1187
17;2025-11-23;9;1716
17;2025-11-23;10;1947
17;2025-11-23;11;2341
17;2025-11-23;12;2742
17;2025-11-23;13;3022
17;2025-11-23;14;3063
17;2025-11-23;15;3073
17;2025-11-23;16;3002
17;2025-11-23;17;2875
17;2025-11-23;18;2577
17;2025-11-23;19;2102
17;2025-11-23;20;1680
17;2025-11-23;21;1195
17;2025-11-23;22;766
17;2025-11-23;23;361
17;2025-11-24;0;119
17;2025-11-24;1;13
17;2025-11-24;2;0
17;2025-11-24;3;0
17;2025-11-24;4;26
17;2025-11-24;5;309
17;2025-11-24;6;1546
17;2025-11-24;7;4002
17;2025-11-24;8;5286
17;2025-11-24;9;3811
17;2025-11-24;10;2969
17;2025-11-24;11;2927
17;2025-11-24;12;2955
17;2025-11-24;13;3025
17;2025-11-24;14;3006
17;2025-11-24;15;3239
17;2025-11-24;16;3559
17;2025-11-24;17;4496
17;2025-11-24;18;4909
17;2025-11-24;19;3506
17;2025-11-24;20;2388
17;2025-11-24;21;1501
17;2025-11-24;22;829
17;2025-11-24;23;364
17;2025-11-25;0;124
17;2025-11-25;1;9
17;2025-11-25;2;0
17;2025-11-25;3;0
17;2025-11-25;4;26
17;2025-11-25;5;306
17;2025-11-25;6;1571
17;2025-11-25;7;4084
17;2025-11-25;8;5277
17;2025-11-25;9;3886
17;2025-11-25;10;3031
17;2025-11-25;11;2940
17;2025-11-25;12;2991
17;2025-11-25;13;3030
17;2025-11-25;14;3095
17;2025-11-25;15;3237
17;2025-11-25;16;3574
17;2025-11-25;17;4543
17;2025-11-25;18;4975
17;2025-11-25;19;3529
17;2025-11-25;20;2427
17;2025-11-25;21;1564
17;2025-11-25;22;862
17;2025-11-25;23;402
17;2025-11-26;0;134
17;2025-11-26;1;12
17;2025-11-26;2;0
17;2025-11-26;3;0
17;2025-11-26;4;26
17;2025-11-26;5;312
17;2025-11-26;6;1552
17;2025-11-26;7;4001
17;2025-11-26;8;5251
17;2025-11-26;9;3835
17;2025-11-26;10;3025
17;2025-11-26;11;2973
17;2025-11-26;12;3024
17;2025-11-26;13;3101
17;2025-11-26;14;3120
17;2025-11-26;15;3272
17;2025-11-26;16;3569
17;2025-11-26;17;4466
17;2025-11-26;18;4821
17;2025-11-26;19;3504
17;2025-11-26;20;2415
17;2025-11-26;21;1609
17;2025-11-26;22;884
17;2025-11-26;23;434
17;2025-11-27;0;143
17;2025-11-27;1;11
17;2025-11-27;2;0
17;2025-11-27;3;0
17;2025-11-27;4;26
17;2025-11-27;5;313
17;2025-11-27;6;1550
17;2025-11-27;7;3954
17;2025-11-27;8;5234
17;2025-11-27;9;3841
17;2025-11-27;10;3028
17;2025-11-27;11;2956
17;2025-11-27;12;3029
17;2025-11-27;13;3108
17;2025-11-27;14;3115
17;2025-11-27;15;3281
17;2025-11-27;16;3629
17;2025-11-27;17;4495
17;2025-11-27;18;4867
17;2025-11-27;19;3555
17;2025-11-27;20;2454
17;2025-11-27;21;1632
17;2025-11-27;22;897
17;2025-11-27;23;435
17;2025-11-28;0;151
17;2025-11-28;1;14
17;2025-11-28;2;0
17;2025-11-28;3;0
17;2025-11-28;4;25
17;2025-11-28;5;309
17;2025-11-28;6;1531
17;2025-11-28;7;3930
17;2025-11-28;8;5165
17;2025-11-28;9;3781
17;2025-11-28;10;2981
17;2025-11-28;11;2971
17;2025-11-28;12;3022
17;2025-11-28;13;3128
17;2025-11-28;14;3182
17;2025-11-28;15;3423
17;2025-11-28;16;3966
17;2025-11-28;17;4561
17;2025-11-28;18;4479
17;2025-11-28;19;3320
17;2025-11-28;20;2360
17;2025-11-28;21;1639
17;2025-11-28;22;906
17;2025-11-28;23;482
17;2025-11-29;0;267
17;2025-11-29;1;28
17;2025-11-29;2;0
17;2025-11-29;3;0
17;2025-11-29;4;5
17;2025-11-29;5;121
17;2025-11-29;6;524
17;2025-11-29;7;1062
17;2025-11-29;8;1596
17;2025-11-29;9;1988
17;2025-11-29;10;2208
17;2025-11-29;11;2610
17;2025-11-29;12;2882
17;2025-11-29;13;3121
17;2025-11-29;14;3166
17;2025-11-29;15;3164
17;2025-11-29;16;3151
17;2025-11-29;17;3053
17;2025-11-29;18;2754
17;2025-11-29;19;2320
17;2025-11-29;20;1842
17;2025-11-29;21;1344
17;2025-11-29;22;847
17;2025-11-29;23;440
17;2025-11-30;0;189
17;2025-11-30;1;26
17;2025-11-30;2;0
17;2025-11-30;3;0
17;2025-11-30;4;3
17;2025-11-30;5;98
17;2025-11-30;6;422
17;2025-11-30;7;753
17;2025-11-30;8;1189
17;2025-11-30;9;1681
17;2025-11-30;10;1908
17;2025-11-30;11;2323
17;2025-11-30;12;2728
17;2025-11-30;13;3012
17;2025-11-30;14;3059
17;2025-11-30;15;3069
17;2025-11-30;16;2994
17;2025-11-30;17;2860
17;2025-11-30;18;2558
17;2025-11-30;19;2095
17;2025-11-30;20;1680
17;2025-11-30;21;1202
17;2025-11-30;22;758
17;2025-11-30;23;353
17;2025-12-01;0;115
17;2025-12-01;1;13
17;2025-12-01;2;0
17;2025-12-01;3;0
17;2025-12-01;4;25
17;2025-12-01;5;304
17;2025-12-01;6;1542
17;2025-12-01;7;4009
17;2025-12-01;8;5304
17;2025-12-01;9;3814
17;2025-12-01;10;2953
17;2025-12-01;11;2914
17;2025-12-01;12;2943
17;2025-12-01;13;3012
17;2025-12-01;14;2993
17;2025-12-01;15;3240
17;2025-12-01;16;3554
17;2025-12-01;17;4493
17;2025-12-01;18;4913
17;2025-12-01;19;3497
17;2025-12-01;20;2387
17;2025-12-01;21;1507
17;2025-12-01;22;815
17;2025-12-01;23;359
17;2025-12-02;0;123
17;2025-12-02;1;10
17;2025-12-02;2;0
17;2025-12-02;3;0
17;2025-12-02;4;26
17;2025-12-02;5;301
17;2025-12-02;6;1565
17;2025-12-02;7;4092
17;2025-12-02;8;5292
17;2025-12-02;9;3889
17;2025-12-02;10;3018
17;2025-12-02;11;2926
17;2025-12-02;12;2978
17;2025-12-02;13;3017
17;2025-12-02;14;3090
17;2025-12-02;15;3239
17;2025-12-02;16;3575
17;2025-12-02;17;4549
17;2025-12-02;18;4985
17;2025-12-02;19;3534
17;2025-12-02;20;2436
17;2025-12-02;21;1580
17;2025-12-02;22;855
17;2025-12-02;23;396
17;2025-12-03;0;132
17;2025-12-03;1;12
17;2025-12-03;2;0
17;2025-12-03;3;0
17;2025-12-03;4;26
17;2025-12-03;5;308
17;2025-12-03;6;1544
17;2025-12-03;7;4014
17;2025-12-03;8;5263
17;2025-12-03;9;3844
17;2025-12-03;10;3029
17;2025-12-03;11;2979
17;2025-12-03;12;3030
17;2025-12-03;13;3106
17;2025-12-03;14;3126
17;2025-12-03;15;3279
17;2025-12-03;16;3575
17;2025-12-03;17;4467
17;2025-12-03;18;4830
17;2025-12-03;19;3503
17;2025-12-03;20;2415
17;2025-12-03;21;1611
17;2025-12-03;22;880
17;2025-12-03;23;428
17;2025-12-04;0;141
17;2025-12-04;1;11
17;2025-12-04;2;0
17;2025-12-04;3;0
17;2025-12-04;4;26
17;2025-12-04;5;308
17;2025-12-04;6;1551
17;2025-12-04;7;3968
17;2025-12-04;8;5245
17;2025-12-04;9;3849
17;2025-12-04;10;3032
17;2025-12-04;11;2962
17;2025-12-04;12;3035
17;2025-12-04;13;3112
17;2025-12-04;14;3118
17;2025-12-04;15;3286
17;2025-12-04;16;3633
17;2025-12-04;17;4503
17;2025-12-04;18;4886
17;2025-12-04;19;3560
17;2025-12-04;20;2456
17;2025-12-04;21;1638
17;2025-12-04;22;895
17;2025-12-04;23;432
17;2025-12-05;0;151
17;2025-12-05;1;15
17;2025-12-05;2;0
17;2025-12-05;3;0
17;2025-12-05;4;25
17;2025-12-05;5;307
17;2025-12-05;6;1530
17;2025-12-05;7;3939
17;2025-12-05;8;5171
17;2025-12-05;9;3789
17;2025-12-05;10;2986
17;2025-12-05;11;2975
17;2025-12-05;12;3026
17;2025-12-05;13;3130
17;2025-12-05;14;3187
17;2025-12-05;15;3433
17;2025-12-05;16;3980
17;2025-12-05;17;4575
17;2025-12-05;18;4493
17;2025-12-05;19;3331
17;2025-12-05;20;2364
17;2025-12-05;21;1644
17;2025-12-05;22;910
17;2025-12-05;23;480
17;2025-12-06;0;267
17;2025-12-06;1;28
17;2025-12-06;2;0
17;2025-12-06;3;0
17;2025-12-06;4;5
17;2025-12-06;5;121
17;2025-12-06;6;519
17;2025-12-06;7;1029
17;2025-12-06;8;1571
17;2025-12-06;9;1963
17;2025-12-06;10;2177
17;2025-12-06;11;2590
17;2025-12-06;12;2866
17;2025-12-06;13;3107
17;2025-12-06;14;3152
17;2025-12-06;15;3156
17;2025-12-06;16;3148
17;2025-12-06;17;3054
17;2025-12-06;18;2746
17;2025-12-06;19;2302
17;2025-12-06;20;1835
17;2025-12-06;21;1344
17;2025-12-06;22;847
17;2025-12-06;23;437
17;2025-12-07;0;188
17;2025-12-07;1;26
17;2025-12-07;2;0
17;2025-12-07;3;0
17;2025-12-07;4;2
17;2025-12-07;5;98
17;2025-12-07;6;418
17;2025-12-07;7;754
17;2025-12-07;8;1188
17;2025-12-07;9;1679
17;2025-12-07;10;1905
17;2025-12-07;11;2312
17;2025-12-07;12;2713
17;2025-12-07;13;2997
17;2025-12-07;14;3041
17;2025-12-07;15;3052
17;2025-12-07;16;2985
17;2025-12-07;17;2853
17;2025-12-07;18;2555
17;2025-12-07;19;2088
17;2025-12-07;20;1676
17;2025-12-07;21;1199
17;2025-12-07;22;751
17;2025-12-07;23;347
17;2025-12-08;0;114
17;2025-12-08;1;12
17;2025-12-08;2;0
17;2025-12-08;3;0
17;2025-12-08;4;24
17;2025-12-08;5;303
17;2025-12-08;6;1542
17;2025-12-08;7;4007
17;2025-12-08;8;5273
17;2025-12-08;9;3809
17;2025-12-08;10;2941
17;2025-12-08;11;2902
17;2025-12-08;12;2930
17;2025-12-08;13;3000
17;2025-12-08;14;2981
17;2025-12-08;15;3235
17;2025-12-08;16;3552
17;2025-12-08;17;4490
17;2025-12-08;18;4907
17;2025-12-08;19;3500
17;2025-12-08;20;2395
17;2025-12-08;21;1522
17;2025-12-08;22;825
17;2025-12-08;23;358
17;2025-12-09;0;122
17;2025-12-09;1;10
17;2025-12-09;2;0
17;2025-12-09;3;0
17;2025-12-09;4;26
17;2025-12-09;5;303
17;2025-12-09;6;1564
17;2025-12-09;7;4093
17;2025-12-09;8;5266
17;2025-12-09;9;3886
17;2025-12-09;10;3008
17;2025-12-09;11;2916
17;2025-12-09;12;2968
17;2025-12-09;13;3008
17;2025-12-09;14;3080
17;2025-12-09;15;3236
17;2025-12-09;16;3573
17;2025-12-09;17;4539
17;2025-12-09;18;4973
17;2025-12-09;19;3531
17;2025-12-09;20;2435
17;2025-12-09;21;1578
17;2025-12-09;22;853
17;2025-12-09;23;395
17;2025-12-10;0;132
17;2025-12-10;1;12
17;2025-12-10;2;0
17;2025-12-10;3;0
17;2025-12-10;4;25
17;2025-12-10;5;309
17;2025-12-10;6;1544
17;2025-12-10;7;4028
17;2025-12-10;8;5245
17;2025-12-10;9;3852
17;2025-12-10;10;3018
17;2025-12-10;11;2966
17;2025-12-10;12;3017
17;2025-12-10;13;3093
17;2025-12-10;14;3113
17;2025-12-10;15;3274
17;2025-12-10;16;3572
17;2025-12-10;17;4473
17;2025-12-10;18;4840
17;2025-12-10;19;3496
17;2025-12-10;20;2413
17;2025-12-10;21;1608
17;2025-12-10;22;877
17;2025-12-10;23;431
17;2025-12-11;0;142
17;2025-12-11;1;11
17;2025-12-11;2;0
17;2025-12-11;3;0
17;2025-12-11;4;26
17;2025-12-11;5;309
17;2025-12-11;6;1553
17;2025-12-11;7;3980
17;2025-12-11;8;5238
17;2025-12-11;9;3854
17;2025-12-11;10;3018
17;2025-12-11;11;2946
17;2025-12-11;12;3019
17;2025-12-11;13;3098
17;2025-12-11;14;3107
17;2025-12-11;15;3281
17;2025-12-11;16;3629
17;2025-12-11;17;4504
17;2025-12-11;18;4889
17;2025-12-11;19;3551
17;2025-12-11;20;2447
17;2025-12-11;21;1630
17;2025-12-11;22;890
17;2025-12-11;23;433
17;2025-12-12;0;150
17;2025-12-12;1;14
17;2025-12-12;2;0
17;2025-12-12;3;0
17;2025-12-12;4;25
17;2025-12-12;5;307
17;2025-12-12;6;1529
17;2025-12-12;7;3948
17;2025-12-12;8;5173
17;2025-12-12;9;3793
17;2025-12-12;10;2981
17;2025-12-12;11;2965
17;2025-12-12;12;3014
17;2025-12-12;13;3118
17;2025-12-12;14;3176
17;2025-12-12;15;3424
17;2025-12-12;16;3979
17;2025-12-12;17;4577
17;2025-12-12;18;4491
17;2025-12-12;19;3326
17;2025-12-12;20;2355
17;2025-12-12;21;1637
17;2025-12-12;22;905
17;2025-12-12;23;467
17;2025-12-13;0;265
17;2025-12-13;1;28
17;2025-12-13;2;0
17;2025-12-13;3;0
17;2025-12-13;4;5
17;2025-12-13;5;121
17;2025-12-13;6;510
17;2025-12-13;7;1011
17;2025-12-13;8;1545
17;2025-12-13;9;1939
17;2025-12-13;10;2153
17;2025-12-13;11;2568
17;2025-12-13;12;2840
17;2025-12-13;13;3093
17;2025-12-13;14;3149
17;2025-12-13;15;3156
17;2025-12-13;16;3140
17;2025-12-13;17;3044
17;2025-12-13;18;2733
17;2025-12-13;19;2274
17;2025-12-13;20;1805
17;2025-12-13;21;1326
17;2025-12-13;22;830
17;2025-12-13;23;426
17;2025-12-14;0;186
17;2025-12-14;1;25
17;2025-12-14;2;0
17;2025-12-14;3;0
17;2025-12-14;4;3
17;2025-12-14;5;98
17;2025-12-14;6;404
17;2025-12-14;7;743
17;2025-12-14;8;1173
17;2025-12-14;9;1664
17;2025-12-14;10;1889
17;2025-12-14;11;2301
17;2025-12-14;12;2716
17;2025-12-14;13;3010
17;2025-12-14;14;3074
17;2025-12-14;15;3085
17;2025-12-14;16;3014
17;2025-12-14;17;2876
17;2025-12-14;18;2567
17;2025-12-14;19;2078
17;2025-12-14;20;1671
17;2025-12-14;21;1195
17;2025-12-14;22;751
17;2025-12-14;23;353
17;2025-12-15;0;120
17;2025-12-15;1;13
17;2025-12-15;2;0
17;2025-12-15;3;0
17;2025-12-15;4;31
17;2025-12-15;5;308
17;2025-12-15;6;1549
17;2025-12-15;7;4010
17;2025-12-15;8;5277
17;2025-12-15;9;3818
17;2025-12-15;10;2947
17;2025-12-15;11;2907
17;2025-12-15;12;2937
17;2025-12-15;13;3005
17;2025-12-15;14;2989
17;2025-12-15;15;3248
17;2025-12-15;16;3559
17;2025-12-15;17;4490
17;2025-12-15;18;4909
17;2025-12-15;19;3509
17;2025-12-15;20;2392
17;2025-12-15;21;1526
17;2025-12-15;22;827
17;2025-12-15;23;361
17;2025-12-16;0;126
17;2025-12-16;1;10
17;2025-12-16;2;0
17;2025-12-16;3;0
17;2025-12-16;4;27
17;2025-12-16;5;303
17;2025-12-16;6;1567
17;2025-12-16;7;4097
17;2025-12-16;8;5265
17;2025-12-16;9;3881
17;2025-12-16;10;3002
17;2025-12-16;11;2908
17;2025-12-16;12;2959
17;2025-12-16;13;2998
17;2025-12-16;14;3076
17;2025-12-16;15;3236
17;2025-12-16;16;3567
17;2025-12-16;17;4530
17;2025-12-16;18;4967
17;2025-12-16;19;3528
17;2025-12-16;20;2427
17;2025-12-16;21;1578
17;2025-12-16;22;856
17;2025-12-16;23;389
17;2025-12-17;0;133
17;2025-12-17;1;12
17;2025-12-17;2;0
17;2025-12-17;3;0
17;2025-12-17;4;27
17;2025-12-17;5;309
17;2025-12-17;6;1543
17;2025-12-17;7;4027
17;2025-12-17;8;5239
17;2025-12-17;9;3847
17;2025-12-17;10;3007
17;2025-12-17;11;2953
17;2025-12-17;12;3005
17;2025-12-17;13;3081
17;2025-12-17;14;3108
17;2025-12-17;15;3272
17;2025-12-17;16;3566
17;2025-12-17;17;4475
17;2025-12-17;18;4839
17;2025-12-17;19;3498
17;2025-12-17;20;2406
17;2025-12-17;21;1605
17;2025-12-17;22;877
17;2025-12-17;23;419
17;2025-12-18;0;140
17;2025-12-18;1;11
17;2025-12-18;2;0
17;2025-12-18;3;0
17;2025-12-18;4;26
17;2025-12-18;5;308
17;2025-12-18;6;1544
17;2025-12-18;7;3978
17;2025-12-18;8;5219
17;2025-12-18;9;3847
17;2025-12-18;10;3005
17;2025-12-18;11;2932
17;2025-12-18;12;3007
17;2025-12-18;13;3086
17;2025-12-18;14;3099
17;2025-12-18;15;3275
17;2025-12-18;16;3623
17;2025-12-18;17;4482
17;2025-12-18;18;4868
17;2025-12-18;19;3550
17;2025-12-18;20;2448
17;2025-12-18;21;1622
17;2025-12-18;22;889
17;2025-12-18;23;421
17;2025-12-19;0;148
17;2025-12-19;1;14
17;2025-12-19;2;0
17;2025-12-19;3;0
17;2025-12-19;4;26
17;2025-12-19;5;304
17;2025-12-19;6;1521
17;2025-12-19;7;3941
17;2025-12-19;8;5128
17;2025-12-19;9;3783
17;2025-12-19;10;2963
17;2025-12-19;11;2951
17;2025-12-19;12;3001
17;2025-12-19;13;3109
17;2025-12-19;14;3166
17;2025-12-19;15;3413
17;2025-12-19;16;3931
17;2025-12-19;17;4499
17;2025-12-19;18;4445
17;2025-12-19;19;3316
17;2025-12-19;20;2352
17;2025-12-19;21;1613
17;2025-12-19;22;900
17;2025-12-19;23;452
17;2025-12-20;0;257
17;2025-12-20;1;27
17;2025-12-20;2;0
17;2025-12-20;3;0
17;2025-12-20;4;5
17;2025-12-20;5;116
17;2025-12-20;6;492
17;2025-12-20;7;1045
17;2025-12-20;8;1509
17;2025-12-20;9;1889
17;2025-12-20;10;2099
17;2025-12-20;11;2542
17;2025-12-20;12;2842
17;2025-12-20;13;3090
17;2025-12-20;14;3146
17;2025-12-20;15;3146
17;2025-12-20;16;3136
17;2025-12-20;17;3046
17;2025-12-20;18;2728
17;2025-12-20;19;2244
17;2025-12-20;20;1737
17;2025-12-20;21;1269
17;2025-12-20;22;831
17;2025-12-20;23;411
17;2025-12-21;0;183
17;2025-12-21;1;26
17;2025-12-21;2;0
17;2025-12-21;3;0
17;2025-12-21;4;3
17;2025-12-21;5;94
17;2025-12-21;6;405
17;2025-12-21;7;752
17;2025-12-21;8;1147
17;2025-12-21;9;1599
17;2025-12-21;10;1820
17;2025-12-21;11;2253
17;2025-12-21;12;2688
17;2025-12-21;13;2980
17;2025-12-21;14;3045
17;2025-12-21;15;3055
17;2025-12-21;16;2989
17;2025-12-21;17;2853
17;2025-12-21;18;2548
17;2025-12-21;19;2039
17;2025-12-21;20;1605
17;2025-12-21;21;1161
17;2025-12-21;22;747
17;2025-12-21;23;351
17;2025-12-22;0;115
17;2025-12-22;1;14
17;2025-12-22;2;0
17;2025-12-22;3;0
17;2025-12-22;4;28
17;2025-12-22;5;303
17;2025-12-22;6;1478
17;2025-12-22;7;4003
17;2025-12-22;8;5205
17;2025-12-22;9;3807
17;2025-12-22;10;2925
17;2025-12-22;11;2886
17;2025-12-22;12;2918
17;2025-12-22;13;2985
17;2025-12-22;14;2970
17;2025-12-22;15;3240
17;2025-12-22;16;3556
17;2025-12-22;17;4440
17;2025-12-22;18;4864
17;2025-12-22;19;3501
17;2025-12-22;20;2392
17;2025-12-22;21;1476
17;2025-12-22;22;818
17;2025-12-22;23;359
17;2025-12-23;0;120
17;2025-12-23;1;11
17;2025-12-23;2;1
17;2025-12-23;3;1
17;2025-12-23;4;26
17;2025-12-23;5;298
17;2025-12-23;6;1483
17;2025-12-23;7;4035
17;2025-12-23;8;5192
17;2025-12-23;9;3865
17;2025-12-23;10;2980
17;2025-12-23;11;2887
17;2025-12-23;12;2940
17;2025-12-23;13;2982
17;2025-12-23;14;3058
17;2025-12-23;15;3231
17;2025-12-23;16;3554
17;2025-12-23;17;4467
17;2025-12-23;18;4917
17;2025-12-23;19;3513
17;2025-12-23;20;2422
17;2025-12-23;21;1503
17;2025-12-23;22;837
17;2025-12-23;23;382
17;2025-12-24;0;126
17;2025-12-24;1;12
17;2025-12-24;2;0
17;2025-12-24;3;0
17;2025-12-24;4;26
17;2025-12-24;5;303
17;2025-12-24;6;1471
17;2025-12-24;7;4004
17;2025-12-24;8;5160
17;2025-12-24;9;3822
17;2025-12-24;10;2984
17;2025-12-24;11;2932
17;2025-12-24;12;2985
17;2025-12-24;13;3060
17;2025-12-24;14;3090
17;2025-12-24;15;3250
17;2025-12-24;16;3545
17;2025-12-24;17;4420
17;2025-12-24;18;4780
17;2025-12-24;19;3482
17;2025-12-24;20;2397
17;2025-12-24;21;1531
17;2025-12-24;22;861
17;2025-12-24;23;412
17;2025-12-25;0;139
17;2025-12-25;1;12
17;2025-12-25;2;0
17;2025-12-25;3;0
17;2025-12-25;4;27
17;2025-12-25;5;306
17;2025-12-25;6;1472
17;2025-12-25;7;3951
17;2025-12-25;8;5156
17;2025-12-25;9;3817
17;2025-12-25;10;2980
17;2025-12-25;11;2911
17;2025-12-25;12;2981
17;2025-12-25;13;3063
17;2025-12-25;14;3078
17;2025-12-25;15;3264
17;2025-12-25;16;3598
17;2025-12-25;17;4435
17;2025-12-25;18;4818
17;2025-12-25;19;3529
17;2025-12-25;20;2431
17;2025-12-25;21;1549
17;2025-12-25;22;874
17;2025-12-25;23;418
17;2025-12-26;0;147
17;2025-12-26;1;15
17;2025-12-26;2;0
17;2025-12-26;3;0
17;2025-12-26;4;27
17;2025-12-26;5;303
17;2025-12-26;6;1462
17;2025-12-26;7;3916
17;2025-12-26;8;5081
17;2025-12-26;9;3764
17;2025-12-26;10;2946
17;2025-12-26;11;2929
17;2025-12-26;12;2979
17;2025-12-26;13;3091
17;2025-12-26;14;3150
17;2025-12-26;15;3396
17;2025-12-26;16;3913
17;2025-12-26;17;4488
17;2025-12-26;18;4442
17;2025-12-26;19;3314
17;2025-12-26;20;2350
17;2025-12-26;21;1553
17;2025-12-26;22;886
17;2025-12-26;23;449
17;2025-12-27;0;257
17;2025-12-27;1;29
17;2025-12-27;2;0
17;2025-12-27;3;0
17;2025-12-27;4;5
17;2025-12-27;5;117
17;2025-12-27;6;486
17;2025-12-27;7;1007
17;2025-12-27;8;1487
17;2025-12-27;9;1866
17;2025-12-27;10;2066
17;2025-12-27;11;2491
17;2025-12-27;12;2793
17;2025-12-27;13;3040
17;2025-12-27;14;3097
17;2025-12-27;15;3095
17;2025-12-27;16;3092
17;2025-12-27;17;3000
17;2025-12-27;18;2691
17;2025-12-27;19;2221
17;2025-12-27;20;1733
17;2025-12-27;21;1255
17;2025-12-27;22;814
17;2025-12-27;23;412
17;2025-12-28;0;186
17;2025-12-28;1;27
17;2025-12-28;2;0
17;2025-12-28;3;0
17;2025-12-28;4;3
17;2025-12-28;5;94
17;2025-12-28;6;401
17;2025-12-28;7;757
17;2025-12-28;8;1147
17;2025-12-28;9;1597
17;2025-12-28;10;1820
17;2025-12-28;11;2266
17;2025-12-28;12;2695
17;2025-12-28;13;2986
17;2025-12-28;14;3045
17;2025-12-28;15;3057
17;2025-12-28;16;2987
17;2025-12-28;17;2854
17;2025-12-28;18;2552
17;2025-12-28;19;2041
17;2025-12-28;20;1604
17;2025-12-28;21;1151
17;2025-12-28;22;746
17;2025-12-28;23;346
17;2025-12-29;0;109
17;2025-12-29;1;12
17;2025-12-29;2;0
17;2025-12-29;3;0
17;2025-12-29;4;24
17;2025-12-29;5;293
17;2025-12-29;6;1457
17;2025-12-29;7;4007
17;2025-12-29;8;5207
17;2025-12-29;9;3790
17;2025-12-29;10;2916
17;2025-12-29;11;2877
17;2025-12-29;12;2911
17;2025-12-29;13;2982
17;2025-12-29;14;2971
17;2025-12-29;15;3242
17;2025-12-29;16;3541
17;2025-12-29;17;4447
17;2025-12-29;18;4883
17;2025-12-29;19;3494
17;2025-12-29;20;2384
17;2025-12-29;21;1441
17;2025-12-29;22;798
17;2025-12-29;23;342
17;2025-12-30;0;99
17;2025-12-30;1;7
17;2025-12-30;2;1
17;2025-12-30;3;1
17;2025-12-30;4;15
17;2025-12-30;5;265
17;2025-12-30;6;1382
17;2025-12-30;7;3982
17;2025-12-30;8;5143
17;2025-12-30;9;3775
17;2025-12-30;10;2867
17;2025-12-30;11;2768
17;2025-12-30;12;2830
17;2025-12-30;13;2890
17;2025-12-30;14;2987
17;2025-12-30;15;3164
17;2025-12-30;16;3494
17;2025-12-30;17;4429
17;2025-12-30;18;4886
17;2025-12-30;19;3386
17;2025-12-30;20;2270
17;2025-12-30;21;1339
17;2025-12-30;22;769
17;2025-12-30;23;352
17;2025-12-31;0;99
17;2025-12-31;1;8
17;2025-12-31;2;0
17;2025-12-31;3;0
17;2025-12-31;4;2
17;2025-12-31;5;86
17;2025-12-31;6;327
17;2025-12-31;7;658
17;2025-12-31;8;1077
17;2025-12-31;9;1236
17;2025-12-31;10;1363
17;2025-12-31;11;1800
17;2025-12-31;12;2205
17;2025-12-31;13;2525
17;2025-12-31;14;2656
17;2025-12-31;15;2745
17;2025-12-31;16;2799
17;2025-12-31;17;2825
17;2025-12-31;18;2591
17;2025-12-31;19;2020
17;2025-12-31;20;1523
17;2025-12-31;21;1124
17;2025-12-31;22;731
17;2025-12-31;23;375
25;2025-11-01;0;7
25;2025-11-01;1;2
25;2025-11-01;2;2
25;2025-11-01;3;2
25;2025-11-01;4;3
25;2025-11-01;5;13
25;2025-11-01;6;152
25;2025-11-01;7;405
25;2025-11-01;8;655
25;2025-11-01;9;385
25;2025-11-01;10;338
25;2025-11-01;11;423
25;2025-11-01;12;440
25;2025-11-01;13;581
25;2025-11-01;14;583
25;2025-11-01;15;649
25;2025-11-01;16;659
25;2025-11-01;17;651
25;2025-11-01;18;659
25;2025-11-01;19;496
25;2025-11-01;20;327
25;2025-11-01;21;259
25;2025-11-01;22;150
25;2025-11-01;23;40
25;2025-11-02;0;22
25;2025-11-02;1;4
25;2025-11-02;2;4
25;2025-11-02;3;4
25;2025-11-02;4;4
25;2025-11-02;5;12
25;2025-11-02;6;76
25;2025-11-02;7;109
25;2025-11-02;8;193
25;2025-11-02;9;215
25;2025-11-02;10;230
25;2025-11-02;11;305
25;2025-11-02;12;367
25;2025-11-02;13;461
25;2025-11-02;14;508
25;2025-11-02;15;589
25;2025-11-02;16;508
25;2025-11-02;17;483
25;2025-11-02;18;454
25;2025-11-02;19;364
25;2025-11-02;20;244
25;2025-11-02;21;198
25;2025-11-02;22;116
25;2025-11-02;23;36
25;2025-11-03;0;9
25;2025-11-03;1;1
25;2025-11-03;2;1
25;2025-11-03;3;1
25;2025-11-03;4;1
25;2025-11-03;5;6
25;2025-11-03;6;97
25;2025-11-03;7;164
25;2025-11-03;8;218
25;2025-11-03;9;240
25;2025-11-03;10;197
25;2025-11-03;11;288
25;2025-11-03;12;319
25;2025-11-03;13;422
25;2025-11-03;14;432
25;2025-11-03;15;497
25;2025-11-03;16;478
25;2025-11-03;17;443
25;2025-11-03;18;421
25;2025-11-03;19;389
25;2025-11-03;20;265
25;2025-11-03;21;179
25;2025-11-03;22;105
25;2025-11-03;23;29
25;2025-11-04;0;7
25;2025-11-04;1;1
25;2025-11-04;2;1
25;2025-11-04;3;1
25;2025-11-04;4;1
25;2025-11-04;5;8
25;2025-11-04;6;98
25;2025-11-04;7;162
25;2025-11-04;8;202
25;2025-11-04;9;220
25;2025-11-04;10;226
25;2025-11-04;11;284
25;2025-11-04;12;313
25;2025-11-04;13;407
25;2025-11-04;14;438
25;2025-11-04;15;519
25;2025-11-04;16;452
25;2025-11-04;17;431
25;2025-11-04;18;406
25;2025-11-04;19;381
25;2025-11-04;20;251
25;2025-11-04;21;183
25;2025-11-04;22;94
25;2025-11-04;23;28
25;2025-11-05;0;1
25;2025-11-05;1;1
25;2025-11-05;2;0
25;2025-11-05;3;0
25;2025-11-05;4;0
25;2025-11-05;5;11
25;2025-11-05;6;205
25;2025-11-05;7;502
25;2025-11-05;8;835
25;2025-11-05;9;457
25;2025-11-05;10;358
25;2025-11-05;11;398
25;2025-11-05;12;403
25;2025-11-05;13;514
25;2025-11-05;14;444
25;2025-11-05;15;520
25;2025-11-05;16;622
25;2025-11-05;17;728
25;2025-11-05;18;779
25;2025-11-05;19;524
25;2025-11-05;20;341
25;2025-11-05;21;237
25;2025-11-05;22;113
25;2025-11-05;23;8
25;2025-11-06;0;2
25;2025-11-06;1;0
25;2025-11-06;2;0
25;2025-11-06;3;0
25;2025-11-06;4;0
25;2025-11-06;5;13
25;2025-11-06;6;210
25;2025-11-06;7;497
25;2025-11-06;8;842
25;2025-11-06;9;465
25;2025-11-06;10;369
25;2025-11-06;11;390
25;2025-11-06;12;397
25;2025-11-06;13;483
25;2025-11-06;14;460
25;2025-11-06;15;520
25;2025-11-06;16;619
25;2025-11-06;17;711
25;2025-11-06;18;757
25;2025-11-06;19;515
25;2025-11-06;20;326
25;2025-11-06;21;223
25;2025-11-06;22;116
25;2025-11-06;23;6
25;2025-11-07;0;1
25;2025-11-07;1;0
25;2025-11-07;2;0
25;2025-11-07;3;0
25;2025-11-07;4;0
25;2025-11-07;5;13
25;2025-11-07;6;215
25;2025-11-07;7;507
25;2025-11-07;8;809
25;2025-11-07;9;452
25;2025-11-07;10;355
25;2025-11-07;11;403
25;2025-11-07;12;407
25;2025-11-07;13;501
25;2025-11-07;14;482
25;2025-11-07;15;548
25;2025-11-07;16;670
25;2025-11-07;17;708
25;2025-11-07;18;650
25;2025-11-07;19;499
25;2025-11-07;20;322
25;2025-11-07;21;236
25;2025-11-07;22;129
25;2025-11-07;23;15
25;2025-11-08;0;7
25;2025-11-08;1;2
25;2025-11-08;2;2
25;2025-11-08;3;2
25;2025-11-08;4;3
25;2025-11-08;5;11
25;2025-11-08;6;91
25;2025-11-08;7;142
25;2025-11-08;8;283
25;2025-11-08;9;282
25;2025-11-08;10;276
25;2025-11-08;11;365
25;2025-11-08;12;387
25;2025-11-08;13;510
25;2025-11-08;14;535
25;2025-11-08;15;601
25;2025-11-08;16;545
25;2025-11-08;17;493
25;2025-11-08;18;487
25;2025-11-08;19;425
25;2025-11-08;20;274
25;2025-11-08;21;239
25;2025-11-08;22;140
25;2025-11-08;23;52
25;2025-11-09;0;21
25;2025-11-09;1;5
25;2025-11-09;2;4
25;2025-11-09;3;4
25;2025-11-09;4;4
25;2025-11-09;5;11
25;2025-11-09;6;78
25;2025-11-09;7;108
25;2025-11-09;8;191
25;2025-11-09;9;204
25;2025-11-09;10;217
25;2025-11-09;11;286
25;2025-11-09;12;351
25;2025-11-09;13;441
25;2025-11-09;14;484
25;2025-11-09;15;560
25;2025-11-09;16;493
25;2025-11-09;17;473
25;2025-11-09;18;449
25;2025-11-09;19;360
25;2025-11-09;20;246
25;2025-11-09;21;202
25;2025-11-09;22;118
25;2025-11-09;23;30
25;2025-11-10;0;6
25;2025-11-10;1;0
25;2025-11-10;2;1
25;2025-11-10;3;0
25;2025-11-10;4;1
25;2025-11-10;5;8
25;2025-11-10;6;196
25;2025-11-10;7;497
25;2025-11-10;8;821
25;2025-11-10;9;452
25;2025-11-10;10;323
25;2025-11-10;11;364
25;2025-11-10;12;372
25;2025-11-10;13;483
25;2025-11-10;14;416
25;2025-11-10;15;475
25;2025-11-10;16;605
25;2025-11-10;17;663
25;2025-11-10;18;748
25;2025-11-10;19;493
25;2025-11-10;20;309
25;2025-11-10;21;207
25;2025-11-10;22;97
25;2025-11-10;23;5
25;2025-11-11;0;2
25;2025-11-11;1;1
25;2025-11-11;2;0
25;2025-11-11;3;0
25;2025-11-11;4;0
25;2025-11-11;5;12
25;2025-11-11;6;204
25;2025-11-11;7;518
25;2025-11-11;8;848
25;2025-11-11;9;472
25;2025-11-11;10;362
25;2025-11-11;11;404
25;2025-11-11;12;386
25;2025-11-11;13;467
25;2025-11-11;14;433
25;2025-11-11;15;498
25;2025-11-11;16;604
25;2025-11-11;17;660
25;2025-11-11;18;743
25;2025-11-11;19;517
25;2025-11-11;20;321
25;2025-11-11;21;206
25;2025-11-11;22;105
25;2025-11-11;23;8
25;2025-11-12;0;2
25;2025-11-12;1;1
25;2025-11-12;2;1
25;2025-11-12;3;1
25;2025-11-12;4;1
25;2025-11-12;5;12
25;2025-11-12;6;211
25;2025-11-12;7;502
25;2025-11-12;8;835
25;2025-11-12;9;461
25;2025-11-12;10;362
25;2025-11-12;11;402
25;2025-11-12;12;408
25;2025-11-12;13;517
25;2025-11-12;14;448
25;2025-11-12;15;518
25;2025-11-12;16;616
25;2025-11-12;17;723
25;2025-11-12;18;787
25;2025-11-12;19;538
25;2025-11-12;20;348
25;2025-11-12;21;243
25;2025-11-12;22;117
25;2025-11-12;23;7
25;2025-11-13;0;3
25;2025-11-13;1;1
25;2025-11-13;2;0
25;2025-11-13;3;0
25;2025-11-13;4;1
25;2025-11-13;5;14
25;2025-11-13;6;212
25;2025-11-13;7;505
25;2025-11-13;8;848
25;2025-11-13;9;474
25;2025-11-13;10;374
25;2025-11-13;11;394
25;2025-11-13;12;401
25;2025-11-13;13;488
25;2025-11-13;14;466
25;2025-11-13;15;529
25;2025-11-13;16;620
25;2025-11-13;17;714
25;2025-11-13;18;762
25;2025-11-13;19;524
25;2025-11-13;20;331
25;2025-11-13;21;227
25;2025-11-13;22;121
25;2025-11-13;23;7
25;2025-11-14;0;2
25;2025-11-14;1;0
25;2025-11-14;2;0
25;2025-11-14;3;0
25;2025-11-14;4;0
25;2025-11-14;5;11
25;2025-11-14;6;214
25;2025-11-14;7;509
25;2025-11-14;8;812
25;2025-11-14;9;457
25;2025-11-14;10;357
25;2025-11-14;11;406
25;2025-11-14;12;410
25;2025-11-14;13;511
25;2025-11-14;14;490
25;2025-11-14;15;554
25;2025-11-14;16;675
25;2025-11-14;17;718
25;2025-11-14;18;657
25;2025-11-14;19;506
25;2025-11-14;20;324
25;2025-11-14;21;239
25;2025-11-14;22;133
25;2025-11-14;23;16
25;2025-11-15;0;7
25;2025-11-15;1;3
25;2025-11-15;2;3
25;2025-11-15;3;2
25;2025-11-15;4;3
25;2025-11-15;5;12
25;2025-11-15;6;93
25;2025-11-15;7;145
25;2025-11-15;8;289
25;2025-11-15;9;289
25;2025-11-15;10;282
25;2025-11-15;11;372
25;2025-11-15;12;393
25;2025-11-15;13;527
25;2025-11-15;14;558
25;2025-11-15;15;614
25;2025-11-15;16;567
25;2025-11-15;17;510
25;2025-11-15;18;507
25;2025-11-15;19;435
25;2025-11-15;20;284
25;2025-11-15;21;250
25;2025-11-15;22;149
25;2025-11-15;23;60
25;2025-11-16;0;27
25;2025-11-16;1;6
25;2025-11-16;2;5
25;2025-11-16;3;5
25;2025-11-16;4;5
25;2025-11-16;5;11
25;2025-11-16;6;79
25;2025-11-16;7;111
25;2025-11-16;8;193
25;2025-11-16;9;216
25;2025-11-16;10;229
25;2025-11-16;11;300
25;2025-11-16;12;365
25;2025-11-16;13;456
25;2025-11-16;14;504
25;2025-11-16;15;580
25;2025-11-16;16;513
25;2025-11-16;17;488
25;2025-11-16;18;462
25;2025-11-16;19;369
25;2025-11-16;20;250
25;2025-11-16;21;206
25;2025-11-16;22;126
25;2025-11-16;23;40
25;2025-11-17;0;8
25;2025-11-17;1;0
25;2025-11-17;2;1
25;2025-11-17;3;1
25;2025-11-17;4;1
25;2025-11-17;5;9
25;2025-11-17;6;203
25;2025-11-17;7;510
25;2025-11-17;8;839
25;2025-11-17;9;468
25;2025-11-17;10;335
25;2025-11-17;11;376
25;2025-11-17;12;384
25;2025-11-17;13;503
25;2025-11-17;14;428
25;2025-11-17;15;491
25;2025-11-17;16;621
25;2025-11-17;17;680
25;2025-11-17;18;762
25;2025-11-17;19;512
25;2025-11-17;20;319
25;2025-11-17;21;216
25;2025-11-17;22;106
25;2025-11-17;23;11
25;2025-11-18;0;3
25;2025-11-18;1;1
25;2025-11-18;2;0
25;2025-11-18;3;0
25;2025-11-18;4;0
25;2025-11-18;5;13
25;2025-11-18;6;209
25;2025-11-18;7;530
25;2025-11-18;8;858
25;2025-11-18;9;490
25;2025-11-18;10;371
25;2025-11-18;11;414
25;2025-11-18;12;396
25;2025-11-18;13;483
25;2025-11-18;14;448
25;2025-11-18;15;519
25;2025-11-18;16;618
25;2025-11-18;17;675
25;2025-11-18;18;761
25;2025-11-18;19;541
25;2025-11-18;20;333
25;2025-11-18;21;215
25;2025-11-18;22;112
25;2025-11-18;23;11
25;2025-11-19;0;2
25;2025-11-19;1;1
25;2025-11-19;2;0
25;2025-11-19;3;1
25;2025-11-19;4;0
25;2025-11-19;5;13
25;2025-11-19;6;214
25;2025-11-19;7;512
25;2025-11-19;8;846
25;2025-11-19;9;476
25;2025-11-19;10;371
25;2025-11-19;11;412
25;2025-11-19;12;420
25;2025-11-19;13;533
25;2025-11-19;14;459
25;2025-11-19;15;532
25;2025-11-19;16;628
25;2025-11-19;17;739
25;2025-11-19;18;803
25;2025-11-19;19;556
25;2025-11-19;20;358
25;2025-11-19;21;251
25;2025-11-19;22;125
25;2025-11-19;23;10
25;2025-11-20;0;4
25;2025-11-20;1;2
25;2025-11-20;2;2
25;2025-11-20;3;2
25;2025-11-20;4;2
25;2025-11-20;5;15
25;2025-11-20;6;219
25;2025-11-20;7;521
25;2025-11-20;8;860
25;2025-11-20;9;487
25;2025-11-20;10;383
25;2025-11-20;11;404
25;2025-11-20;12;411
25;2025-11-20;13;502
25;2025-11-20;14;478
25;2025-11-20;15;544
25;2025-11-20;16;636
25;2025-11-20;17;731
25;2025-11-20;18;777
25;2025-11-20;19;541
25;2025-11-20;20;342
25;2025-11-20;21;236
25;2025-11-20;22;128
25;2025-11-20;23;9
25;2025-11-21;0;3
25;2025-11-21;1;1
25;2025-11-21;2;1
25;2025-11-21;3;1
25;2025-11-21;4;1
25;2025-11-21;5;12
25;2025-11-21;6;221
25;2025-11-21;7;527
25;2025-11-21;8;829
25;2025-11-21;9;471
25;2025-11-21;10;370
25;2025-11-21;11;419
25;2025-11-21;12;422
25;2025-11-21;13;526
25;2025-11-21;14;503
25;2025-11-21;15;574
25;2025-11-21;16;696
25;2025-11-21;17;739
25;2025-11-21;18;677
25;2025-11-21;19;524
25;2025-11-21;20;338
25;2025-11-21;21;249
25;2025-11-21;22;139
25;2025-11-21;23;17
25;2025-11-22;0;10
25;2025-11-22;1;4
25;2025-11-22;2;3
25;2025-11-22;3;3
25;2025-11-22;4;3
25;2025-11-22;5;15
25;2025-11-22;6;101
25;2025-11-22;7;154
25;2025-11-22;8;300
25;2025-11-22;9;300
25;2025-11-22;10;292
25;2025-11-22;11;384
25;2025-11-22;12;405
25;2025-11-22;13;537
25;2025-11-22;14;570
25;2025-11-22;15;628
25;2025-11-22;16;575
25;2025-11-22;17;513
25;2025-11-22;18;510
25;2025-11-22;19;442
25;2025-11-22;20;293
25;2025-11-22;21;256
25;2025-11-22;22;152
25;2025-11-22;23;63
25;2025-11-23;0;27
25;2025-11-23;1;6
25;2025-11-23;2;5
25;2025-11-23;3;5
25;2025-11-23;4;5
25;2025-11-23;5;13
25;2025-11-23;6;81
25;2025-11-23;7;113
25;2025-11-23;8;193
25;2025-11-23;9;216
25;2025-11-23;10;230
25;2025-11-23;11;300
25;2025-11-23;12;363
25;2025-11-23;13;451
25;2025-11-23;14;496
25;2025-11-23;15;572
25;2025-11-23;16;506
25;2025-11-23;17;483
25;2025-11-23;18;458
25;2025-11-23;19;370
25;2025-11-23;20;254
25;2025-11-23;21;210
25;2025-11-23;22;126
25;2025-11-23;23;40
25;2025-11-24;0;9
25;2025-11-24;1;0
25;2025-11-24;2;1
25;2025-11-24;3;1
25;2025-11-24;4;1
25;2025-11-24;5;13
25;2025-11-24;6;210
25;2025-11-24;7;517
25;2025-11-24;8;842
25;2025-11-24;9;478
25;2025-11-24;10;347
25;2025-11-24;11;388
25;2025-11-24;12;397
25;2025-11-24;13;515
25;2025-11-24;14;442
25;2025-11-24;15;501
25;2025-11-24;16;632
25;2025-11-24;17;691
25;2025-11-24;18;771
25;2025-11-24;19;525
25;2025-11-24;20;332
25;2025-11-24;21;226
25;2025-11-24;22;110
25;2025-11-24;23;11
25;2025-11-25;0;3
25;2025-11-25;1;1
25;2025-11-25;2;0
25;2025-11-25;3;0
25;2025-11-25;4;0
25;2025-11-25;5;14
25;2025-11-25;6;213
25;2025-11-25;7;532
25;2025-11-25;8;850
25;2025-11-25;9;494
25;2025-11-25;10;377
25;2025-11-25;11;419
25;2025-11-25;12;403
25;2025-11-25;13;488
25;2025-11-25;14;454
25;2025-11-25;15;523
25;2025-11-25;16;623
25;2025-11-25;17;680
25;2025-11-25;18;760
25;2025-11-25;19;546
25;2025-11-25;20;339
25;2025-11-25;21;218
25;2025-11-25;22;112
25;2025-11-25;23;9
25;2025-11-26;0;3
25;2025-11-26;1;1
25;2025-11-26;2;1
25;2025-11-26;3;0
25;2025-11-26;4;0
25;2025-11-26;5;11
25;2025-11-26;6;217
25;2025-11-26;7;513
25;2025-11-26;8;836
25;2025-11-26;9;478
25;2025-11-26;10;377
25;2025-11-26;11;418
25;2025-11-26;12;425
25;2025-11-26;13;534
25;2025-11-26;14;463
25;2025-11-26;15;531
25;2025-11-26;16;632
25;2025-11-26;17;741
25;2025-11-26;18;799
25;2025-11-26;19;558
25;2025-11-26;20;361
25;2025-11-26;21;252
25;2025-11-26;22;124
25;2025-11-26;23;8
25;2025-11-27;0;1
25;2025-11-27;1;0
25;2025-11-27;2;0
25;2025-11-27;3;0
25;2025-11-27;4;0
25;2025-11-27;5;12
25;2025-11-27;6;217
25;2025-11-27;7;513
25;2025-11-27;8;845
25;2025-11-27;9;480
25;2025-11-27;10;380
25;2025-11-27;11;397
25;2025-11-27;12;403
25;2025-11-27;13;488
25;2025-11-27;14;466
25;2025-11-27;15;528
25;2025-11-27;16;619
25;2025-11-27;17;714
25;2025-11-27;18;761
25;2025-11-27;19;533
25;2025-11-27;20;339
25;2025-11-27;21;233
25;2025-11-27;22;125
25;2025-11-27;23;6
25;2025-11-28;0;1
25;2025-11-28;1;0
25;2025-11-28;2;0
25;2025-11-28;3;0
25;2025-11-28;4;0
25;2025-11-28;5;10
25;2025-11-28;6;216
25;2025-11-28;7;514
25;2025-11-28;8;805
25;2025-11-28;9;463
25;2025-11-28;10;366
25;2025-11-28;11;411
25;2025-11-28;12;412
25;2025-11-28;13;510
25;2025-11-28;14;485
25;2025-11-28;15;553
25;2025-11-28;16;674
25;2025-11-28;17;717
25;2025-11-28;18;656
25;2025-11-28;19;504
25;2025-11-28;20;330
25;2025-11-28;21;240
25;2025-11-28;22;132
25;2025-11-28;23;12
25;2025-11-29;0;4
25;2025-11-29;1;0
25;2025-11-29;2;0
25;2025-11-29;3;0
25;2025-11-29;4;0
25;2025-11-29;5;7
25;2025-11-29;6;87
25;2025-11-29;7;141
25;2025-11-29;8;283
25;2025-11-29;9;285
25;2025-11-29;10;280
25;2025-11-29;11;371
25;2025-11-29;12;394
25;2025-11-29;13;516
25;2025-11-29;14;545
25;2025-11-29;15;604
25;2025-11-29;16;554
25;2025-11-29;17;496
25;2025-11-29;18;494
25;2025-11-29;19;434
25;2025-11-29;20;288
25;2025-11-29;21;254
25;2025-11-29;22;152
25;2025-11-29;23;62
25;2025-11-30;0;24
25;2025-11-30;1;4
25;2025-11-30;2;4
25;2025-11-30;3;4
25;2025-11-30;4;4
25;2025-11-30;5;10
25;2025-11-30;6;75
25;2025-11-30;7;110
25;2025-11-30;8;189
25;2025-11-30;9;213
25;2025-11-30;10;226
25;2025-11-30;11;298
25;2025-11-30;12;360
25;2025-11-30;13;443
25;2025-11-30;14;484
25;2025-11-30;15;557
25;2025-11-30;16;489
25;2025-11-30;17;465
25;2025-11-30;18;447
25;2025-11-30;19;362
25;2025-11-30;20;248
25;2025-11-30;21;205
25;2025-11-30;22;122
25;2025-11-30;23;38
25;2025-12-01;0;9
25;2025-12-01;1;0
25;2025-12-01;2;0
25;2025-12-01;3;0
25;2025-12-01;4;0
25;2025-12-01;5;8
25;2025-12-01;6;201
25;2025-12-01;7;503
25;2025-12-01;8;819
25;2025-12-01;9;457
25;2025-12-01;10;331
25;2025-12-01;11;371
25;2025-12-01;12;380
25;2025-12-01;13;488
25;2025-12-01;14;420
25;2025-12-01;15;472
25;2025-12-01;16;595
25;2025-12-01;17;654
25;2025-12-01;18;723
25;2025-12-01;19;487
25;2025-12-01;20;315
25;2025-12-01;21;212
25;2025-12-01;22;102
25;2025-12-01;23;8
25;2025-12-02;0;2
25;2025-12-02;1;0
25;2025-12-02;2;0
25;2025-12-02;3;0
25;2025-12-02;4;0
25;2025-12-02;5;11
25;2025-12-02;6;206
25;2025-12-02;7;516
25;2025-12-02;8;835
25;2025-12-02;9;475
25;2025-12-02;10;365
25;2025-12-02;11;405
25;2025-12-02;12;389
25;2025-12-02;13;465
25;2025-12-02;14;432
25;2025-12-02;15;498
25;2025-12-02;16;600
25;2025-12-02;17;656
25;2025-12-02;18;741
25;2025-12-02;19;518
25;2025-12-02;20;329
25;2025-12-02;21;213
25;2025-12-02;22;109
25;2025-12-02;23;9
25;2025-12-03;0;1
25;2025-12-03;1;0
25;2025-12-03;2;0
25;2025-12-03;3;0
25;2025-12-03;4;0
25;2025-12-03;5;11
25;2025-12-03;6;213
25;2025-12-03;7;503
25;2025-12-03;8;838
25;2025-12-03;9;465
25;2025-12-03;10;370
25;2025-12-03;11;408
25;2025-12-03;12;414
25;2025-12-03;13;518
25;2025-12-03;14;449
25;2025-12-03;15;521
25;2025-12-03;16;620
25;2025-12-03;17;729
25;2025-12-03;18;787
25;2025-12-03;19;539
25;2025-12-03;20;359
25;2025-12-03;21;252
25;2025-12-03;22;123
25;2025-12-03;23;9
25;2025-12-04;0;2
25;2025-12-04;1;0
25;2025-12-04;2;0
25;2025-12-04;3;0
25;2025-12-04;4;0
25;2025-12-04;5;12
25;2025-12-04;6;213
25;2025-12-04;7;507
25;2025-12-04;8;849
25;2025-12-04;9;472
25;2025-12-04;10;377
25;2025-12-04;11;397
25;2025-12-04;12;405
25;2025-12-04;13;485
25;2025-12-04;14;463
25;2025-12-04;15;523
25;2025-12-04;16;619
25;2025-12-04;17;716
25;2025-12-04;18;762
25;2025-12-04;19;522
25;2025-12-04;20;338
25;2025-12-04;21;234
25;2025-12-04;22;125
25;2025-12-04;23;7
25;2025-12-05;0;1
25;2025-12-05;1;0
25;2025-12-05;2;0
25;2025-12-05;3;0
25;2025-12-05;4;0
25;2025-12-05;5;11
25;2025-12-05;6;217
25;2025-12-05;7;514
25;2025-12-05;8;812
25;2025-12-05;9;459
25;2025-12-05;10;365
25;2025-12-05;11;409
25;2025-12-05;12;414
25;2025-12-05;13;508
25;2025-12-05;14;486
25;2025-12-05;15;552
25;2025-12-05;16;679
25;2025-12-05;17;721
25;2025-12-05;18;658
25;2025-12-05;19;504
25;2025-12-05;20;332
25;2025-12-05;21;243
25;2025-12-05;22;135
25;2025-12-05;23;15
25;2025-12-06;0;7
25;2025-12-06;1;1
25;2025-12-06;2;1
25;2025-12-06;3;1
25;2025-12-06;4;1
25;2025-12-06;5;9
25;2025-12-06;6;87
25;2025-12-06;7;143
25;2025-12-06;8;285
25;2025-12-06;9;288
25;2025-12-06;10;282
25;2025-12-06;11;370
25;2025-12-06;12;392
25;2025-12-06;13;514
25;2025-12-06;14;542
25;2025-12-06;15;603
25;2025-12-06;16;552
25;2025-12-06;17;495
25;2025-12-06;18;490
25;2025-12-06;19;431
25;2025-12-06;20;287
25;2025-12-06;21;252
25;2025-12-06;22;151
25;2025-12-06;23;60
25;2025-12-07;0;23
25;2025-12-07;1;3
25;2025-12-07;2;3
25;2025-12-07;3;3
25;2025-12-07;4;3
25;2025-12-07;5;9
25;2025-12-07;6;72
25;2025-12-07;7;107
25;2025-12-07;8;188
25;2025-12-07;9;212
25;2025-12-07;10;224
25;2025-12-07;11;294
25;2025-12-07;12;358
25;2025-12-07;13;440
25;2025-12-07;14;482
25;2025-12-07;15;555
25;2025-12-07;16;482
25;2025-12-07;17;461
25;2025-12-07;18;442
25;2025-12-07;19;357
25;2025-12-07;20;246
25;2025-12-07;21;204
25;2025-12-07;22;121
25;2025-12-07;23;37
25;2025-12-08;0;7
25;2025-12-08;1;0
25;2025-12-08;2;0
25;2025-12-08;3;0
25;2025-12-08;4;0
25;2025-12-08;5;9
25;2025-12-08;6;205
25;2025-12-08;7;507
25;2025-12-08;8;832
25;2025-12-08;9;463
25;2025-12-08;10;336
25;2025-12-08;11;377
25;2025-12-08;12;385
25;2025-12-08;13;493
25;2025-12-08;14;423
25;2025-12-08;15;479
25;2025-12-08;16;611
25;2025-12-08;17;672
25;2025-12-08;18;741
25;2025-12-08;19;497
25;2025-12-08;20;322
25;2025-12-08;21;218
25;2025-12-08;22;105
25;2025-12-08;23;8
25;2025-12-09;0;2
25;2025-12-09;1;0
25;2025-12-09;2;0
25;2025-12-09;3;0
25;2025-12-09;4;0
25;2025-12-09;5;11
25;2025-12-09;6;210
25;2025-12-09;7;527
25;2025-12-09;8;849
25;2025-12-09;9;483
25;2025-12-09;10;373
25;2025-12-09;11;416
25;2025-12-09;12;400
25;2025-12-09;13;478
25;2025-12-09;14;444
25;2025-12-09;15;512
25;2025-12-09;16;616
25;2025-12-09;17;674
25;2025-12-09;18;755
25;2025-12-09;19;530
25;2025-12-09;20;338
25;2025-12-09;21;220
25;2025-12-09;22;114
25;2025-12-09;23;11
25;2025-12-10;0;1
25;2025-12-10;1;0
25;2025-12-10;2;0
25;2025-12-10;3;0
25;2025-12-10;4;0
25;2025-12-10;5;11
25;2025-12-10;6;218
25;2025-12-10;7;515
25;2025-12-10;8;851
25;2025-12-10;9;475
25;2025-12-10;10;378
25;2025-12-10;11;420
25;2025-12-10;12;428
25;2025-12-10;13;532
25;2025-12-10;14;465
25;2025-12-10;15;537
25;2025-12-10;16;642
25;2025-12-10;17;752
25;2025-12-10;18;812
25;2025-12-10;19;557
25;2025-12-10;20;371
25;2025-12-10;21;260
25;2025-12-10;22;129
25;2025-12-10;23;13
25;2025-12-11;0;3
25;2025-12-11;1;0
25;2025-12-11;2;0
25;2025-12-11;3;0
25;2025-12-11;4;0
25;2025-12-11;5;12
25;2025-12-11;6;217
25;2025-12-11;7;520
25;2025-12-11;8;867
25;2025-12-11;9;480
25;2025-12-11;10;386
25;2025-12-11;11;407
25;2025-12-11;12;417
25;2025-12-11;13;498
25;2025-12-11;14;476
25;2025-12-11;15;534
25;2025-12-11;16;636
25;2025-12-11;17;736
25;2025-12-11;18;782
25;2025-12-11;19;531
25;2025-12-11;20;350
25;2025-12-11;21;241
25;2025-12-11;22;131
25;2025-12-11;23;11
25;2025-12-12;0;1
25;2025-12-12;1;0
25;2025-12-12;2;0
25;2025-12-12;3;0
25;2025-12-12;4;0
25;2025-12-12;5;11
25;2025-12-12;6;222
25;2025-12-12;7;527
25;2025-12-12;8;833
25;2025-12-12;9;468
25;2025-12-12;10;374
25;2025-12-12;11;415
25;2025-12-12;12;416
25;2025-12-12;13;503
25;2025-12-12;14;487
25;2025-12-12;15;556
25;2025-12-12;16;687
25;2025-12-12;17;734
25;2025-12-12;18;667
25;2025-12-12;19;511
25;2025-12-12;20;338
25;2025-12-12;21;247
25;2025-12-12;22;136
25;2025-12-12;23;16
25;2025-12-13;0;7
25;2025-12-13;1;1
25;2025-12-13;2;1
25;2025-12-13;3;1
25;2025-12-13;4;1
25;2025-12-13;5;9
25;2025-12-13;6;87
25;2025-12-13;7;143
25;2025-12-13;8;285
25;2025-12-13;9;285
25;2025-12-13;10;279
25;2025-12-13;11;364
25;2025-12-13;12;386
25;2025-12-13;13;499
25;2025-12-13;14;528
25;2025-12-13;15;597
25;2025-12-13;16;540
25;2025-12-13;17;490
25;2025-12-13;18;486
25;2025-12-13;19;427
25;2025-12-13;20;287
25;2025-12-13;21;250
25;2025-12-13;22;150
25;2025-12-13;23;59
25;2025-12-14;0;24
25;2025-12-14;1;3
25;2025-12-14;2;3
25;2025-12-14;3;3
25;2025-12-14;4;3
25;2025-12-14;5;9
25;2025-12-14;6;72
25;2025-12-14;7;109
25;2025-12-14;8;188
25;2025-12-14;9;211
25;2025-12-14;10;226
25;2025-12-14;11;299
25;2025-12-14;12;364
25;2025-12-14;13;440
25;2025-12-14;14;481
25;2025-12-14;15;565
25;2025-12-14;16;485
25;2025-12-14;17;467
25;2025-12-14;18;442
25;2025-12-14;19;365
25;2025-12-14;20;252
25;2025-12-14;21;206
25;2025-12-14;22;125
25;2025-12-14;23;42
25;2025-12-15;0;7
25;2025-12-15;1;0
25;2025-12-15;2;0
25;2025-12-15;3;0
25;2025-12-15;4;0
25;2025-12-15;5;11
25;2025-12-15;6;210
25;2025-12-15;7;526
25;2025-12-15;8;866
25;2025-12-15;9;463
25;2025-12-15;10;342
25;2025-12-15;11;383
25;2025-12-15;12;392
25;2025-12-15;13;492
25;2025-12-15;14;427
25;2025-12-15;15;494
25;2025-12-15;16;634
25;2025-12-15;17;696
25;2025-12-15;18;775
25;2025-12-15;19;507
25;2025-12-15;20;329
25;2025-12-15;21;221
25;2025-12-15;22;109
25;2025-12-15;23;12
25;2025-12-16;0;2
25;2025-12-16;1;0
25;2025-12-16;2;0
25;2025-12-16;3;0
25;2025-12-16;4;0
25;2025-12-16;5;11
25;2025-12-16;6;210
25;2025-12-16;7;534
25;2025-12-16;8;867
25;2025-12-16;9;474
25;2025-12-16;10;372
25;2025-12-16;11;402
25;2025-12-16;12;394
25;2025-12-16;13;457
25;2025-12-16;14;427
25;2025-12-16;15;507
25;2025-12-16;16;617
25;2025-12-16;17;676
25;2025-12-16;18;764
25;2025-12-16;19;518
25;2025-12-16;20;334
25;2025-12-16;21;215
25;2025-12-16;22;113
25;2025-12-16;23;10
25;2025-12-17;0;1
25;2025-12-17;1;0
25;2025-12-17;2;0
25;2025-12-17;3;0
25;2025-12-17;4;0
25;2025-12-17;5;10
25;2025-12-17;6;215
25;2025-12-17;7;518
25;2025-12-17;8;861
25;2025-12-17;9;458
25;2025-12-17;10;370
25;2025-12-17;11;402
25;2025-12-17;12;410
25;2025-12-17;13;506
25;2025-12-17;14;444
25;2025-12-17;15;522
25;2025-12-17;16;634
25;2025-12-17;17;750
25;2025-12-17;18;815
25;2025-12-17;19;540
25;2025-12-17;20;364
25;2025-12-17;21;252
25;2025-12-17;22;125
25;2025-12-17;23;10
25;2025-12-18;0;2
25;2025-12-18;1;0
25;2025-12-18;2;0
25;2025-12-18;3;0
25;2025-12-18;4;0
25;2025-12-18;5;12
25;2025-12-18;6;215
25;2025-12-18;7;522
25;2025-12-18;8;876
25;2025-12-18;9;466
25;2025-12-18;10;381
25;2025-12-18;11;399
25;2025-12-18;12;410
25;2025-12-18;13;477
25;2025-12-18;14;455
25;2025-12-18;15;523
25;2025-12-18;16;628
25;2025-12-18;17;734
25;2025-12-18;18;781
25;2025-12-18;19;520
25;2025-12-18;20;343
25;2025-12-18;21;234
25;2025-12-18;22;126
25;2025-12-18;23;9
25;2025-12-19;0;1
25;2025-12-19;1;0
25;2025-12-19;2;0
25;2025-12-19;3;0
25;2025-12-19;4;0
25;2025-12-19;5;10
25;2025-12-19;6;219
25;2025-12-19;7;531
25;2025-12-19;8;844
25;2025-12-19;9;458
25;2025-12-19;10;370
25;2025-12-19;11;404
25;2025-12-19;12;407
25;2025-12-19;13;497
25;2025-12-19;14;477
25;2025-12-19;15;559
25;2025-12-19;16;696
25;2025-12-19;17;744
25;2025-12-19;18;674
25;2025-12-19;19;507
25;2025-12-19;20;336
25;2025-12-19;21;244
25;2025-12-19;22;134
25;2025-12-19;23;16
25;2025-12-20;0;5
25;2025-12-20;1;0
25;2025-12-20;2;0
25;2025-12-20;3;0
25;2025-12-20;4;0
25;2025-12-20;5;8
25;2025-12-20;6;87
25;2025-12-20;7;143
25;2025-12-20;8;287
25;2025-12-20;9;287
25;2025-12-20;10;281
25;2025-12-20;11;366
25;2025-12-20;12;389
25;2025-12-20;13;497
25;2025-12-20;14;530
25;2025-12-20;15;609
25;2025-12-20;16;546
25;2025-12-20;17;496
25;2025-12-20;18;491
25;2025-12-20;19;428
25;2025-12-20;20;289
25;2025-12-20;21;252
25;2025-12-20;22;148
25;2025-12-20;23;60
25;2025-12-21;0;22
25;2025-12-21;1;3
25;2025-12-21;2;3
25;2025-12-21;3;3
25;2025-12-21;4;3
25;2025-12-21;5;9
25;2025-12-21;6;72
25;2025-12-21;7;107
25;2025-12-21;8;188
25;2025-12-21;9;209
25;2025-12-21;10;223
25;2025-12-21;11;298
25;2025-12-21;12;363
25;2025-12-21;13;440
25;2025-12-21;14;478
25;2025-12-21;15;569
25;2025-12-21;16;490
25;2025-12-21;17;472
25;2025-12-21;18;446
25;2025-12-21;19;367
25;2025-12-21;20;249
25;2025-12-21;21;202
25;2025-12-21;22;121
25;2025-12-21;23;40
25;2025-12-22;0;7
25;2025-12-22;1;0
25;2025-12-22;2;0
25;2025-12-22;3;0
25;2025-12-22;4;0
25;2025-12-22;5;9
25;2025-12-22;6;203
25;2025-12-22;7;521
25;2025-12-22;8;862
25;2025-12-22;9;456
25;2025-12-22;10;338
25;2025-12-22;11;378
25;2025-12-22;12;388
25;2025-12-22;13;484
25;2025-12-22;14;421
25;2025-12-22;15;488
25;2025-12-22;16;618
25;2025-12-22;17;685
25;2025-12-22;18;772
25;2025-12-22;19;500
25;2025-12-22;20;327
25;2025-12-22;21;216
25;2025-12-22;22;105
25;2025-12-22;23;11
25;2025-12-23;0;2
25;2025-12-23;1;1
25;2025-12-23;2;0
25;2025-12-23;3;0
25;2025-12-23;4;0
25;2025-12-23;5;10
25;2025-12-23;6;203
25;2025-12-23;7;527
25;2025-12-23;8;859
25;2025-12-23;9;465
25;2025-12-23;10;366
25;2025-12-23;11;394
25;2025-12-23;12;386
25;2025-12-23;13;446
25;2025-12-23;14;418
25;2025-12-23;15;496
25;2025-12-23;16;594
25;2025-12-23;17;662
25;2025-12-23;18;756
25;2025-12-23;19;512
25;2025-12-23;20;329
25;2025-12-23;21;208
25;2025-12-23;22;106
25;2025-12-23;23;9
25;2025-12-24;0;1
25;2025-12-24;1;0
25;2025-12-24;2;0
25;2025-12-24;3;0
25;2025-12-24;4;0
25;2025-12-24;5;10
25;2025-12-24;6;208
25;2025-12-24;7;512
25;2025-12-24;8;853
25;2025-12-24;9;452
25;2025-12-24;10;365
25;2025-12-24;11;395
25;2025-12-24;12;404
25;2025-12-24;13;497
25;2025-12-24;14;436
25;2025-12-24;15;506
25;2025-12-24;16;613
25;2025-12-24;17;740
25;2025-12-24;18;810
25;2025-12-24;19;533
25;2025-12-24;20;358
25;2025-12-24;21;245
25;2025-12-24;22;119
25;2025-12-24;23;9
25;2025-12-25;0;2
25;2025-12-25;1;0
25;2025-12-25;2;0
25;2025-12-25;3;0
25;2025-12-25;4;0
25;2025-12-25;5;12
25;2025-12-25;6;209
25;2025-12-25;7;513
25;2025-12-25;8;866
25;2025-12-25;9;454
25;2025-12-25;10;372
25;2025-12-25;11;390
25;2025-12-25;12;401
25;2025-12-25;13;463
25;2025-12-25;14;445
25;2025-12-25;15;515
25;2025-12-25;16;607
25;2025-12-25;17;719
25;2025-12-25;18;773
25;2025-12-25;19;515
25;2025-12-25;20;339
25;2025-12-25;21;230
25;2025-12-25;22;122
25;2025-12-25;23;8
25;2025-12-26;0;1
25;2025-12-26;1;0
25;2025-12-26;2;0
25;2025-12-26;3;0
25;2025-12-26;4;0
25;2025-12-26;5;10
25;2025-12-26;6;215
25;2025-12-26;7;523
25;2025-12-26;8;840
25;2025-12-26;9;451
25;2025-12-26;10;367
25;2025-12-26;11;397
25;2025-12-26;12;400
25;2025-12-26;13;488
25;2025-12-26;14;472
25;2025-12-26;15;545
25;2025-12-26;16;675
25;2025-12-26;17;734
25;2025-12-26;18;670
25;2025-12-26;19;504
25;2025-12-26;20;332
25;2025-12-26;21;241
25;2025-12-26;22;130
25;2025-12-26;23;13
25;2025-12-27;0;5
25;2025-12-27;1;0
25;2025-12-27;2;0
25;2025-12-27;3;0
25;2025-12-27;4;0
25;2025-12-27;5;8
25;2025-12-27;6;85
25;2025-12-27;7;138
25;2025-12-27;8;281
25;2025-12-27;9;282
25;2025-12-27;10;274
25;2025-12-27;11;361
25;2025-12-27;12;384
25;2025-12-27;13;489
25;2025-12-27;14;519
25;2025-12-27;15;591
25;2025-12-27;16;542
25;2025-12-27;17;497
25;2025-12-27;18;491
25;2025-12-27;19;428
25;2025-12-27;20;287
25;2025-12-27;21;251
25;2025-12-27;22;147
25;2025-12-27;23;58
25;2025-12-28;0;23
25;2025-12-28;1;4
25;2025-12-28;2;3
25;2025-12-28;3;3
25;2025-12-28;4;3
25;2025-12-28;5;9
25;2025-12-28;6;73
25;2025-12-28;7;107
25;2025-12-28;8;187
25;2025-12-28;9;205
25;2025-12-28;10;219
25;2025-12-28;11;294
25;2025-12-28;12;359
25;2025-12-28;13;436
25;2025-12-28;14;476
25;2025-12-28;15;554
25;2025-12-28;16;492
25;2025-12-28;17;473
25;2025-12-28;18;446
25;2025-12-28;19;365
25;2025-12-28;20;247
25;2025-12-28;21;201
25;2025-12-28;22;118
25;2025-12-28;23;37
25;2025-12-29;0;6
25;2025-12-29;1;0
25;2025-12-29;2;0
25;2025-12-29;3;0
25;2025-12-29;4;0
25;2025-12-29;5;7
25;2025-12-29;6;189
25;2025-12-29;7;510
25;2025-12-29;8;855
25;2025-12-29;9;442
25;2025-12-29;10;324
25;2025-12-29;11;364
25;2025-12-29;12;374
25;2025-12-29;13;465
25;2025-12-29;14;404
25;2025-12-29;15;472
25;2025-12-29;16;597
25;2025-12-29;17;677
25;2025-12-29;18;765
25;2025-12-29;19;487
25;2025-12-29;20;315
25;2025-12-29;21;205
25;2025-12-29;22;100
25;2025-12-29;23;10
25;2025-12-30;0;3
25;2025-12-30;1;1
25;2025-12-30;2;0
25;2025-12-30;3;0
25;2025-12-30;4;0
25;2025-12-30;5;8
25;2025-12-30;6;184
25;2025-12-30;7;502
25;2025-12-30;8;803
25;2025-12-30;9;441
25;2025-12-30;10;340
25;2025-12-30;11;370
25;2025-12-30;12;364
25;2025-12-30;13;426
25;2025-12-30;14;399
25;2025-12-30;15;478
25;2025-12-30;16;562
25;2025-12-30;17;625
25;2025-12-30;18;715
25;2025-12-30;19;494
25;2025-12-30;20;312
25;2025-12-30;21;200
25;2025-12-30;22;99
25;2025-12-30;23;8
25;2025-12-31;0;3
25;2025-12-31;1;0
25;2025-12-31;2;0
25;2025-12-31;3;0
25;2025-12-31;4;0
25;2025-12-31;5;4
25;2025-12-31;6;78
25;2025-12-31;7;122
25;2025-12-31;8;161
25;2025-12-31;9;161
25;2025-12-31;10;176
25;2025-12-31;11;228
25;2025-12-31;12;271
25;2025-12-31;13;354
25;2025-12-31;14;417
25;2025-12-31;15;473
25;2025-12-31;16;442
25;2025-12-31;17;434
25;2025-12-31;18;444
25;2025-12-31;19;376
25;2025-12-31;20;281
25;2025-12-31;21;211
25;2025-12-31;22;118
25;2025-12-31;23;35
26;2025-11-01;0;46
26;2025-11-01;1;3
26;2025-11-01;2;0
26;2025-11-01;3;0
26;2025-11-01;4;4
26;2025-11-01;5;84
26;2025-11-01;6;530
26;2025-11-01;7;1054
26;2025-11-01;8;1791
26;2025-11-01;9;1480
26;2025-11-01;10;1322
26;2025-11-01;11;1241
26;2025-11-01;12;1251
26;2025-11-01;13;1327
26;2025-11-01;14;1350
26;2025-11-01;15;1399
26;2025-11-01;16;1545
26;2025-11-01;17;1660
26;2025-11-01;18;1643
26;2025-11-01;19;1289
26;2025-11-01;20;840
26;2025-11-01;21;515
26;2025-11-01;22;277
26;2025-11-01;23;165
26;2025-11-02;0;51
26;2025-11-02;1;5
26;2025-11-02;2;0
26;2025-11-02;3;0
26;2025-11-02;4;1
26;2025-11-02;5;31
26;2025-11-02;6;160
26;2025-11-02;7;261
26;2025-11-02;8;393
26;2025-11-02;9;520
26;2025-11-02;10;587
26;2025-11-02;11;781
26;2025-11-02;12;811
26;2025-11-02;13;830
26;2025-11-02;14;814
26;2025-11-02;15;777
26;2025-11-02;16;772
26;2025-11-02;17;762
26;2025-11-02;18;705
26;2025-11-02;19;583
26;2025-11-02;20;439
26;2025-11-02;21;309
26;2025-11-02;22;194
26;2025-11-02;23;112
26;2025-11-03;0;48
26;2025-11-03;1;1
26;2025-11-03;2;0
26;2025-11-03;3;0
26;2025-11-03;4;0
26;2025-11-03;5;42
26;2025-11-03;6;224
26;2025-11-03;7;288
26;2025-11-03;8;463
26;2025-11-03;9;386
26;2025-11-03;10;601
26;2025-11-03;11;763
26;2025-11-03;12;810
26;2025-11-03;13;831
26;2025-11-03;14;825
26;2025-11-03;15;751
26;2025-11-03;16;730
26;2025-11-03;17;762
26;2025-11-03;18;679
26;2025-11-03;19;707
26;2025-11-03;20;470
26;2025-11-03;21;311
26;2025-11-03;22;201
26;2025-11-03;23;103
26;2025-11-04;0;44
26;2025-11-04;1;13
26;2025-11-04;2;12
26;2025-11-04;3;3
26;2025-11-04;4;2
26;2025-11-04;5;40
26;2025-11-04;6;233
26;2025-11-04;7;271
26;2025-11-04;8;478
26;2025-11-04;9;401
26;2025-11-04;10;539
26;2025-11-04;11;770
26;2025-11-04;12;808
26;2025-11-04;13;842
26;2025-11-04;14;828
26;2025-11-04;15;772
26;2025-11-04;16;711
26;2025-11-04;17;709
26;2025-11-04;18;696
26;2025-11-04;19;654
26;2025-11-04;20;530
26;2025-11-04;21;341
26;2025-11-04;22;207
26;2025-11-04;23;125
26;2025-11-05;0;34
26;2025-11-05;1;1
26;2025-11-05;2;0
26;2025-11-05;3;0
26;2025-11-05;4;4
26;2025-11-05;5;84
26;2025-11-05;6;489
26;2025-11-05;7;1028
26;2025-11-05;8;2017
26;2025-11-05;9;1480
26;2025-11-05;10;1234
26;2025-11-05;11;1052
26;2025-11-05;12;1082
26;2025-11-05;13;1146
26;2025-11-05;14;1196
26;2025-11-05;15;1246
26;2025-11-05;16;1404
26;2025-11-05;17;1637
26;2025-11-05;18;1775
26;2025-11-05;19;1215
26;2025-11-05;20;769
26;2025-11-05;21;490
26;2025-11-05;22;239
26;2025-11-05;23;127
26;2025-11-06;0;35
26;2025-11-06;1;1
26;2025-11-06;2;0
26;2025-11-06;3;0
26;2025-11-06;4;2
26;2025-11-06;5;85
26;2025-11-06;6;494
26;2025-11-06;7;1036
26;2025-11-06;8;2011
26;2025-11-06;9;1464
26;2025-11-06;10;1225
26;2025-11-06;11;1075
26;2025-11-06;12;1098
26;2025-11-06;13;1138
26;2025-11-06;14;1166
26;2025-11-06;15;1249
26;2025-11-06;16;1426
26;2025-11-06;17;1663
26;2025-11-06;18;1853
26;2025-11-06;19;1223
26;2025-11-06;20;764
26;2025-11-06;21;481
26;2025-11-06;22;239
26;2025-11-06;23;128
26;2025-11-07;0;36
26;2025-11-07;1;1
26;2025-11-07;2;0
26;2025-11-07;3;0
26;2025-11-07;4;2
26;2025-11-07;5;84
26;2025-11-07;6;495
26;2025-11-07;7;1007
26;2025-11-07;8;1906
26;2025-11-07;9;1387
26;2025-11-07;10;1180
26;2025-11-07;11;1021
26;2025-11-07;12;1061
26;2025-11-07;13;1118
26;2025-11-07;14;1173
26;2025-11-07;15;1269
26;2025-11-07;16;1564
26;2025-11-07;17;1686
26;2025-11-07;18;1390
26;2025-11-07;19;1073
26;2025-11-07;20;718
26;2025-11-07;21;464
26;2025-11-07;22;239
26;2025-11-07;23;154
26;2025-11-08;0;45
26;2025-11-08;1;2
26;2025-11-08;2;0
26;2025-11-08;3;0
26;2025-11-08;4;2
26;2025-11-08;5;47
26;2025-11-08;6;264
26;2025-11-08;7;355
26;2025-11-08;8;511
26;2025-11-08;9;627
26;2025-11-08;10;713
26;2025-11-08;11;895
26;2025-11-08;12;910
26;2025-11-08;13;941
26;2025-11-08;14;933
26;2025-11-08;15;872
26;2025-11-08;16;868
26;2025-11-08;17;854
26;2025-11-08;18;799
26;2025-11-08;19;742
26;2025-11-08;20;522
26;2025-11-08;21;380
26;2025-11-08;22;223
26;2025-11-08;23;140
26;2025-11-09;0;51
26;2025-11-09;1;5
26;2025-11-09;2;0
26;2025-11-09;3;0
26;2025-11-09;4;1
26;2025-11-09;5;32
26;2025-11-09;6;166
26;2025-11-09;7;263
26;2025-11-09;8;400
26;2025-11-09;9;497
26;2025-11-09;10;561
26;2025-11-09;11;755
26;2025-11-09;12;791
26;2025-11-09;13;809
26;2025-11-09;14;795
26;2025-11-09;15;753
26;2025-11-09;16;758
26;2025-11-09;17;749
26;2025-11-09;18;700
26;2025-11-09;19;588
26;2025-11-09;20;449
26;2025-11-09;21;316
26;2025-11-09;22;197
26;2025-11-09;23;104
26;2025-11-10;0;26
26;2025-11-10;1;1
26;2025-11-10;2;0
26;2025-11-10;3;0
26;2025-11-10;4;2
26;2025-11-10;5;76
26;2025-11-10;6;493
26;2025-11-10;7;1004
26;2025-11-10;8;1961
26;2025-11-10;9;1426
26;2025-11-10;10;1180
26;2025-11-10;11;1002
26;2025-11-10;12;1016
26;2025-11-10;13;1099
26;2025-11-10;14;1116
26;2025-11-10;15;1205
26;2025-11-10;16;1397
26;2025-11-10;17;1653
26;2025-11-10;18;1826
26;2025-11-10;19;1215
26;2025-11-10;20;753
26;2025-11-10;21;465
26;2025-11-10;22;216
26;2025-11-10;23;102
26;2025-11-11;0;29
26;2025-11-11;1;1
26;2025-11-11;2;0
26;2025-11-11;3;1
26;2025-11-11;4;3
26;2025-11-11;5;88
26;2025-11-11;6;519
26;2025-11-11;7;1070
26;2025-11-11;8;2026
26;2025-11-11;9;1508
26;2025-11-11;10;1222
26;2025-11-11;11;1083
26;2025-11-11;12;1089
26;2025-11-11;13;1120
26;2025-11-11;14;1142
26;2025-11-11;15;1218
26;2025-11-11;16;1438
26;2025-11-11;17;1697
26;2025-11-11;18;1842
26;2025-11-11;19;1236
26;2025-11-11;20;765
26;2025-11-11;21;472
26;2025-11-11;22;227
26;2025-11-11;23;115
26;2025-11-12;0;34
26;2025-11-12;1;1
26;2025-11-12;2;0
26;2025-11-12;3;0
26;2025-11-12;4;5
26;2025-11-12;5;86
26;2025-11-12;6;502
26;2025-11-12;7;1036
26;2025-11-12;8;2029
26;2025-11-12;9;1501
26;2025-11-12;10;1215
26;2025-11-12;11;1052
26;2025-11-12;12;1081
26;2025-11-12;13;1140
26;2025-11-12;14;1169
26;2025-11-12;15;1226
26;2025-11-12;16;1416
26;2025-11-12;17;1653
26;2025-11-12;18;1813
26;2025-11-12;19;1222
26;2025-11-12;20;757
26;2025-11-12;21;505
26;2025-11-12;22;243
26;2025-11-12;23;129
26;2025-11-13;0;36
26;2025-11-13;1;1
26;2025-11-13;2;0
26;2025-11-13;3;0
26;2025-11-13;4;3
26;2025-11-13;5;87
26;2025-11-13;6;505
26;2025-11-13;7;1039
26;2025-11-13;8;2016
26;2025-11-13;9;1486
26;2025-11-13;10;1229
26;2025-11-13;11;1080
26;2025-11-13;12;1103
26;2025-11-13;13;1143
26;2025-11-13;14;1168
26;2025-11-13;15;1246
26;2025-11-13;16;1447
26;2025-11-13;17;1683
26;2025-11-13;18;1881
26;2025-11-13;19;1236
26;2025-11-13;20;765
26;2025-11-13;21;497
26;2025-11-13;22;245
26;2025-11-13;23;133
26;2025-11-14;0;37
26;2025-11-14;1;1
26;2025-11-14;2;0
26;2025-11-14;3;0
26;2025-11-14;4;3
26;2025-11-14;5;85
26;2025-11-14;6;505
26;2025-11-14;7;1014
26;2025-11-14;8;1926
26;2025-11-14;9;1402
26;2025-11-14;10;1184
26;2025-11-14;11;1031
26;2025-11-14;12;1071
26;2025-11-14;13;1127
26;2025-11-14;14;1168
26;2025-11-14;15;1266
26;2025-11-14;16;1585
26;2025-11-14;17;1703
26;2025-11-14;18;1402
26;2025-11-14;19;1077
26;2025-11-14;20;718
26;2025-11-14;21;477
26;2025-11-14;22;242
26;2025-11-14;23;157
26;2025-11-15;0;48
26;2025-11-15;1;3
26;2025-11-15;2;0
26;2025-11-15;3;0
26;2025-11-15;4;2
26;2025-11-15;5;50
26;2025-11-15;6;271
26;2025-11-15;7;368
26;2025-11-15;8;537
26;2025-11-15;9;652
26;2025-11-15;10;736
26;2025-11-15;11;919
26;2025-11-15;12;926
26;2025-11-15;13;957
26;2025-11-15;14;952
26;2025-11-15;15;896
26;2025-11-15;16;892
26;2025-11-15;17;872
26;2025-11-15;18;820
26;2025-11-15;19;761
26;2025-11-15;20;551
26;2025-11-15;21;396
26;2025-11-15;22;237
26;2025-11-15;23;150
26;2025-11-16;0;57
26;2025-11-16;1;6
26;2025-11-16;2;0
26;2025-11-16;3;0
26;2025-11-16;4;2
26;2025-11-16;5;36
26;2025-11-16;6;169
26;2025-11-16;7;275
26;2025-11-16;8;428
26;2025-11-16;9;533
26;2025-11-16;10;593
26;2025-11-16;11;795
26;2025-11-16;12;829
26;2025-11-16;13;841
26;2025-11-16;14;827
26;2025-11-16;15;786
26;2025-11-16;16;784
26;2025-11-16;17;788
26;2025-11-16;18;736
26;2025-11-16;19;610
26;2025-11-16;20;481
26;2025-11-16;21;330
26;2025-11-16;22;209
26;2025-11-16;23;124
26;2025-11-17;0;36
26;2025-11-17;1;2
26;2025-11-17;2;0
26;2025-11-17;3;0
26;2025-11-17;4;3
26;2025-11-17;5;83
26;2025-11-17;6;511
26;2025-11-17;7;1029
26;2025-11-17;8;1996
26;2025-11-17;9;1462
26;2025-11-17;10;1212
26;2025-11-17;11;1031
26;2025-11-17;12;1046
26;2025-11-17;13;1127
26;2025-11-17;14;1133
26;2025-11-17;15;1209
26;2025-11-17;16;1424
26;2025-11-17;17;1686
26;2025-11-17;18;1857
26;2025-11-17;19;1242
26;2025-11-17;20;764
26;2025-11-17;21;486
26;2025-11-17;22;223
26;2025-11-17;23;108
26;2025-11-18;0;31
26;2025-11-18;1;1
26;2025-11-18;2;0
26;2025-11-18;3;1
26;2025-11-18;4;4
26;2025-11-18;5;89
26;2025-11-18;6;534
26;2025-11-18;7;1086
26;2025-11-18;8;2056
26;2025-11-18;9;1533
26;2025-11-18;10;1248
26;2025-11-18;11;1105
26;2025-11-18;12;1112
26;2025-11-18;13;1147
26;2025-11-18;14;1170
26;2025-11-18;15;1248
26;2025-11-18;16;1464
26;2025-11-18;17;1724
26;2025-11-18;18;1871
26;2025-11-18;19;1268
26;2025-11-18;20;787
26;2025-11-18;21;502
26;2025-11-18;22;235
26;2025-11-18;23;123
26;2025-11-19;0;36
26;2025-11-19;1;1
26;2025-11-19;2;0
26;2025-11-19;3;0
26;2025-11-19;4;6
26;2025-11-19;5;89
26;2025-11-19;6;515
26;2025-11-19;7;1052
26;2025-11-19;8;2059
26;2025-11-19;9;1526
26;2025-11-19;10;1236
26;2025-11-19;11;1077
26;2025-11-19;12;1107
26;2025-11-19;13;1168
26;2025-11-19;14;1193
26;2025-11-19;15;1247
26;2025-11-19;16;1440
26;2025-11-19;17;1679
26;2025-11-19;18;1845
26;2025-11-19;19;1253
26;2025-11-19;20;776
26;2025-11-19;21;525
26;2025-11-19;22;251
26;2025-11-19;23;135
26;2025-11-20;0;38
26;2025-11-20;1;2
26;2025-11-20;2;0
26;2025-11-20;3;0
26;2025-11-20;4;3
26;2025-11-20;5;88
26;2025-11-20;6;518
26;2025-11-20;7;1057
26;2025-11-20;8;2046
26;2025-11-20;9;1508
26;2025-11-20;10;1248
26;2025-11-20;11;1099
26;2025-11-20;12;1122
26;2025-11-20;13;1163
26;2025-11-20;14;1190
26;2025-11-20;15;1267
26;2025-11-20;16;1469
26;2025-11-20;17;1709
26;2025-11-20;18;1909
26;2025-11-20;19;1258
26;2025-11-20;20;779
26;2025-11-20;21;515
26;2025-11-20;22;251
26;2025-11-20;23;135
26;2025-11-21;0;39
26;2025-11-21;1;2
26;2025-11-21;2;0
26;2025-11-21;3;0
26;2025-11-21;4;3
26;2025-11-21;5;86
26;2025-11-21;6;519
26;2025-11-21;7;1030
26;2025-11-21;8;1952
26;2025-11-21;9;1423
26;2025-11-21;10;1204
26;2025-11-21;11;1047
26;2025-11-21;12;1089
26;2025-11-21;13;1147
26;2025-11-21;14;1189
26;2025-11-21;15;1289
26;2025-11-21;16;1610
26;2025-11-21;17;1726
26;2025-11-21;18;1421
26;2025-11-21;19;1097
26;2025-11-21;20;734
26;2025-11-21;21;492
26;2025-11-21;22;248
26;2025-11-21;23;161
26;2025-11-22;0;49
26;2025-11-22;1;3
26;2025-11-22;2;0
26;2025-11-22;3;0
26;2025-11-22;4;3
26;2025-11-22;5;50
26;2025-11-22;6;272
26;2025-11-22;7;368
26;2025-11-22;8;541
26;2025-11-22;9;659
26;2025-11-22;10;742
26;2025-11-22;11;929
26;2025-11-22;12;939
26;2025-11-22;13;965
26;2025-11-22;14;962
26;2025-11-22;15;906
26;2025-11-22;16;901
26;2025-11-22;17;882
26;2025-11-22;18;831
26;2025-11-22;19;767
26;2025-11-22;20;555
26;2025-11-22;21;397
26;2025-11-22;22;237
26;2025-11-22;23;149
26;2025-11-23;0;53
26;2025-11-23;1;6
26;2025-11-23;2;0
26;2025-11-23;3;0
26;2025-11-23;4;1
26;2025-11-23;5;30
26;2025-11-23;6;167
26;2025-11-23;7;266
26;2025-11-23;8;410
26;2025-11-23;9;525
26;2025-11-23;10;581
26;2025-11-23;11;783
26;2025-11-23;12;818
26;2025-11-23;13;837
26;2025-11-23;14;823
26;2025-11-23;15;781
26;2025-11-23;16;784
26;2025-11-23;17;773
26;2025-11-23;18;721
26;2025-11-23;19;610
26;2025-11-23;20;472
26;2025-11-23;21;331
26;2025-11-23;22;209
26;2025-11-23;23;122
26;2025-11-24;0;36
26;2025-11-24;1;2
26;2025-11-24;2;0
26;2025-11-24;3;0
26;2025-11-24;4;3
26;2025-11-24;5;87
26;2025-11-24;6;520
26;2025-11-24;7;1039
26;2025-11-24;8;2000
26;2025-11-24;9;1474
26;2025-11-24;10;1219
26;2025-11-24;11;1040
26;2025-11-24;12;1056
26;2025-11-24;13;1137
26;2025-11-24;14;1142
26;2025-11-24;15;1221
26;2025-11-24;16;1441
26;2025-11-24;17;1698
26;2025-11-24;18;1874
26;2025-11-24;19;1254
26;2025-11-24;20;771
26;2025-11-24;21;489
26;2025-11-24;22;225
26;2025-11-24;23;108
26;2025-11-25;0;31
26;2025-11-25;1;1
26;2025-11-25;2;0
26;2025-11-25;3;1
26;2025-11-25;4;4
26;2025-11-25;5;90
26;2025-11-25;6;537
26;2025-11-25;7;1094
26;2025-11-25;8;2054
26;2025-11-25;9;1546
26;2025-11-25;10;1251
26;2025-11-25;11;1110
26;2025-11-25;12;1120
26;2025-11-25;13;1151
26;2025-11-25;14;1174
26;2025-11-25;15;1258
26;2025-11-25;16;1472
26;2025-11-25;17;1733
26;2025-11-25;18;1884
26;2025-11-25;19;1277
26;2025-11-25;20;794
26;2025-11-25;21;506
26;2025-11-25;22;239
26;2025-11-25;23;123
26;2025-11-26;0;36
26;2025-11-26;1;2
26;2025-11-26;2;0
26;2025-11-26;3;0
26;2025-11-26;4;6
26;2025-11-26;5;89
26;2025-11-26;6;519
26;2025-11-26;7;1060
26;2025-11-26;8;2057
26;2025-11-26;9;1538
26;2025-11-26;10;1232
26;2025-11-26;11;1072
26;2025-11-26;12;1104
26;2025-11-26;13;1162
26;2025-11-26;14;1194
26;2025-11-26;15;1248
26;2025-11-26;16;1447
26;2025-11-26;17;1678
26;2025-11-26;18;1823
26;2025-11-26;19;1255
26;2025-11-26;20;783
26;2025-11-26;21;525
26;2025-11-26;22;254
26;2025-11-26;23;136
26;2025-11-27;0;37
26;2025-11-27;1;2
26;2025-11-27;2;0
26;2025-11-27;3;0
26;2025-11-27;4;3
26;2025-11-27;5;88
26;2025-11-27;6;525
26;2025-11-27;7;1054
26;2025-11-27;8;2010
26;2025-11-27;9;1526
26;2025-11-27;10;1243
26;2025-11-27;11;1093
26;2025-11-27;12;1119
26;2025-11-27;13;1157
26;2025-11-27;14;1185
26;2025-11-27;15;1269
26;2025-11-27;16;1468
26;2025-11-27;17;1701
26;2025-11-27;18;1873
26;2025-11-27;19;1262
26;2025-11-27;20;788
26;2025-11-27;21;519
26;2025-11-27;22;254
26;2025-11-27;23;134
26;2025-11-28;0;38
26;2025-11-28;1;2
26;2025-11-28;2;0
26;2025-11-28;3;0
26;2025-11-28;4;3
26;2025-11-28;5;87
26;2025-11-28;6;525
26;2025-11-28;7;1032
26;2025-11-28;8;1928
26;2025-11-28;9;1444
26;2025-11-28;10;1200
26;2025-11-28;11;1042
26;2025-11-28;12;1087
26;2025-11-28;13;1143
26;2025-11-28;14;1185
26;2025-11-28;15;1290
26;2025-11-28;16;1585
26;2025-11-28;17;1714
26;2025-11-28;18;1442
26;2025-11-28;19;1092
26;2025-11-28;20;737
26;2025-11-28;21;484
26;2025-11-28;22;247
26;2025-11-28;23;159
26;2025-11-29;0;48
26;2025-11-29;1;3
26;2025-11-29;2;0
26;2025-11-29;3;0
26;2025-11-29;4;2
26;2025-11-29;5;49
26;2025-11-29;6;271
26;2025-11-29;7;367
26;2025-11-29;8;539
26;2025-11-29;9;656
26;2025-11-29;10;747
26;2025-11-29;11;937
26;2025-11-29;12;948
26;2025-11-29;13;974
26;2025-11-29;14;973
26;2025-11-29;15;917
26;2025-11-29;16;914
26;2025-11-29;17;894
26;2025-11-29;18;840
26;2025-11-29;19;778
26;2025-11-29;20;551
26;2025-11-29;21;399
26;2025-11-29;22;236
26;2025-11-29;23;150
26;2025-11-30;0;55
26;2025-11-30;1;6
26;2025-11-30;2;0
26;2025-11-30;3;0
26;2025-11-30;4;2
26;2025-11-30;5;33
26;2025-11-30;6;170
26;2025-11-30;7;267
26;2025-11-30;8;407
26;2025-11-30;9;520
26;2025-11-30;10;583
26;2025-11-30;11;790
26;2025-11-30;12;826
26;2025-11-30;13;844
26;2025-11-30;14;830
26;2025-11-30;15;789
26;2025-11-30;16;788
26;2025-11-30;17;777
26;2025-11-30;18;720
26;2025-11-30;19;604
26;2025-11-30;20;462
26;2025-11-30;21;324
26;2025-11-30;22;206
26;2025-11-30;23;120
26;2025-12-01;0;33
26;2025-12-01;1;1
26;2025-12-01;2;0
26;2025-12-01;3;0
26;2025-12-01;4;3
26;2025-12-01;5;86
26;2025-12-01;6;519
26;2025-12-01;7;1037
26;2025-12-01;8;1980
26;2025-12-01;9;1479
26;2025-12-01;10;1214
26;2025-12-01;11;1025
26;2025-12-01;12;1041
26;2025-12-01;13;1117
26;2025-12-01;14;1122
26;2025-12-01;15;1209
26;2025-12-01;16;1432
26;2025-12-01;17;1685
26;2025-12-01;18;1870
26;2025-12-01;19;1252
26;2025-12-01;20;775
26;2025-12-01;21;479
26;2025-12-01;22;227
26;2025-12-01;23;109
26;2025-12-02;0;32
26;2025-12-02;1;1
26;2025-12-02;2;0
26;2025-12-02;3;1
26;2025-12-02;4;4
26;2025-12-02;5;88
26;2025-12-02;6;534
26;2025-12-02;7;1087
26;2025-12-02;8;2034
26;2025-12-02;9;1545
26;2025-12-02;10;1243
26;2025-12-02;11;1094
26;2025-12-02;12;1101
26;2025-12-02;13;1130
26;2025-12-02;14;1154
26;2025-12-02;15;1245
26;2025-12-02;16;1464
26;2025-12-02;17;1724
26;2025-12-02;18;1893
26;2025-12-02;19;1283
26;2025-12-02;20;799
26;2025-12-02;21;497
26;2025-12-02;22;238
26;2025-12-02;23;123
26;2025-12-03;0;36
26;2025-12-03;1;1
26;2025-12-03;2;0
26;2025-12-03;3;0
26;2025-12-03;4;6
26;2025-12-03;5;87
26;2025-12-03;6;517
26;2025-12-03;7;1051
26;2025-12-03;8;2032
26;2025-12-03;9;1544
26;2025-12-03;10;1233
26;2025-12-03;11;1065
26;2025-12-03;12;1096
26;2025-12-03;13;1157
26;2025-12-03;14;1192
26;2025-12-03;15;1249
26;2025-12-03;16;1444
26;2025-12-03;17;1685
26;2025-12-03;18;1841
26;2025-12-03;19;1263
26;2025-12-03;20;787
26;2025-12-03;21;520
26;2025-12-03;22;253
26;2025-12-03;23;137
26;2025-12-04;0;38
26;2025-12-04;1;2
26;2025-12-04;2;0
26;2025-12-04;3;0
26;2025-12-04;4;3
26;2025-12-04;5;88
26;2025-12-04;6;522
26;2025-12-04;7;1054
26;2025-12-04;8;2025
26;2025-12-04;9;1532
26;2025-12-04;10;1248
26;2025-12-04;11;1090
26;2025-12-04;12;1116
26;2025-12-04;13;1155
26;2025-12-04;14;1183
26;2025-12-04;15;1270
26;2025-12-04;16;1462
26;2025-12-04;17;1700
26;2025-12-04;18;1892
26;2025-12-04;19;1271
26;2025-12-04;20;794
26;2025-12-04;21;513
26;2025-12-04;22;253
26;2025-12-04;23;137
26;2025-12-05;0;40
26;2025-12-05;1;2
26;2025-12-05;2;0
26;2025-12-05;3;0
26;2025-12-05;4;3
26;2025-12-05;5;88
26;2025-12-05;6;524
26;2025-12-05;7;1034
26;2025-12-05;8;1947
26;2025-12-05;9;1458
26;2025-12-05;10;1204
26;2025-12-05;11;1043
26;2025-12-05;12;1085
26;2025-12-05;13;1141
26;2025-12-05;14;1185
26;2025-12-05;15;1297
26;2025-12-05;16;1585
26;2025-12-05;17;1718
26;2025-12-05;18;1462
26;2025-12-05;19;1106
26;2025-12-05;20;747
26;2025-12-05;21;488
26;2025-12-05;22;249
26;2025-12-05;23;163
26;2025-12-06;0;49
26;2025-12-06;1;3
26;2025-12-06;2;0
26;2025-12-06;3;0
26;2025-12-06;4;2
26;2025-12-06;5;50
26;2025-12-06;6;275
26;2025-12-06;7;369
26;2025-12-06;8;544
26;2025-12-06;9;659
26;2025-12-06;10;749
26;2025-12-06;11;936
26;2025-12-06;12;944
26;2025-12-06;13;979
26;2025-12-06;14;974
26;2025-12-06;15;915
26;2025-12-06;16;913
26;2025-12-06;17;894
26;2025-12-06;18;840
26;2025-12-06;19;784
26;2025-12-06;20;557
26;2025-12-06;21;402
26;2025-12-06;22;237
26;2025-12-06;23;152
26;2025-12-07;0;54
26;2025-12-07;1;6
26;2025-12-07;2;0
26;2025-12-07;3;0
26;2025-12-07;4;2
26;2025-12-07;5;33
26;2025-12-07;6;171
26;2025-12-07;7;268
26;2025-12-07;8;411
26;2025-12-07;9;518
26;2025-12-07;10;580
26;2025-12-07;11;790
26;2025-12-07;12;824
26;2025-12-07;13;848
26;2025-12-07;14;831
26;2025-12-07;15;792
26;2025-12-07;16;791
26;2025-12-07;17;781
26;2025-12-07;18;725
26;2025-12-07;19;605
26;2025-12-07;20;461
26;2025-12-07;21;323
26;2025-12-07;22;204
26;2025-12-07;23;117
26;2025-12-08;0;32
26;2025-12-08;1;2
26;2025-12-08;2;0
26;2025-12-08;3;0
26;2025-12-08;4;3
26;2025-12-08;5;85
26;2025-12-08;6;525
26;2025-12-08;7;1047
26;2025-12-08;8;1997
26;2025-12-08;9;1497
26;2025-12-08;10;1228
26;2025-12-08;11;1039
26;2025-12-08;12;1053
26;2025-12-08;13;1128
26;2025-12-08;14;1133
26;2025-12-08;15;1222
26;2025-12-08;16;1446
26;2025-12-08;17;1697
26;2025-12-08;18;1883
26;2025-12-08;19;1268
26;2025-12-08;20;782
26;2025-12-08;21;484
26;2025-12-08;22;227
26;2025-12-08;23;110
26;2025-12-09;0;31
26;2025-12-09;1;1
26;2025-12-09;2;0
26;2025-12-09;3;1
26;2025-12-09;4;4
26;2025-12-09;5;90
26;2025-12-09;6;542
26;2025-12-09;7;1100
26;2025-12-09;8;2060
26;2025-12-09;9;1562
26;2025-12-09;10;1258
26;2025-12-09;11;1112
26;2025-12-09;12;1118
26;2025-12-09;13;1146
26;2025-12-09;14;1170
26;2025-12-09;15;1260
26;2025-12-09;16;1477
26;2025-12-09;17;1737
26;2025-12-09;18;1904
26;2025-12-09;19;1296
26;2025-12-09;20;803
26;2025-12-09;21;502
26;2025-12-09;22;240
26;2025-12-09;23;124
26;2025-12-10;0;36
26;2025-12-10;1;1
26;2025-12-10;2;0
26;2025-12-10;3;0
26;2025-12-10;4;6
26;2025-12-10;5;89
26;2025-12-10;6;526
26;2025-12-10;7;1069
26;2025-12-10;8;2057
26;2025-12-10;9;1563
26;2025-12-10;10;1250
26;2025-12-10;11;1088
26;2025-12-10;12;1119
26;2025-12-10;13;1176
26;2025-12-10;14;1209
26;2025-12-10;15;1266
26;2025-12-10;16;1463
26;2025-12-10;17;1702
26;2025-12-10;18;1858
26;2025-12-10;19;1277
26;2025-12-10;20;795
26;2025-12-10;21;521
26;2025-12-10;22;256
26;2025-12-10;23;137
26;2025-12-11;0;39
26;2025-12-11;1;2
26;2025-12-11;2;0
26;2025-12-11;3;0
26;2025-12-11;4;3
26;2025-12-11;5;90
26;2025-12-11;6;531
26;2025-12-11;7;1071
26;2025-12-11;8;2041
26;2025-12-11;9;1542
26;2025-12-11;10;1259
26;2025-12-11;11;1111
26;2025-12-11;12;1136
26;2025-12-11;13;1174
26;2025-12-11;14;1199
26;2025-12-11;15;1281
26;2025-12-11;16;1475
26;2025-12-11;17;1717
26;2025-12-11;18;1905
26;2025-12-11;19;1283
26;2025-12-11;20;798
26;2025-12-11;21;510
26;2025-12-11;22;255
26;2025-12-11;23;137
26;2025-12-12;0;40
26;2025-12-12;1;2
26;2025-12-12;2;0
26;2025-12-12;3;0
26;2025-12-12;4;3
26;2025-12-12;5;88
26;2025-12-12;6;527
26;2025-12-12;7;1046
26;2025-12-12;8;1958
26;2025-12-12;9;1469
26;2025-12-12;10;1216
26;2025-12-12;11;1063
26;2025-12-12;12;1103
26;2025-12-12;13;1158
26;2025-12-12;14;1201
26;2025-12-12;15;1309
26;2025-12-12;16;1595
26;2025-12-12;17;1733
26;2025-12-12;18;1476
26;2025-12-12;19;1119
26;2025-12-12;20;749
26;2025-12-12;21;483
26;2025-12-12;22;253
26;2025-12-12;23;163
26;2025-12-13;0;50
26;2025-12-13;1;3
26;2025-12-13;2;0
26;2025-12-13;3;0
26;2025-12-13;4;2
26;2025-12-13;5;51
26;2025-12-13;6;280
26;2025-12-13;7;376
26;2025-12-13;8;543
26;2025-12-13;9;669
26;2025-12-13;10;757
26;2025-12-13;11;946
26;2025-12-13;12;957
26;2025-12-13;13;989
26;2025-12-13;14;984
26;2025-12-13;15;924
26;2025-12-13;16;920
26;2025-12-13;17;894
26;2025-12-13;18;838
26;2025-12-13;19;781
26;2025-12-13;20;557
26;2025-12-13;21;400
26;2025-12-13;22;241
26;2025-12-13;23;153
26;2025-12-14;0;54
26;2025-12-14;1;6
26;2025-12-14;2;0
26;2025-12-14;3;0
26;2025-12-14;4;2
26;2025-12-14;5;34
26;2025-12-14;6;174
26;2025-12-14;7;271
26;2025-12-14;8;408
26;2025-12-14;9;533
26;2025-12-14;10;602
26;2025-12-14;11;820
26;2025-12-14;12;854
26;2025-12-14;13;875
26;2025-12-14;14;861
26;2025-12-14;15;819
26;2025-12-14;16;816
26;2025-12-14;17;800
26;2025-12-14;18;734
26;2025-12-14;19;616
26;2025-12-14;20;473
26;2025-12-14;21;332
26;2025-12-14;22;211
26;2025-12-14;23;125
26;2025-12-15;0;39
26;2025-12-15;1;2
26;2025-12-15;2;0
26;2025-12-15;3;0
26;2025-12-15;4;3
26;2025-12-15;5;92
26;2025-12-15;6;537
26;2025-12-15;7;1077
26;2025-12-15;8;2013
26;2025-12-15;9;1519
26;2025-12-15;10;1257
26;2025-12-15;11;1072
26;2025-12-15;12;1088
26;2025-12-15;13;1163
26;2025-12-15;14;1165
26;2025-12-15;15;1250
26;2025-12-15;16;1471
26;2025-12-15;17;1718
26;2025-12-15;18;1900
26;2025-12-15;19;1285
26;2025-12-15;20;791
26;2025-12-15;21;480
26;2025-12-15;22;231
26;2025-12-15;23;113
26;2025-12-16;0;35
26;2025-12-16;1;1
26;2025-12-16;2;0
26;2025-12-16;3;1
26;2025-12-16;4;4
26;2025-12-16;5;94
26;2025-12-16;6;549
26;2025-12-16;7;1117
26;2025-12-16;8;2073
26;2025-12-16;9;1579
26;2025-12-16;10;1275
26;2025-12-16;11;1135
26;2025-12-16;12;1143
26;2025-12-16;13;1171
26;2025-12-16;14;1195
26;2025-12-16;15;1281
26;2025-12-16;16;1500
26;2025-12-16;17;1759
26;2025-12-16;18;1917
26;2025-12-16;19;1311
26;2025-12-16;20;812
26;2025-12-16;21;493
26;2025-12-16;22;243
26;2025-12-16;23;127
26;2025-12-17;0;38
26;2025-12-17;1;1
26;2025-12-17;2;0
26;2025-12-17;3;0
26;2025-12-17;4;6
26;2025-12-17;5;92
26;2025-12-17;6;533
26;2025-12-17;7;1086
26;2025-12-17;8;2068
26;2025-12-17;9;1577
26;2025-12-17;10;1265
26;2025-12-17;11;1106
26;2025-12-17;12;1138
26;2025-12-17;13;1197
26;2025-12-17;14;1228
26;2025-12-17;15;1288
26;2025-12-17;16;1483
26;2025-12-17;17;1722
26;2025-12-17;18;1878
26;2025-12-17;19;1289
26;2025-12-17;20;799
26;2025-12-17;21;511
26;2025-12-17;22;258
26;2025-12-17;23;139
26;2025-12-18;0;39
26;2025-12-18;1;2
26;2025-12-18;2;0
26;2025-12-18;3;0
26;2025-12-18;4;3
26;2025-12-18;5;91
26;2025-12-18;6;537
26;2025-12-18;7;1086
26;2025-12-18;8;2061
26;2025-12-18;9;1562
26;2025-12-18;10;1274
26;2025-12-18;11;1126
26;2025-12-18;12;1154
26;2025-12-18;13;1192
26;2025-12-18;14;1217
26;2025-12-18;15;1301
26;2025-12-18;16;1494
26;2025-12-18;17;1736
26;2025-12-18;18;1924
26;2025-12-18;19;1291
26;2025-12-18;20;802
26;2025-12-18;21;504
26;2025-12-18;22;256
26;2025-12-18;23;137
26;2025-12-19;0;40
26;2025-12-19;1;2
26;2025-12-19;2;0
26;2025-12-19;3;0
26;2025-12-19;4;3
26;2025-12-19;5;87
26;2025-12-19;6;531
26;2025-12-19;7;1054
26;2025-12-19;8;1959
26;2025-12-19;9;1480
26;2025-12-19;10;1225
26;2025-12-19;11;1068
26;2025-12-19;12;1104
26;2025-12-19;13;1159
26;2025-12-19;14;1203
26;2025-12-19;15;1310
26;2025-12-19;16;1594
26;2025-12-19;17;1728
26;2025-12-19;18;1467
26;2025-12-19;19;1113
26;2025-12-19;20;749
26;2025-12-19;21;479
26;2025-12-19;22;248
26;2025-12-19;23;159
26;2025-12-20;0;50
26;2025-12-20;1;3
26;2025-12-20;2;0
26;2025-12-20;3;0
26;2025-12-20;4;2
26;2025-12-20;5;52
26;2025-12-20;6;273
26;2025-12-20;7;370
26;2025-12-20;8;525
26;2025-12-20;9;668
26;2025-12-20;10;761
26;2025-12-20;11;961
26;2025-12-20;12;976
26;2025-12-20;13;995
26;2025-12-20;14;996
26;2025-12-20;15;939
26;2025-12-20;16;934
26;2025-12-20;17;912
26;2025-12-20;18;855
26;2025-12-20;19;790
26;2025-12-20;20;547
26;2025-12-20;21;390
26;2025-12-20;22;236
26;2025-12-20;23;149
26;2025-12-21;0;54
26;2025-12-21;1;6
26;2025-12-21;2;0
26;2025-12-21;3;0
26;2025-12-21;4;2
26;2025-12-21;5;35
26;2025-12-21;6;169
26;2025-12-21;7;273
26;2025-12-21;8;412
26;2025-12-21;9;540
26;2025-12-21;10;601
26;2025-12-21;11;824
26;2025-12-21;12;859
26;2025-12-21;13;879
26;2025-12-21;14;866
26;2025-12-21;15;823
26;2025-12-21;16;822
26;2025-12-21;17;809
26;2025-12-21;18;741
26;2025-12-21;19;610
26;2025-12-21;20;473
26;2025-12-21;21;332
26;2025-12-21;22;203
26;2025-12-21;23;119
26;2025-12-22;0;37
26;2025-12-22;1;2
26;2025-12-22;2;0
26;2025-12-22;3;0
26;2025-12-22;4;3
26;2025-12-22;5;85
26;2025-12-22;6;529
26;2025-12-22;7;1048
26;2025-12-22;8;1962
26;2025-12-22;9;1487
26;2025-12-22;10;1220
26;2025-12-22;11;1044
26;2025-12-22;12;1065
26;2025-12-22;13;1131
26;2025-12-22;14;1134
26;2025-12-22;15;1222
26;2025-12-22;16;1443
26;2025-12-22;17;1670
26;2025-12-22;18;1843
26;2025-12-22;19;1249
26;2025-12-22;20;792
26;2025-12-22;21;479
26;2025-12-22;22;230
26;2025-12-22;23;109
26;2025-12-23;0;35
26;2025-12-23;1;2
26;2025-12-23;2;1
26;2025-12-23;3;2
26;2025-12-23;4;4
26;2025-12-23;5;89
26;2025-12-23;6;529
26;2025-12-23;7;1081
26;2025-12-23;8;2021
26;2025-12-23;9;1530
26;2025-12-23;10;1237
26;2025-12-23;11;1096
26;2025-12-23;12;1105
26;2025-12-23;13;1134
26;2025-12-23;14;1157
26;2025-12-23;15;1245
26;2025-12-23;16;1451
26;2025-12-23;17;1700
26;2025-12-23;18;1853
26;2025-12-23;19;1274
26;2025-12-23;20;805
26;2025-12-23;21;487
26;2025-12-23;22;237
26;2025-12-23;23;122
26;2025-12-24;0;37
26;2025-12-24;1;1
26;2025-12-24;2;0
26;2025-12-24;3;0
26;2025-12-24;4;7
26;2025-12-24;5;86
26;2025-12-24;6;527
26;2025-12-24;7;1053
26;2025-12-24;8;2015
26;2025-12-24;9;1531
26;2025-12-24;10;1227
26;2025-12-24;11;1076
26;2025-12-24;12;1100
26;2025-12-24;13;1160
26;2025-12-24;14;1192
26;2025-12-24;15;1242
26;2025-12-24;16;1443
26;2025-12-24;17;1659
26;2025-12-24;18;1819
26;2025-12-24;19;1251
26;2025-12-24;20;795
26;2025-12-24;21;508
26;2025-12-24;22;251
26;2025-12-24;23;133
26;2025-12-25;0;41
26;2025-12-25;1;2
26;2025-12-25;2;0
26;2025-12-25;3;0
26;2025-12-25;4;3
26;2025-12-25;5;89
26;2025-12-25;6;532
26;2025-12-25;7;1055
26;2025-12-25;8;2006
26;2025-12-25;9;1529
26;2025-12-25;10;1238
26;2025-12-25;11;1095
26;2025-12-25;12;1114
26;2025-12-25;13;1152
26;2025-12-25;14;1181
26;2025-12-25;15;1267
26;2025-12-25;16;1458
26;2025-12-25;17;1676
26;2025-12-25;18;1867
26;2025-12-25;19;1257
26;2025-12-25;20;801
26;2025-12-25;21;503
26;2025-12-25;22;255
26;2025-12-25;23;137
26;2025-12-26;0;42
26;2025-12-26;1;2
26;2025-12-26;2;0
26;2025-12-26;3;0
26;2025-12-26;4;3
26;2025-12-26;5;88
26;2025-12-26;6;531
26;2025-12-26;7;1034
26;2025-12-26;8;1926
26;2025-12-26;9;1458
26;2025-12-26;10;1198
26;2025-12-26;11;1047
26;2025-12-26;12;1088
26;2025-12-26;13;1143
26;2025-12-26;14;1186
26;2025-12-26;15;1299
26;2025-12-26;16;1582
26;2025-12-26;17;1711
26;2025-12-26;18;1456
26;2025-12-26;19;1100
26;2025-12-26;20;756
26;2025-12-26;21;484
26;2025-12-26;22;251
26;2025-12-26;23;162
26;2025-12-27;0;51
26;2025-12-27;1;3
26;2025-12-27;2;0
26;2025-12-27;3;0
26;2025-12-27;4;3
26;2025-12-27;5;54
26;2025-12-27;6;277
26;2025-12-27;7;374
26;2025-12-27;8;520
26;2025-12-27;9;642
26;2025-12-27;10;740
26;2025-12-27;11;948
26;2025-12-27;12;967
26;2025-12-27;13;986
26;2025-12-27;14;989
26;2025-12-27;15;931
26;2025-12-27;16;928
26;2025-12-27;17;907
26;2025-12-27;18;847
26;2025-12-27;19;782
26;2025-12-27;20;541
26;2025-12-27;21;397
26;2025-12-27;22;242
26;2025-12-27;23;153
26;2025-12-28;0;56
26;2025-12-28;1;7
26;2025-12-28;2;0
26;2025-12-28;3;0
26;2025-12-28;4;2
26;2025-12-28;5;36
26;2025-12-28;6;171
26;2025-12-28;7;274
26;2025-12-28;8;411
26;2025-12-28;9;522
26;2025-12-28;10;581
26;2025-12-28;11;823
26;2025-12-28;12;854
26;2025-12-28;13;879
26;2025-12-28;14;859
26;2025-12-28;15;823
26;2025-12-28;16;820
26;2025-12-28;17;809
26;2025-12-28;18;738
26;2025-12-28;19;612
26;2025-12-28;20;473
26;2025-12-28;21;332
26;2025-12-28;22;205
26;2025-12-28;23;118
26;2025-12-29;0;33
26;2025-12-29;1;2
26;2025-12-29;2;0
26;2025-12-29;3;0
26;2025-12-29;4;3
26;2025-12-29;5;80
26;2025-12-29;6;520
26;2025-12-29;7;1059
26;2025-12-29;8;1989
26;2025-12-29;9;1499
26;2025-12-29;10;1228
26;2025-12-29;11;1050
26;2025-12-29;12;1073
26;2025-12-29;13;1143
26;2025-12-29;14;1145
26;2025-12-29;15;1239
26;2025-12-29;16;1461
26;2025-12-29;17;1683
26;2025-12-29;18;1848
26;2025-12-29;19;1246
26;2025-12-29;20;793
26;2025-12-29;21;469
26;2025-12-29;22;224
26;2025-12-29;23;105
26;2025-12-30;0;23
26;2025-12-30;1;2
26;2025-12-30;2;1
26;2025-12-30;3;2
26;2025-12-30;4;5
26;2025-12-30;5;71
26;2025-12-30;6;485
26;2025-12-30;7;1059
26;2025-12-30;8;1981
26;2025-12-30;9;1457
26;2025-12-30;10;1189
26;2025-12-30;11;1057
26;2025-12-30;12;1070
26;2025-12-30;13;1093
26;2025-12-30;14;1134
26;2025-12-30;15;1229
26;2025-12-30;16;1418
26;2025-12-30;17;1664
26;2025-12-30;18;1809
26;2025-12-30;19;1189
26;2025-12-30;20;752
26;2025-12-30;21;468
26;2025-12-30;22;220
26;2025-12-30;23;114
26;2025-12-31;0;23
26;2025-12-31;1;2
26;2025-12-31;2;0
26;2025-12-31;3;0
26;2025-12-31;4;1
26;2025-12-31;5;15
26;2025-12-31;6;180
26;2025-12-31;7;257
26;2025-12-31;8;338
26;2025-12-31;9;391
26;2025-12-31;10;444
26;2025-12-31;11;618
26;2025-12-31;12;707
26;2025-12-31;13;761
26;2025-12-31;14;770
26;2025-12-31;15;722
26;2025-12-31;16;668
26;2025-12-31;17;689
26;2025-12-31;18;638
26;2025-12-31;19;651
26;2025-12-31;20;495
26;2025-12-31;21;344
26;2025-12-31;22;221
26;2025-12-31;23;137
28;2025-11-01;0;1
28;2025-11-01;1;0
28;2025-11-01;2;0
28;2025-11-01;3;0
28;2025-11-01;4;1
28;2025-11-01;5;51
28;2025-11-01;6;142
28;2025-11-01;7;466
28;2025-11-01;8;752
28;2025-11-01;9;625
28;2025-11-01;10;519
28;2025-11-01;11;518
28;2025-11-01;12;619
28;2025-11-01;13;650
28;2025-11-01;14;615
28;2025-11-01;15;637
28;2025-11-01;16;716
28;2025-11-01;17;754
28;2025-11-01;18;700
28;2025-11-01;19;532
28;2025-11-01;20;400
28;2025-11-01;21;287
28;2025-11-01;22;136
28;2025-11-01;23;18
28;2025-11-02;0;7
28;2025-11-02;1;4
28;2025-11-02;2;2
28;2025-11-02;3;1
28;2025-11-02;4;1
28;2025-11-02;5;26
28;2025-11-02;6;80
28;2025-11-02;7;146
28;2025-11-02;8;243
28;2025-11-02;9;314
28;2025-11-02;10;355
28;2025-11-02;11;382
28;2025-11-02;12;446
28;2025-11-02;13;500
28;2025-11-02;14;502
28;2025-11-02;15;509
28;2025-11-02;16;474
28;2025-11-02;17;488
28;2025-11-02;18;433
28;2025-11-02;19;366
28;2025-11-02;20;285
28;2025-11-02;21;239
28;2025-11-02;22;98
28;2025-11-02;23;5
28;2025-11-03;0;2
28;2025-11-03;1;0
28;2025-11-03;2;0
28;2025-11-03;3;0
28;2025-11-03;4;0
28;2025-11-03;5;23
28;2025-11-03;6;102
28;2025-11-03;7;150
28;2025-11-03;8;254
28;2025-11-03;9;290
28;2025-11-03;10;303
28;2025-11-03;11;327
28;2025-11-03;12;383
28;2025-11-03;13;449
28;2025-11-03;14;452
28;2025-11-03;15;448
28;2025-11-03;16;442
28;2025-11-03;17;435
28;2025-11-03;18;370
28;2025-11-03;19;318
28;2025-11-03;20;262
28;2025-11-03;21;220
28;2025-11-03;22;89
28;2025-11-03;23;15
28;2025-11-04;0;7
28;2025-11-04;1;5
28;2025-11-04;2;8
28;2025-11-04;3;1
28;2025-11-04;4;0
28;2025-11-04;5;24
28;2025-11-04;6;120
28;2025-11-04;7;196
28;2025-11-04;8;333
28;2025-11-04;9;329
28;2025-11-04;10;345
28;2025-11-04;11;371
28;2025-11-04;12;449
28;2025-11-04;13;496
28;2025-11-04;14;491
28;2025-11-04;15;463
28;2025-11-04;16;434
28;2025-11-04;17;422
28;2025-11-04;18;359
28;2025-11-04;19;325
28;2025-11-04;20;285
28;2025-11-04;21;231
28;2025-11-04;22;102
28;2025-11-04;23;23
28;2025-11-05;0;11
28;2025-11-05;1;10
28;2025-11-05;2;10
28;2025-11-05;3;10
28;2025-11-05;4;13
28;2025-11-05;5;89
28;2025-11-05;6;266
28;2025-11-05;7;742
28;2025-11-05;8;1183
28;2025-11-05;9;822
28;2025-11-05;10;584
28;2025-11-05;11;558
28;2025-11-05;12;686
28;2025-11-05;13;718
28;2025-11-05;14;632
28;2025-11-05;15;691
28;2025-11-05;16;854
28;2025-11-05;17;987
28;2025-11-05;18;985
28;2025-11-05;19;724
28;2025-11-05;20;497
28;2025-11-05;21;314
28;2025-11-05;22;138
28;2025-11-05;23;12
28;2025-11-06;0;1
28;2025-11-06;1;0
28;2025-11-06;2;0
28;2025-11-06;3;0
28;2025-11-06;4;1
28;2025-11-06;5;76
28;2025-11-06;6;249
28;2025-11-06;7;737
28;2025-11-06;8;1145
28;2025-11-06;9;793
28;2025-11-06;10;551
28;2025-11-06;11;509
28;2025-11-06;12;638
28;2025-11-06;13;683
28;2025-11-06;14;644
28;2025-11-06;15;685
28;2025-11-06;16;857
28;2025-11-06;17;1065
28;2025-11-06;18;1042
28;2025-11-06;19;739
28;2025-11-06;20;507
28;2025-11-06;21;327
28;2025-11-06;22;132
28;2025-11-06;23;15
28;2025-11-07;0;3
28;2025-11-07;1;1
28;2025-11-07;2;2
28;2025-11-07;3;1
28;2025-11-07;4;3
28;2025-11-07;5;81
28;2025-11-07;6;254
28;2025-11-07;7;767
28;2025-11-07;8;1206
28;2025-11-07;9;816
28;2025-11-07;10;579
28;2025-11-07;11;551
28;2025-11-07;12;681
28;2025-11-07;13;695
28;2025-11-07;14;653
28;2025-11-07;15;672
28;2025-11-07;16;890
28;2025-11-07;17;945
28;2025-11-07;18;823
28;2025-11-07;19;632
28;2025-11-07;20;455
28;2025-11-07;21;296
28;2025-11-07;22;126
28;2025-11-07;23;8
28;2025-11-08;0;1
28;2025-11-08;1;0
28;2025-11-08;2;0
28;2025-11-08;3;0
28;2025-11-08;4;1
28;2025-11-08;5;26
28;2025-11-08;6;85
28;2025-11-08;7;187
28;2025-11-08;8;319
28;2025-11-08;9;393
28;2025-11-08;10;404
28;2025-11-08;11;426
28;2025-11-08;12;490
28;2025-11-08;13;512
28;2025-11-08;14;504
28;2025-11-08;15;514
28;2025-11-08;16;510
28;2025-11-08;17;511
28;2025-11-08;18;456
28;2025-11-08;19;375
28;2025-11-08;20;283
28;2025-11-08;21;250
28;2025-11-08;22;120
28;2025-11-08;23;16
28;2025-11-09;0;3
28;2025-11-09;1;3
28;2025-11-09;2;3
28;2025-11-09;3;0
28;2025-11-09;4;3
28;2025-11-09;5;26
28;2025-11-09;6;85
28;2025-11-09;7;150
28;2025-11-09;8;247
28;2025-11-09;9;310
28;2025-11-09;10;350
28;2025-11-09;11;379
28;2025-11-09;12;438
28;2025-11-09;13;478
28;2025-11-09;14;484
28;2025-11-09;15;494
28;2025-11-09;16;479
28;2025-11-09;17;491
28;2025-11-09;18;439
28;2025-11-09;19;372
28;2025-11-09;20;296
28;2025-11-09;21;248
28;2025-11-09;22;99
28;2025-11-09;23;3
28;2025-11-10;0;0
28;2025-11-10;1;0
28;2025-11-10;2;0
28;2025-11-10;3;0
28;2025-11-10;4;0
28;2025-11-10;5;66
28;2025-11-10;6;239
28;2025-11-10;7;713
28;2025-11-10;8;1136
28;2025-11-10;9;787
28;2025-11-10;10;544
28;2025-11-10;11;494
28;2025-11-10;12;601
28;2025-11-10;13;628
28;2025-11-10;14;562
28;2025-11-10;15;601
28;2025-11-10;16;807
28;2025-11-10;17;938
28;2025-11-10;18;938
28;2025-11-10;19;698
28;2025-11-10;20;475
28;2025-11-10;21;285
28;2025-11-10;22;108
28;2025-11-10;23;5
28;2025-11-11;0;0
28;2025-11-11;1;0
28;2025-11-11;2;0
28;2025-11-11;3;0
28;2025-11-11;4;1
28;2025-11-11;5;72
28;2025-11-11;6;257
28;2025-11-11;7;777
28;2025-11-11;8;1233
28;2025-11-11;9;865
28;2025-11-11;10;621
28;2025-11-11;11;557
28;2025-11-11;12;676
28;2025-11-11;13;712
28;2025-11-11;14;644
28;2025-11-11;15;653
28;2025-11-11;16;786
28;2025-11-11;17;918
28;2025-11-11;18;903
28;2025-11-11;19;691
28;2025-11-11;20;481
28;2025-11-11;21;292
28;2025-11-11;22;128
28;2025-11-11;23;23
28;2025-11-12;0;11
28;2025-11-12;1;10
28;2025-11-12;2;9
28;2025-11-12;3;9
28;2025-11-12;4;10
28;2025-11-12;5;85
28;2025-11-12;6;265
28;2025-11-12;7;740
28;2025-11-12;8;1168
28;2025-11-12;9;810
28;2025-11-12;10;586
28;2025-11-12;11;564
28;2025-11-12;12;689
28;2025-11-12;13;716
28;2025-11-12;14;636
28;2025-11-12;15;685
28;2025-11-12;16;844
28;2025-11-12;17;986
28;2025-11-12;18;990
28;2025-11-12;19;728
28;2025-11-12;20;511
28;2025-11-12;21;320
28;2025-11-12;22;139
28;2025-11-12;23;16
28;2025-11-13;0;1
28;2025-11-13;1;0
28;2025-11-13;2;0
28;2025-11-13;3;0
28;2025-11-13;4;1
28;2025-11-13;5;75
28;2025-11-13;6;257
28;2025-11-13;7;750
28;2025-11-13;8;1160
28;2025-11-13;9;808
28;2025-11-13;10;561
28;2025-11-13;11;536
28;2025-11-13;12;661
28;2025-11-13;13;703
28;2025-11-13;14;657
28;2025-11-13;15;690
28;2025-11-13;16;865
28;2025-11-13;17;1087
28;2025-11-13;18;1058
28;2025-11-13;19;750
28;2025-11-13;20;516
28;2025-11-13;21;336
28;2025-11-13;22;136
28;2025-11-13;23;18
28;2025-11-14;0;3
28;2025-11-14;1;2
28;2025-11-14;2;3
28;2025-11-14;3;2
28;2025-11-14;4;5
28;2025-11-14;5;82
28;2025-11-14;6;251
28;2025-11-14;7;744
28;2025-11-14;8;1192
28;2025-11-14;9;807
28;2025-11-14;10;577
28;2025-11-14;11;545
28;2025-11-14;12;668
28;2025-11-14;13;689
28;2025-11-14;14;661
28;2025-11-14;15;661
28;2025-11-14;16;869
28;2025-11-14;17;922
28;2025-11-14;18;796
28;2025-11-14;19;599
28;2025-11-14;20;444
28;2025-11-14;21;289
28;2025-11-14;22;123
28;2025-11-14;23;9
28;2025-11-15;0;1
28;2025-11-15;1;0
28;2025-11-15;2;0
28;2025-11-15;3;0
28;2025-11-15;4;1
28;2025-11-15;5;29
28;2025-11-15;6;88
28;2025-11-15;7;191
28;2025-11-15;8;333
28;2025-11-15;9;425
28;2025-11-15;10;427
28;2025-11-15;11;455
28;2025-11-15;12;529
28;2025-11-15;13;571
28;2025-11-15;14;554
28;2025-11-15;15;547
28;2025-11-15;16;545
28;2025-11-15;17;545
28;2025-11-15;18;490
28;2025-11-15;19;412
28;2025-11-15;20;312
28;2025-11-15;21;277
28;2025-11-15;22;138
28;2025-11-15;23;33
28;2025-11-16;0;10
28;2025-11-16;1;11
28;2025-11-16;2;10
28;2025-11-16;3;9
28;2025-11-16;4;10
28;2025-11-16;5;34
28;2025-11-16;6;89
28;2025-11-16;7;157
28;2025-11-16;8;262
28;2025-11-16;9;335
28;2025-11-16;10;375
28;2025-11-16;11;424
28;2025-11-16;12;485
28;2025-11-16;13;527
28;2025-11-16;14;520
28;2025-11-16;15;511
28;2025-11-16;16;494
28;2025-11-16;17;505
28;2025-11-16;18;452
28;2025-11-16;19;380
28;2025-11-16;20;298
28;2025-11-16;21;250
28;2025-11-16;22;103
28;2025-11-16;23;8
28;2025-11-17;0;1
28;2025-11-17;1;0
28;2025-11-17;2;0
28;2025-11-17;3;0
28;2025-11-17;4;1
28;2025-11-17;5;71
28;2025-11-17;6;245
28;2025-11-17;7;713
28;2025-11-17;8;1162
28;2025-11-17;9;805
28;2025-11-17;10;563
28;2025-11-17;11;525
28;2025-11-17;12;646
28;2025-11-17;13;679
28;2025-11-17;14;593
28;2025-11-17;15;625
28;2025-11-17;16;820
28;2025-11-17;17;978
28;2025-11-17;18;986
28;2025-11-17;19;730
28;2025-11-17;20;501
28;2025-11-17;21;303
28;2025-11-17;22;120
28;2025-11-17;23;15
28;2025-11-18;0;1
28;2025-11-18;1;0
28;2025-11-18;2;0
28;2025-11-18;3;1
28;2025-11-18;4;1
28;2025-11-18;5;74
28;2025-11-18;6;253
28;2025-11-18;7;763
28;2025-11-18;8;1257
28;2025-11-18;9;885
28;2025-11-18;10;643
28;2025-11-18;11;580
28;2025-11-18;12;701
28;2025-11-18;13;738
28;2025-11-18;14;669
28;2025-11-18;15;674
28;2025-11-18;16;789
28;2025-11-18;17;925
28;2025-11-18;18;910
28;2025-11-18;19;692
28;2025-11-18;20;491
28;2025-11-18;21;299
28;2025-11-18;22;134
28;2025-11-18;23;16
28;2025-11-19;0;6
28;2025-11-19;1;5
28;2025-11-19;2;4
28;2025-11-19;3;4
28;2025-11-19;4;5
28;2025-11-19;5;82
28;2025-11-19;6;262
28;2025-11-19;7;750
28;2025-11-19;8;1208
28;2025-11-19;9;826
28;2025-11-19;10;594
28;2025-11-19;11;575
28;2025-11-19;12;690
28;2025-11-19;13;723
28;2025-11-19;14;642
28;2025-11-19;15;689
28;2025-11-19;16;849
28;2025-11-19;17;994
28;2025-11-19;18;1001
28;2025-11-19;19;730
28;2025-11-19;20;518
28;2025-11-19;21;323
28;2025-11-19;22;139
28;2025-11-19;23;13
28;2025-11-20;0;1
28;2025-11-20;1;0
28;2025-11-20;2;0
28;2025-11-20;3;0
28;2025-11-20;4;1
28;2025-11-20;5;70
28;2025-11-20;6;247
28;2025-11-20;7;739
28;2025-11-20;8;1124
28;2025-11-20;9;791
28;2025-11-20;10;568
28;2025-11-20;11;547
28;2025-11-20;12;670
28;2025-11-20;13;706
28;2025-11-20;14;669
28;2025-11-20;15;673
28;2025-11-20;16;844
28;2025-11-20;17;1052
28;2025-11-20;18;1033
28;2025-11-20;19;737
28;2025-11-20;20;526
28;2025-11-20;21;339
28;2025-11-20;22;136
28;2025-11-20;23;20
28;2025-11-21;0;6
28;2025-11-21;1;4
28;2025-11-21;2;6
28;2025-11-21;3;5
28;2025-11-21;4;7
28;2025-11-21;5;86
28;2025-11-21;6;262
28;2025-11-21;7;801
28;2025-11-21;8;1233
28;2025-11-21;9;838
28;2025-11-21;10;616
28;2025-11-21;11;589
28;2025-11-21;12;710
28;2025-11-21;13;729
28;2025-11-21;14;700
28;2025-11-21;15;704
28;2025-11-21;16;918
28;2025-11-21;17;977
28;2025-11-21;18;834
28;2025-11-21;19;639
28;2025-11-21;20;470
28;2025-11-21;21;307
28;2025-11-21;22;139
28;2025-11-21;23;18
28;2025-11-22;0;1
28;2025-11-22;1;0
28;2025-11-22;2;0
28;2025-11-22;3;0
28;2025-11-22;4;1
28;2025-11-22;5;29
28;2025-11-22;6;86
28;2025-11-22;7;199
28;2025-11-22;8;344
28;2025-11-22;9;428
28;2025-11-22;10;429
28;2025-11-22;11;451
28;2025-11-22;12;520
28;2025-11-22;13;538
28;2025-11-22;14;529
28;2025-11-22;15;538
28;2025-11-22;16;533
28;2025-11-22;17;534
28;2025-11-22;18;476
28;2025-11-22;19;392
28;2025-11-22;20;301
28;2025-11-22;21;267
28;2025-11-22;22;133
28;2025-11-22;23;24
28;2025-11-23;0;9
28;2025-11-23;1;8
28;2025-11-23;2;6
28;2025-11-23;3;6
28;2025-11-23;4;7
28;2025-11-23;5;35
28;2025-11-23;6;89
28;2025-11-23;7;156
28;2025-11-23;8;263
28;2025-11-23;9;335
28;2025-11-23;10;375
28;2025-11-23;11;405
28;2025-11-23;12;468
28;2025-11-23;13;510
28;2025-11-23;14;517
28;2025-11-23;15;526
28;2025-11-23;16;510
28;2025-11-23;17;521
28;2025-11-23;18;462
28;2025-11-23;19;392
28;2025-11-23;20;311
28;2025-11-23;21;261
28;2025-11-23;22;112
28;2025-11-23;23;11
28;2025-11-24;0;1
28;2025-11-24;1;2
28;2025-11-24;2;0
28;2025-11-24;3;0
28;2025-11-24;4;1
28;2025-11-24;5;81
28;2025-11-24;6;258
28;2025-11-24;7;741
28;2025-11-24;8;1166
28;2025-11-24;9;825
28;2025-11-24;10;578
28;2025-11-24;11;530
28;2025-11-24;12;626
28;2025-11-24;13;656
28;2025-11-24;14;591
28;2025-11-24;15;622
28;2025-11-24;16;812
28;2025-11-24;17;955
28;2025-11-24;18;966
28;2025-11-24;19;710
28;2025-11-24;20;492
28;2025-11-24;21;295
28;2025-11-24;22;114
28;2025-11-24;23;8
28;2025-11-25;0;1
28;2025-11-25;1;0
28;2025-11-25;2;0
28;2025-11-25;3;0
28;2025-11-25;4;1
28;2025-11-25;5;76
28;2025-11-25;6;265
28;2025-11-25;7;782
28;2025-11-25;8;1234
28;2025-11-25;9;883
28;2025-11-25;10;629
28;2025-11-25;11;582
28;2025-11-25;12;683
28;2025-11-25;13;728
28;2025-11-25;14;652
28;2025-11-25;15;661
28;2025-11-25;16;782
28;2025-11-25;17;959
28;2025-11-25;18;952
28;2025-11-25;19;683
28;2025-11-25;20;491
28;2025-11-25;21;302
28;2025-11-25;22;133
28;2025-11-25;23;24
28;2025-11-26;0;8
28;2025-11-26;1;6
28;2025-11-26;2;4
28;2025-11-26;3;5
28;2025-11-26;4;6
28;2025-11-26;5;85
28;2025-11-26;6;267
28;2025-11-26;7;731
28;2025-11-26;8;1174
28;2025-11-26;9;811
28;2025-11-26;10;591
28;2025-11-26;11;568
28;2025-11-26;12;677
28;2025-11-26;13;717
28;2025-11-26;14;632
28;2025-11-26;15;679
28;2025-11-26;16;827
28;2025-11-26;17;959
28;2025-11-26;18;955
28;2025-11-26;19;714
28;2025-11-26;20;512
28;2025-11-26;21;324
28;2025-11-26;22;138
28;2025-11-26;23;9
28;2025-11-27;0;1
28;2025-11-27;1;0
28;2025-11-27;2;0
28;2025-11-27;3;0
28;2025-11-27;4;1
28;2025-11-27;5;74
28;2025-11-27;6;249
28;2025-11-27;7;723
28;2025-11-27;8;1077
28;2025-11-27;9;766
28;2025-11-27;10;566
28;2025-11-27;11;527
28;2025-11-27;12;629
28;2025-11-27;13;697
28;2025-11-27;14;658
28;2025-11-27;15;671
28;2025-11-27;16;827
28;2025-11-27;17;1031
28;2025-11-27;18;996
28;2025-11-27;19;723
28;2025-11-27;20;527
28;2025-11-27;21;342
28;2025-11-27;22;141
28;2025-11-27;23;19
28;2025-11-28;0;3
28;2025-11-28;1;2
28;2025-11-28;2;4
28;2025-11-28;3;4
28;2025-11-28;4;6
28;2025-11-28;5;85
28;2025-11-28;6;263
28;2025-11-28;7;767
28;2025-11-28;8;1167
28;2025-11-28;9;810
28;2025-11-28;10;604
28;2025-11-28;11;574
28;2025-11-28;12;686
28;2025-11-28;13;709
28;2025-11-28;14;664
28;2025-11-28;15;668
28;2025-11-28;16;879
28;2025-11-28;17;926
28;2025-11-28;18;798
28;2025-11-28;19;628
28;2025-11-28;20;462
28;2025-11-28;21;303
28;2025-11-28;22;132
28;2025-11-28;23;9
28;2025-11-29;0;1
28;2025-11-29;1;0
28;2025-11-29;2;0
28;2025-11-29;3;0
28;2025-11-29;4;1
28;2025-11-29;5;29
28;2025-11-29;6;87
28;2025-11-29;7;191
28;2025-11-29;8;329
28;2025-11-29;9;416
28;2025-11-29;10;428
28;2025-11-29;11;449
28;2025-11-29;12;518
28;2025-11-29;13;535
28;2025-11-29;14;525
28;2025-11-29;15;532
28;2025-11-29;16;529
28;2025-11-29;17;524
28;2025-11-29;18;469
28;2025-11-29;19;382
28;2025-11-29;20;291
28;2025-11-29;21;257
28;2025-11-29;22;129
28;2025-11-29;23;21
28;2025-11-30;0;2
28;2025-11-30;1;9
28;2025-11-30;2;6
28;2025-11-30;3;7
28;2025-11-30;4;7
28;2025-11-30;5;46
28;2025-11-30;6;82
28;2025-11-30;7;148
28;2025-11-30;8;248
28;2025-11-30;9;324
28;2025-11-30;10;372
28;2025-11-30;11;402
28;2025-11-30;12;465
28;2025-11-30;13;502
28;2025-11-30;14;515
28;2025-11-30;15;524
28;2025-11-30;16;501
28;2025-11-30;17;512
28;2025-11-30;18;453
28;2025-11-30;19;390
28;2025-11-30;20;306
28;2025-11-30;21;258
28;2025-11-30;22;109
28;2025-11-30;23;8
28;2025-12-01;0;1
28;2025-12-01;1;1
28;2025-12-01;2;0
28;2025-12-01;3;0
28;2025-12-01;4;1
28;2025-12-01;5;82
28;2025-12-01;6;259
28;2025-12-01;7;738
28;2025-12-01;8;1157
28;2025-12-01;9;830
28;2025-12-01;10;576
28;2025-12-01;11;524
28;2025-12-01;12;632
28;2025-12-01;13;663
28;2025-12-01;14;590
28;2025-12-01;15;620
28;2025-12-01;16;812
28;2025-12-01;17;945
28;2025-12-01;18;955
28;2025-12-01;19;720
28;2025-12-01;20;483
28;2025-12-01;21;292
28;2025-12-01;22;115
28;2025-12-01;23;10
28;2025-12-02;0;2
28;2025-12-02;1;1
28;2025-12-02;2;0
28;2025-12-02;3;0
28;2025-12-02;4;1
28;2025-12-02;5;79
28;2025-12-02;6;269
28;2025-12-02;7;798
28;2025-12-02;8;1278
28;2025-12-02;9;893
28;2025-12-02;10;636
28;2025-12-02;11;583
28;2025-12-02;12;688
28;2025-12-02;13;737
28;2025-12-02;14;657
28;2025-12-02;15;663
28;2025-12-02;16;808
28;2025-12-02;17;927
28;2025-12-02;18;947
28;2025-12-02;19;703
28;2025-12-02;20;493
28;2025-12-02;21;300
28;2025-12-02;22;137
28;2025-12-02;23;29
28;2025-12-03;0;14
28;2025-12-03;1;11
28;2025-12-03;2;10
28;2025-12-03;3;10
28;2025-12-03;4;13
28;2025-12-03;5;92
28;2025-12-03;6;276
28;2025-12-03;7;750
28;2025-12-03;8;1200
28;2025-12-03;9;836
28;2025-12-03;10;593
28;2025-12-03;11;576
28;2025-12-03;12;686
28;2025-12-03;13;724
28;2025-12-03;14;641
28;2025-12-03;15;697
28;2025-12-03;16;860
28;2025-12-03;17;1009
28;2025-12-03;18;1014
28;2025-12-03;19;752
28;2025-12-03;20;520
28;2025-12-03;21;334
28;2025-12-03;22;150
28;2025-12-03;23;19
28;2025-12-04;0;1
28;2025-12-04;1;0
28;2025-12-04;2;0
28;2025-12-04;3;0
28;2025-12-04;4;1
28;2025-12-04;5;77
28;2025-12-04;6;255
28;2025-12-04;7;758
28;2025-12-04;8;1151
28;2025-12-04;9;816
28;2025-12-04;10;559
28;2025-12-04;11;518
28;2025-12-04;12;644
28;2025-12-04;13;692
28;2025-12-04;14;648
28;2025-12-04;15;692
28;2025-12-04;16;865
28;2025-12-04;17;1066
28;2025-12-04;18;1041
28;2025-12-04;19;747
28;2025-12-04;20;525
28;2025-12-04;21;338
28;2025-12-04;22;141
28;2025-12-04;23;21
28;2025-12-05;0;7
28;2025-12-05;1;6
28;2025-12-05;2;7
28;2025-12-05;3;4
28;2025-12-05;4;6
28;2025-12-05;5;84
28;2025-12-05;6;261
28;2025-12-05;7;787
28;2025-12-05;8;1220
28;2025-12-05;9;843
28;2025-12-05;10;610
28;2025-12-05;11;578
28;2025-12-05;12;705
28;2025-12-05;13;724
28;2025-12-05;14;680
28;2025-12-05;15;700
28;2025-12-05;16;917
28;2025-12-05;17;976
28;2025-12-05;18;849
28;2025-12-05;19;652
28;2025-12-05;20;472
28;2025-12-05;21;308
28;2025-12-05;22;138
28;2025-12-05;23;14
28;2025-12-06;0;1
28;2025-12-06;1;0
28;2025-12-06;2;0
28;2025-12-06;3;0
28;2025-12-06;4;1
28;2025-12-06;5;34
28;2025-12-06;6;92
28;2025-12-06;7;199
28;2025-12-06;8;336
28;2025-12-06;9;411
28;2025-12-06;10;425
28;2025-12-06;11;449
28;2025-12-06;12;518
28;2025-12-06;13;536
28;2025-12-06;14;528
28;2025-12-06;15;534
28;2025-12-06;16;529
28;2025-12-06;17;530
28;2025-12-06;18;469
28;2025-12-06;19;380
28;2025-12-06;20;290
28;2025-12-06;21;257
28;2025-12-06;22;128
28;2025-12-06;23;26
28;2025-12-07;0;9
28;2025-12-07;1;7
28;2025-12-07;2;6
28;2025-12-07;3;5
28;2025-12-07;4;6
28;2025-12-07;5;34
28;2025-12-07;6;89
28;2025-12-07;7;152
28;2025-12-07;8;257
28;2025-12-07;9;327
28;2025-12-07;10;366
28;2025-12-07;11;396
28;2025-12-07;12;451
28;2025-12-07;13;492
28;2025-12-07;14;496
28;2025-12-07;15;502
28;2025-12-07;16;484
28;2025-12-07;17;495
28;2025-12-07;18;439
28;2025-12-07;19;371
28;2025-12-07;20;292
28;2025-12-07;21;245
28;2025-12-07;22;99
28;2025-12-07;23;5
28;2025-12-08;0;0
28;2025-12-08;1;0
28;2025-12-08;2;0
28;2025-12-08;3;0
28;2025-12-08;4;1
28;2025-12-08;5;76
28;2025-12-08;6;254
28;2025-12-08;7;740
28;2025-12-08;8;1167
28;2025-12-08;9;827
28;2025-12-08;10;572
28;2025-12-08;11;521
28;2025-12-08;12;624
28;2025-12-08;13;656
28;2025-12-08;14;588
28;2025-12-08;15;626
28;2025-12-08;16;825
28;2025-12-08;17;959
28;2025-12-08;18;972
28;2025-12-08;19;726
28;2025-12-08;20;489
28;2025-12-08;21;298
28;2025-12-08;22;119
28;2025-12-08;23;12
28;2025-12-09;0;3
28;2025-12-09;1;0
28;2025-12-09;2;0
28;2025-12-09;3;0
28;2025-12-09;4;1
28;2025-12-09;5;75
28;2025-12-09;6;264
28;2025-12-09;7;797
28;2025-12-09;8;1268
28;2025-12-09;9;895
28;2025-12-09;10;629
28;2025-12-09;11;579
28;2025-12-09;12;685
28;2025-12-09;13;726
28;2025-12-09;14;646
28;2025-12-09;15;656
28;2025-12-09;16;801
28;2025-12-09;17;929
28;2025-12-09;18;918
28;2025-12-09;19;706
28;2025-12-09;20;490
28;2025-12-09;21;297
28;2025-12-09;22;132
28;2025-12-09;23;21
28;2025-12-10;0;9
28;2025-12-10;1;3
28;2025-12-10;2;2
28;2025-12-10;3;2
28;2025-12-10;4;3
28;2025-12-10;5;82
28;2025-12-10;6;266
28;2025-12-10;7;747
28;2025-12-10;8;1202
28;2025-12-10;9;825
28;2025-12-10;10;586
28;2025-12-10;11;558
28;2025-12-10;12;673
28;2025-12-10;13;708
28;2025-12-10;14;622
28;2025-12-10;15;681
28;2025-12-10;16;849
28;2025-12-10;17;996
28;2025-12-10;18;996
28;2025-12-10;19;735
28;2025-12-10;20;510
28;2025-12-10;21;322
28;2025-12-10;22;138
28;2025-12-10;23;10
28;2025-12-11;0;1
28;2025-12-11;1;0
28;2025-12-11;2;0
28;2025-12-11;3;0
28;2025-12-11;4;1
28;2025-12-11;5;75
28;2025-12-11;6;253
28;2025-12-11;7;764
28;2025-12-11;8;1171
28;2025-12-11;9;825
28;2025-12-11;10;567
28;2025-12-11;11;528
28;2025-12-11;12;656
28;2025-12-11;13;701
28;2025-12-11;14;656
28;2025-12-11;15;703
28;2025-12-11;16;877
28;2025-12-11;17;1077
28;2025-12-11;18;1051
28;2025-12-11;19;755
28;2025-12-11;20;532
28;2025-12-11;21;343
28;2025-12-11;22;141
28;2025-12-11;23;20
28;2025-12-12;0;6
28;2025-12-12;1;5
28;2025-12-12;2;6
28;2025-12-12;3;5
28;2025-12-12;4;7
28;2025-12-12;5;87
28;2025-12-12;6;265
28;2025-12-12;7;796
28;2025-12-12;8;1238
28;2025-12-12;9;845
28;2025-12-12;10;609
28;2025-12-12;11;577
28;2025-12-12;12;702
28;2025-12-12;13;722
28;2025-12-12;14;680
28;2025-12-12;15;700
28;2025-12-12;16;921
28;2025-12-12;17;977
28;2025-12-12;18;852
28;2025-12-12;19;651
28;2025-12-12;20;469
28;2025-12-12;21;308
28;2025-12-12;22;136
28;2025-12-12;23;12
28;2025-12-13;0;1
28;2025-12-13;1;0
28;2025-12-13;2;0
28;2025-12-13;3;0
28;2025-12-13;4;1
28;2025-12-13;5;34
28;2025-12-13;6;92
28;2025-12-13;7;198
28;2025-12-13;8;338
28;2025-12-13;9;411
28;2025-12-13;10;422
28;2025-12-13;11;441
28;2025-12-13;12;516
28;2025-12-13;13;542
28;2025-12-13;14;533
28;2025-12-13;15;538
28;2025-12-13;16;531
28;2025-12-13;17;528
28;2025-12-13;18;468
28;2025-12-13;19;385
28;2025-12-13;20;296
28;2025-12-13;21;260
28;2025-12-13;22;130
28;2025-12-13;23;27
28;2025-12-14;0;6
28;2025-12-14;1;4
28;2025-12-14;2;2
28;2025-12-14;3;1
28;2025-12-14;4;3
28;2025-12-14;5;25
28;2025-12-14;6;73
28;2025-12-14;7;154
28;2025-12-14;8;260
28;2025-12-14;9;331
28;2025-12-14;10;373
28;2025-12-14;11;405
28;2025-12-14;12;461
28;2025-12-14;13;512
28;2025-12-14;14;517
28;2025-12-14;15;521
28;2025-12-14;16;494
28;2025-12-14;17;501
28;2025-12-14;18;443
28;2025-12-14;19;380
28;2025-12-14;20;301
28;2025-12-14;21;251
28;2025-12-14;22;107
28;2025-12-14;23;7
28;2025-12-15;0;0
28;2025-12-15;1;0
28;2025-12-15;2;0
28;2025-12-15;3;0
28;2025-12-15;4;1
28;2025-12-15;5;80
28;2025-12-15;6;260
28;2025-12-15;7;762
28;2025-12-15;8;1200
28;2025-12-15;9;849
28;2025-12-15;10;592
28;2025-12-15;11;537
28;2025-12-15;12;643
28;2025-12-15;13;674
28;2025-12-15;14;609
28;2025-12-15;15;642
28;2025-12-15;16;849
28;2025-12-15;17;984
28;2025-12-15;18;1000
28;2025-12-15;19;738
28;2025-12-15;20;500
28;2025-12-15;21;304
28;2025-12-15;22;123
28;2025-12-15;23;13
28;2025-12-16;0;1
28;2025-12-16;1;0
28;2025-12-16;2;0
28;2025-12-16;3;0
28;2025-12-16;4;1
28;2025-12-16;5;76
28;2025-12-16;6;266
28;2025-12-16;7;810
28;2025-12-16;8;1301
28;2025-12-16;9;908
28;2025-12-16;10;641
28;2025-12-16;11;583
28;2025-12-16;12;689
28;2025-12-16;13;736
28;2025-12-16;14;661
28;2025-12-16;15;671
28;2025-12-16;16;820
28;2025-12-16;17;951
28;2025-12-16;18;943
28;2025-12-16;19;723
28;2025-12-16;20;507
28;2025-12-16;21;307
28;2025-12-16;22;139
28;2025-12-16;23;25
28;2025-12-17;0;9
28;2025-12-17;1;6
28;2025-12-17;2;5
28;2025-12-17;3;5
28;2025-12-17;4;8
28;2025-12-17;5;88
28;2025-12-17;6;284
28;2025-12-17;7;814
28;2025-12-17;8;1266
28;2025-12-17;9;882
28;2025-12-17;10;628
28;2025-12-17;11;566
28;2025-12-17;12;682
28;2025-12-17;13;719
28;2025-12-17;14;638
28;2025-12-17;15;696
28;2025-12-17;16;864
28;2025-12-17;17;1013
28;2025-12-17;18;1018
28;2025-12-17;19;742
28;2025-12-17;20;518
28;2025-12-17;21;328
28;2025-12-17;22;145
28;2025-12-17;23;13
28;2025-12-18;0;1
28;2025-12-18;1;0
28;2025-12-18;2;0
28;2025-12-18;3;0
28;2025-12-18;4;1
28;2025-12-18;5;78
28;2025-12-18;6;257
28;2025-12-18;7;788
28;2025-12-18;8;1187
28;2025-12-18;9;843
28;2025-12-18;10;577
28;2025-12-18;11;531
28;2025-12-18;12;664
28;2025-12-18;13;709
28;2025-12-18;14;666
28;2025-12-18;15;705
28;2025-12-18;16;891
28;2025-12-18;17;1104
28;2025-12-18;18;1081
28;2025-12-18;19;764
28;2025-12-18;20;536
28;2025-12-18;21;349
28;2025-12-18;22;146
28;2025-12-18;23;24
28;2025-12-19;0;8
28;2025-12-19;1;8
28;2025-12-19;2;9
28;2025-12-19;3;8
28;2025-12-19;4;11
28;2025-12-19;5;91
28;2025-12-19;6;270
28;2025-12-19;7;826
28;2025-12-19;8;1277
28;2025-12-19;9;874
28;2025-12-19;10;626
28;2025-12-19;11;581
28;2025-12-19;12;707
28;2025-12-19;13;729
28;2025-12-19;14;710
28;2025-12-19;15;735
28;2025-12-19;16;962
28;2025-12-19;17;1024
28;2025-12-19;18;891
28;2025-12-19;19;659
28;2025-12-19;20;477
28;2025-12-19;21;310
28;2025-12-19;22;137
28;2025-12-19;23;15
28;2025-12-20;0;1
28;2025-12-20;1;0
28;2025-12-20;2;0
28;2025-12-20;3;0
28;2025-12-20;4;1
28;2025-12-20;5;34
28;2025-12-20;6;93
28;2025-12-20;7;200
28;2025-12-20;8;347
28;2025-12-20;9;416
28;2025-12-20;10;427
28;2025-12-20;11;447
28;2025-12-20;12;517
28;2025-12-20;13;555
28;2025-12-20;14;543
28;2025-12-20;15;544
28;2025-12-20;16;531
28;2025-12-20;17;530
28;2025-12-20;18;473
28;2025-12-20;19;391
28;2025-12-20;20;301
28;2025-12-20;21;265
28;2025-12-20;22;131
28;2025-12-20;23;26
28;2025-12-21;0;10
28;2025-12-21;1;7
28;2025-12-21;2;6
28;2025-12-21;3;4
28;2025-12-21;4;6
28;2025-12-21;5;34
28;2025-12-21;6;87
28;2025-12-21;7;153
28;2025-12-21;8;262
28;2025-12-21;9;335
28;2025-12-21;10;376
28;2025-12-21;11;408
28;2025-12-21;12;461
28;2025-12-21;13;514
28;2025-12-21;14;517
28;2025-12-21;15;521
28;2025-12-21;16;500
28;2025-12-21;17;501
28;2025-12-21;18;445
28;2025-12-21;19;380
28;2025-12-21;20;303
28;2025-12-21;21;253
28;2025-12-21;22;110
28;2025-12-21;23;11
28;2025-12-22;0;1
28;2025-12-22;1;0
28;2025-12-22;2;0
28;2025-12-22;3;0
28;2025-12-22;4;1
28;2025-12-22;5;78
28;2025-12-22;6;263
28;2025-12-22;7;766
28;2025-12-22;8;1172
28;2025-12-22;9;838
28;2025-12-22;10;576
28;2025-12-22;11;529
28;2025-12-22;12;631
28;2025-12-22;13;664
28;2025-12-22;14;592
28;2025-12-22;15;626
28;2025-12-22;16;829
28;2025-12-22;17;971
28;2025-12-22;18;981
28;2025-12-22;19;718
28;2025-12-22;20;493
28;2025-12-22;21;300
28;2025-12-22;22;115
28;2025-12-22;23;10
28;2025-12-23;0;1
28;2025-12-23;1;1
28;2025-12-23;2;1
28;2025-12-23;3;1
28;2025-12-23;4;1
28;2025-12-23;5;74
28;2025-12-23;6;266
28;2025-12-23;7;787
28;2025-12-23;8;1221
28;2025-12-23;9;885
28;2025-12-23;10;613
28;2025-12-23;11;557
28;2025-12-23;12;667
28;2025-12-23;13;719
28;2025-12-23;14;627
28;2025-12-23;15;643
28;2025-12-23;16;788
28;2025-12-23;17;932
28;2025-12-23;18;917
28;2025-12-23;19;692
28;2025-12-23;20;492
28;2025-12-23;21;299
28;2025-12-23;22;133
28;2025-12-23;23;23
28;2025-12-24;0;8
28;2025-12-24;1;4
28;2025-12-24;2;4
28;2025-12-24;3;3
28;2025-12-24;4;5
28;2025-12-24;5;82
28;2025-12-24;6;279
28;2025-12-24;7;798
28;2025-12-24;8;1221
28;2025-12-24;9;864
28;2025-12-24;10;603
28;2025-12-24;11;543
28;2025-12-24;12;666
28;2025-12-24;13;707
28;2025-12-24;14;611
28;2025-12-24;15;663
28;2025-12-24;16;839
28;2025-12-24;17;984
28;2025-12-24;18;984
28;2025-12-24;19;715
28;2025-12-24;20;507
28;2025-12-24;21;321
28;2025-12-24;22;136
28;2025-12-24;23;11
28;2025-12-25;0;1
28;2025-12-25;1;0
28;2025-12-25;2;0
28;2025-12-25;3;0
28;2025-12-25;4;1
28;2025-12-25;5;77
28;2025-12-25;6;262
28;2025-12-25;7;781
28;2025-12-25;8;1149
28;2025-12-25;9;818
28;2025-12-25;10;564
28;2025-12-25;11;520
28;2025-12-25;12;648
28;2025-12-25;13;704
28;2025-12-25;14;647
28;2025-12-25;15;667
28;2025-12-25;16;856
28;2025-12-25;17;1077
28;2025-12-25;18;1055
28;2025-12-25;19;749
28;2025-12-25;20;522
28;2025-12-25;21;345
28;2025-12-25;22;145
28;2025-12-25;23;26
28;2025-12-26;0;9
28;2025-12-26;1;8
28;2025-12-26;2;9
28;2025-12-26;3;8
28;2025-12-26;4;11
28;2025-12-26;5;90
28;2025-12-26;6;269
28;2025-12-26;7;809
28;2025-12-26;8;1212
28;2025-12-26;9;848
28;2025-12-26;10;600
28;2025-12-26;11;560
28;2025-12-26;12;686
28;2025-12-26;13;715
28;2025-12-26;14;680
28;2025-12-26;15;713
28;2025-12-26;16;941
28;2025-12-26;17;997
28;2025-12-26;18;864
28;2025-12-26;19;651
28;2025-12-26;20;479
28;2025-12-26;21;312
28;2025-12-26;22;134
28;2025-12-26;23;12
28;2025-12-27;0;1
28;2025-12-27;1;0
28;2025-12-27;2;0
28;2025-12-27;3;0
28;2025-12-27;4;1
28;2025-12-27;5;32
28;2025-12-27;6;90
28;2025-12-27;7;190
28;2025-12-27;8;328
28;2025-12-27;9;409
28;2025-12-27;10;421
28;2025-12-27;11;439
28;2025-12-27;12;504
28;2025-12-27;13;532
28;2025-12-27;14;526
28;2025-12-27;15;532
28;2025-12-27;16;526
28;2025-12-27;17;521
28;2025-12-27;18;471
28;2025-12-27;19;398
28;2025-12-27;20;306
28;2025-12-27;21;271
28;2025-12-27;22;136
28;2025-12-27;23;28
28;2025-12-28;0;8
28;2025-12-28;1;5
28;2025-12-28;2;4
28;2025-12-28;3;3
28;2025-12-28;4;5
28;2025-12-28;5;34
28;2025-12-28;6;86
28;2025-12-28;7;150
28;2025-12-28;8;253
28;2025-12-28;9;330
28;2025-12-28;10;371
28;2025-12-28;11;402
28;2025-12-28;12;458
28;2025-12-28;13;511
28;2025-12-28;14;516
28;2025-12-28;15;516
28;2025-12-28;16;494
28;2025-12-28;17;494
28;2025-12-28;18;435
28;2025-12-28;19;375
28;2025-12-28;20;299
28;2025-12-28;21;249
28;2025-12-28;22;107
28;2025-12-28;23;9
28;2025-12-29;0;1
28;2025-12-29;1;0
28;2025-12-29;2;0
28;2025-12-29;3;0
28;2025-12-29;4;1
28;2025-12-29;5;66
28;2025-12-29;6;250
28;2025-12-29;7;735
28;2025-12-29;8;1106
28;2025-12-29;9;823
28;2025-12-29;10;566
28;2025-12-29;11;525
28;2025-12-29;12;625
28;2025-12-29;13;649
28;2025-12-29;14;587
28;2025-12-29;15;614
28;2025-12-29;16;795
28;2025-12-29;17;949
28;2025-12-29;18;946
28;2025-12-29;19;697
28;2025-12-29;20;478
28;2025-12-29;21;279
28;2025-12-29;22;102
28;2025-12-29;23;6
28;2025-12-30;0;1
28;2025-12-30;1;1
28;2025-12-30;2;1
28;2025-12-30;3;1
28;2025-12-30;4;1
28;2025-12-30;5;61
28;2025-12-30;6;240
28;2025-12-30;7;710
28;2025-12-30;8;1112
28;2025-12-30;9;800
28;2025-12-30;10;565
28;2025-12-30;11;514
28;2025-12-30;12;626
28;2025-12-30;13;669
28;2025-12-30;14;600
28;2025-12-30;15;628
28;2025-12-30;16;779
28;2025-12-30;17;1021
28;2025-12-30;18;1005
28;2025-12-30;19;675
28;2025-12-30;20;486
28;2025-12-30;21;310
28;2025-12-30;22;136
28;2025-12-30;23;26
28;2025-12-31;0;15
28;2025-12-31;1;6
28;2025-12-31;2;5
28;2025-12-31;3;4
28;2025-12-31;4;5
28;2025-12-31;5;12
28;2025-12-31;6;103
28;2025-12-31;7;134
28;2025-12-31;8;156
28;2025-12-31;9;218
28;2025-12-31;10;239
28;2025-12-31;11;285
28;2025-12-31;12;339
28;2025-12-31;13;433
28;2025-12-31;14;441
28;2025-12-31;15;473
28;2025-12-31;16;439
28;2025-12-31;17;428
28;2025-12-31;18;349
28;2025-12-31;19;315
28;2025-12-31;20;266
28;2025-12-31;21;224
28;2025-12-31;22;98
28;2025-12-31;23;11
50;2025-11-01;0;40
50;2025-11-01;1;2
50;2025-11-01;2;0
50;2025-11-01;3;0
50;2025-11-01;4;2
50;2025-11-01;5;43
50;2025-11-01;6;364
50;2025-11-01;7;1209
50;2025-11-01;8;1653
50;2025-11-01;9;1358
50;2025-11-01;10;1045
50;2025-11-01;11;975
50;2025-11-01;12;993
50;2025-11-01;13;1015
50;2025-11-01;14;983
50;2025-11-01;15;999
50;2025-11-01;16;1099
50;2025-11-01;17;1377
50;2025-11-01;18;1286
50;2025-11-01;19;925
50;2025-11-01;20;588
50;2025-11-01;21;379
50;2025-11-01;22;169
50;2025-11-01;23;102
50;2025-11-02;0;48
50;2025-11-02;1;3
50;2025-11-02;2;0
50;2025-11-02;3;0
50;2025-11-02;4;0
50;2025-11-02;5;13
50;2025-11-02;6;82
50;2025-11-02;7;144
50;2025-11-02;8;234
50;2025-11-02;9;247
50;2025-11-02;10;244
50;2025-11-02;11;223
50;2025-11-02;12;224
50;2025-11-02;13;281
50;2025-11-02;14;283
50;2025-11-02;15;232
50;2025-11-02;16;230
50;2025-11-02;17;224
50;2025-11-02;18;204
50;2025-11-02;19;240
50;2025-11-02;20;291
50;2025-11-02;21;243
50;2025-11-02;22;128
50;2025-11-02;23;67
50;2025-11-03;0;36
50;2025-11-03;1;0
50;2025-11-03;2;0
50;2025-11-03;3;0
50;2025-11-03;4;0
50;2025-11-03;5;27
50;2025-11-03;6;164
50;2025-11-03;7;293
50;2025-11-03;8;539
50;2025-11-03;9;441
50;2025-11-03;10;406
50;2025-11-03;11;557
50;2025-11-03;12;672
50;2025-11-03;13;676
50;2025-11-03;14;660
50;2025-11-03;15;563
50;2025-11-03;16;612
50;2025-11-03;17;585
50;2025-11-03;18;537
50;2025-11-03;19;458
50;2025-11-03;20;409
50;2025-11-03;21;318
50;2025-11-03;22;226
50;2025-11-03;23;130
50;2025-11-04;0;45
50;2025-11-04;1;12
50;2025-11-04;2;7
50;2025-11-04;3;2
50;2025-11-04;4;2
50;2025-11-04;5;29
50;2025-11-04;6;165
50;2025-11-04;7;294
50;2025-11-04;8;540
50;2025-11-04;9;448
50;2025-11-04;10;415
50;2025-11-04;11;516
50;2025-11-04;12;554
50;2025-11-04;13;577
50;2025-11-04;14;581
50;2025-11-04;15;566
50;2025-11-04;16;574
50;2025-11-04;17;598
50;2025-11-04;18;553
50;2025-11-04;19;504
50;2025-11-04;20;445
50;2025-11-04;21;331
50;2025-11-04;22;203
50;2025-11-04;23;134
50;2025-11-05;0;31
50;2025-11-05;1;2
50;2025-11-05;2;0
50;2025-11-05;3;0
50;2025-11-05;4;1
50;2025-11-05;5;66
50;2025-11-05;6;493
50;2025-11-05;7;1703
50;2025-11-05;8;2600
50;2025-11-05;9;2021
50;2025-11-05;10;1562
50;2025-11-05;11;1457
50;2025-11-05;12;1409
50;2025-11-05;13;1401
50;2025-11-05;14;1320
50;2025-11-05;15;1475
50;2025-11-05;16;1654
50;2025-11-05;17;2167
50;2025-11-05;18;2253
50;2025-11-05;19;1408
50;2025-11-05;20;829
50;2025-11-05;21;598
50;2025-11-05;22;291
50;2025-11-05;23;143
50;2025-11-06;0;34
50;2025-11-06;1;2
50;2025-11-06;2;0
50;2025-11-06;3;0
50;2025-11-06;4;2
50;2025-11-06;5;68
50;2025-11-06;6;505
50;2025-11-06;7;1739
50;2025-11-06;8;2576
50;2025-11-06;9;2031
50;2025-11-06;10;1580
50;2025-11-06;11;1481
50;2025-11-06;12;1401
50;2025-11-06;13;1368
50;2025-11-06;14;1304
50;2025-11-06;15;1451
50;2025-11-06;16;1660
50;2025-11-06;17;2143
50;2025-11-06;18;2295
50;2025-11-06;19;1424
50;2025-11-06;20;872
50;2025-11-06;21;611
50;2025-11-06;22;294
50;2025-11-06;23;155
50;2025-11-07;0;35
50;2025-11-07;1;2
50;2025-11-07;2;0
50;2025-11-07;3;0
50;2025-11-07;4;2
50;2025-11-07;5;66
50;2025-11-07;6;504
50;2025-11-07;7;1666
50;2025-11-07;8;2547
50;2025-11-07;9;1943
50;2025-11-07;10;1476
50;2025-11-07;11;1446
50;2025-11-07;12;1411
50;2025-11-07;13;1368
50;2025-11-07;14;1333
50;2025-11-07;15;1570
50;2025-11-07;16;1879
50;2025-11-07;17;2024
50;2025-11-07;18;1691
50;2025-11-07;19;1167
50;2025-11-07;20;752
50;2025-11-07;21;551
50;2025-11-07;22;299
50;2025-11-07;23;162
50;2025-11-08;0;46
50;2025-11-08;1;3
50;2025-11-08;2;0
50;2025-11-08;3;0
50;2025-11-08;4;0
50;2025-11-08;5;18
50;2025-11-08;6;106
50;2025-11-08;7;241
50;2025-11-08;8;312
50;2025-11-08;9;289
50;2025-11-08;10;263
50;2025-11-08;11;244
50;2025-11-08;12;302
50;2025-11-08;13;310
50;2025-11-08;14;313
50;2025-11-08;15;288
50;2025-11-08;16;247
50;2025-11-08;17;289
50;2025-11-08;18;213
50;2025-11-08;19;260
50;2025-11-08;20;320
50;2025-11-08;21;261
50;2025-11-08;22;129
50;2025-11-08;23;83
50;2025-11-09;0;50
50;2025-11-09;1;2
50;2025-11-09;2;0
50;2025-11-09;3;0
50;2025-11-09;4;0
50;2025-11-09;5;13
50;2025-11-09;6;84
50;2025-11-09;7;144
50;2025-11-09;8;251
50;2025-11-09;9;280
50;2025-11-09;10;274
50;2025-11-09;11;252
50;2025-11-09;12;256
50;2025-11-09;13;277
50;2025-11-09;14;279
50;2025-11-09;15;250
50;2025-11-09;16;248
50;2025-11-09;17;234
50;2025-11-09;18;244
50;2025-11-09;19;282
50;2025-11-09;20;310
50;2025-11-09;21;245
50;2025-11-09;22;128
50;2025-11-09;23;57
50;2025-11-10;0;22
50;2025-11-10;1;1
50;2025-11-10;2;0
50;2025-11-10;3;0
50;2025-11-10;4;0
50;2025-11-10;5;57
50;2025-11-10;6;480
50;2025-11-10;7;1664
50;2025-11-10;8;2509
50;2025-11-10;9;1950
50;2025-11-10;10;1489
50;2025-11-10;11;1391
50;2025-11-10;12;1310
50;2025-11-10;13;1317
50;2025-11-10;14;1266
50;2025-11-10;15;1414
50;2025-11-10;16;1538
50;2025-11-10;17;2070
50;2025-11-10;18;2202
50;2025-11-10;19;1372
50;2025-11-10;20;815
50;2025-11-10;21;549
50;2025-11-10;22;253
50;2025-11-10;23;121
50;2025-11-11;0;27
50;2025-11-11;1;2
50;2025-11-11;2;0
50;2025-11-11;3;0
50;2025-11-11;4;2
50;2025-11-11;5;64
50;2025-11-11;6;519
50;2025-11-11;7;1719
50;2025-11-11;8;2566
50;2025-11-11;9;1987
50;2025-11-11;10;1559
50;2025-11-11;11;1435
50;2025-11-11;12;1399
50;2025-11-11;13;1377
50;2025-11-11;14;1294
50;2025-11-11;15;1426
50;2025-11-11;16;1545
50;2025-11-11;17;2147
50;2025-11-11;18;2231
50;2025-11-11;19;1392
50;2025-11-11;20;823
50;2025-11-11;21;572
50;2025-11-11;22;256
50;2025-11-11;23;136
50;2025-11-12;0;30
50;2025-11-12;1;2
50;2025-11-12;2;0
50;2025-11-12;3;0
50;2025-11-12;4;1
50;2025-11-12;5;65
50;2025-11-12;6;502
50;2025-11-12;7;1670
50;2025-11-12;8;2546
50;2025-11-12;9;1970
50;2025-11-12;10;1526
50;2025-11-12;11;1423
50;2025-11-12;12;1387
50;2025-11-12;13;1379
50;2025-11-12;14;1291
50;2025-11-12;15;1438
50;2025-11-12;16;1621
50;2025-11-12;17;2113
50;2025-11-12;18;2213
50;2025-11-12;19;1388
50;2025-11-12;20;804
50;2025-11-12;21;569
50;2025-11-12;22;287
50;2025-11-12;23;140
50;2025-11-13;0;33
50;2025-11-13;1;2
50;2025-11-13;2;0
50;2025-11-13;3;0
50;2025-11-13;4;2
50;2025-11-13;5;67
50;2025-11-13;6;504
50;2025-11-13;7;1689
50;2025-11-13;8;2519
50;2025-11-13;9;1971
50;2025-11-13;10;1541
50;2025-11-13;11;1447
50;2025-11-13;12;1381
50;2025-11-13;13;1347
50;2025-11-13;14;1283
50;2025-11-13;15;1428
50;2025-11-13;16;1635
50;2025-11-13;17;2105
50;2025-11-13;18;2252
50;2025-11-13;19;1402
50;2025-11-13;20;847
50;2025-11-13;21;599
50;2025-11-13;22;290
50;2025-11-13;23;154
50;2025-11-14;0;37
50;2025-11-14;1;2
50;2025-11-14;2;0
50;2025-11-14;3;0
50;2025-11-14;4;2
50;2025-11-14;5;67
50;2025-11-14;6;502
50;2025-11-14;7;1640
50;2025-11-14;8;2509
50;2025-11-14;9;1910
50;2025-11-14;10;1454
50;2025-11-14;11;1425
50;2025-11-14;12;1393
50;2025-11-14;13;1351
50;2025-11-14;14;1316
50;2025-11-14;15;1545
50;2025-11-14;16;1841
50;2025-11-14;17;1990
50;2025-11-14;18;1666
50;2025-11-14;19;1147
50;2025-11-14;20;728
50;2025-11-14;21;537
50;2025-11-14;22;294
50;2025-11-14;23;160
50;2025-11-15;0;53
50;2025-11-15;1;4
50;2025-11-15;2;0
50;2025-11-15;3;0
50;2025-11-15;4;1
50;2025-11-15;5;21
50;2025-11-15;6;110
50;2025-11-15;7;250
50;2025-11-15;8;335
50;2025-11-15;9;316
50;2025-11-15;10;283
50;2025-11-15;11;271
50;2025-11-15;12;316
50;2025-11-15;13;319
50;2025-11-15;14;315
50;2025-11-15;15;288
50;2025-11-15;16;260
50;2025-11-15;17;290
50;2025-11-15;18;224
50;2025-11-15;19;273
50;2025-11-15;20;347
50;2025-11-15;21;274
50;2025-11-15;22;139
50;2025-11-15;23;92
50;2025-11-16;0;60
50;2025-11-16;1;4
50;2025-11-16;2;0
50;2025-11-16;3;0
50;2025-11-16;4;0
50;2025-11-16;5;17
50;2025-11-16;6;87
50;2025-11-16;7;162
50;2025-11-16;8;271
50;2025-11-16;9;329
50;2025-11-16;10;313
50;2025-11-16;11;294
50;2025-11-16;12;298
50;2025-11-16;13;323
50;2025-11-16;14;325
50;2025-11-16;15;296
50;2025-11-16;16;295
50;2025-11-16;17;279
50;2025-11-16;18;271
50;2025-11-16;19;316
50;2025-11-16;20;347
50;2025-11-16;21;265
50;2025-11-16;22;141
50;2025-11-16;23;77
50;2025-11-17;0;33
50;2025-11-17;1;3
50;2025-11-17;2;0
50;2025-11-17;3;0
50;2025-11-17;4;2
50;2025-11-17;5;62
50;2025-11-17;6;481
50;2025-11-17;7;1649
50;2025-11-17;8;2476
50;2025-11-17;9;1933
50;2025-11-17;10;1482
50;2025-11-17;11;1392
50;2025-11-17;12;1313
50;2025-11-17;13;1322
50;2025-11-17;14;1260
50;2025-11-17;15;1400
50;2025-11-17;16;1527
50;2025-11-17;17;2045
50;2025-11-17;18;2168
50;2025-11-17;19;1360
50;2025-11-17;20;803
50;2025-11-17;21;544
50;2025-11-17;22;253
50;2025-11-17;23;125
50;2025-11-18;0;30
50;2025-11-18;1;2
50;2025-11-18;2;0
50;2025-11-18;3;0
50;2025-11-18;4;2
50;2025-11-18;5;65
50;2025-11-18;6;509
50;2025-11-18;7;1689
50;2025-11-18;8;2522
50;2025-11-18;9;1957
50;2025-11-18;10;1537
50;2025-11-18;11;1414
50;2025-11-18;12;1380
50;2025-11-18;13;1363
50;2025-11-18;14;1280
50;2025-11-18;15;1411
50;2025-11-18;16;1529
50;2025-11-18;17;2117
50;2025-11-18;18;2192
50;2025-11-18;19;1376
50;2025-11-18;20;820
50;2025-11-18;21;567
50;2025-11-18;22;257
50;2025-11-18;23;140
50;2025-11-19;0;32
50;2025-11-19;1;3
50;2025-11-19;2;0
50;2025-11-19;3;0
50;2025-11-19;4;1
50;2025-11-19;5;67
50;2025-11-19;6;493
50;2025-11-19;7;1642
50;2025-11-19;8;2506
50;2025-11-19;9;1941
50;2025-11-19;10;1503
50;2025-11-19;11;1402
50;2025-11-19;12;1370
50;2025-11-19;13;1363
50;2025-11-19;14;1274
50;2025-11-19;15;1418
50;2025-11-19;16;1602
50;2025-11-19;17;2084
50;2025-11-19;18;2185
50;2025-11-19;19;1374
50;2025-11-19;20;801
50;2025-11-19;21;566
50;2025-11-19;22;285
50;2025-11-19;23;144
50;2025-11-20;0;35
50;2025-11-20;1;3
50;2025-11-20;2;0
50;2025-11-20;3;0
50;2025-11-20;4;2
50;2025-11-20;5;68
50;2025-11-20;6;496
50;2025-11-20;7;1655
50;2025-11-20;8;2479
50;2025-11-20;9;1939
50;2025-11-20;10;1515
50;2025-11-20;11;1421
50;2025-11-20;12;1357
50;2025-11-20;13;1328
50;2025-11-20;14;1265
50;2025-11-20;15;1409
50;2025-11-20;16;1611
50;2025-11-20;17;2068
50;2025-11-20;18;2214
50;2025-11-20;19;1381
50;2025-11-20;20;835
50;2025-11-20;21;590
50;2025-11-20;22;286
50;2025-11-20;23;153
50;2025-11-21;0;40
50;2025-11-21;1;3
50;2025-11-21;2;0
50;2025-11-21;3;0
50;2025-11-21;4;2
50;2025-11-21;5;69
50;2025-11-21;6;499
50;2025-11-21;7;1619
50;2025-11-21;8;2477
50;2025-11-21;9;1887
50;2025-11-21;10;1439
50;2025-11-21;11;1410
50;2025-11-21;12;1378
50;2025-11-21;13;1339
50;2025-11-21;14;1306
50;2025-11-21;15;1525
50;2025-11-21;16;1820
50;2025-11-21;17;1959
50;2025-11-21;18;1643
50;2025-11-21;19;1137
50;2025-11-21;20;720
50;2025-11-21;21;535
50;2025-11-21;22;293
50;2025-11-21;23;159
50;2025-11-22;0;58
50;2025-11-22;1;4
50;2025-11-22;2;0
50;2025-11-22;3;0
50;2025-11-22;4;1
50;2025-11-22;5;27
50;2025-11-22;6;110
50;2025-11-22;7;246
50;2025-11-22;8;337
50;2025-11-22;9;324
50;2025-11-22;10;294
50;2025-11-22;11;283
50;2025-11-22;12;328
50;2025-11-22;13;333
50;2025-11-22;14;328
50;2025-11-22;15;304
50;2025-11-22;16;274
50;2025-11-22;17;303
50;2025-11-22;18;239
50;2025-11-22;19;279
50;2025-11-22;20;351
50;2025-11-22;21;272
50;2025-11-22;22;139
50;2025-11-22;23;91
50;2025-11-23;0;68
50;2025-11-23;1;4
50;2025-11-23;2;0
50;2025-11-23;3;0
50;2025-11-23;4;0
50;2025-11-23;5;21
50;2025-11-23;6;85
50;2025-11-23;7;146
50;2025-11-23;8;264
50;2025-11-23;9;310
50;2025-11-23;10;309
50;2025-11-23;11;285
50;2025-11-23;12;293
50;2025-11-23;13;310
50;2025-11-23;14;312
50;2025-11-23;15;278
50;2025-11-23;16;281
50;2025-11-23;17;264
50;2025-11-23;18;272
50;2025-11-23;19;311
50;2025-11-23;20;339
50;2025-11-23;21;261
50;2025-11-23;22;140
50;2025-11-23;23;76
50;2025-11-24;0;41
50;2025-11-24;1;3
50;2025-11-24;2;0
50;2025-11-24;3;0
50;2025-11-24;4;1
50;2025-11-24;5;71
50;2025-11-24;6;476
50;2025-11-24;7;1626
50;2025-11-24;8;2434
50;2025-11-24;9;1900
50;2025-11-24;10;1466
50;2025-11-24;11;1381
50;2025-11-24;12;1301
50;2025-11-24;13;1312
50;2025-11-24;14;1250
50;2025-11-24;15;1384
50;2025-11-24;16;1515
50;2025-11-24;17;2012
50;2025-11-24;18;2133
50;2025-11-24;19;1343
50;2025-11-24;20;792
50;2025-11-24;21;537
50;2025-11-24;22;250
50;2025-11-24;23;122
50;2025-11-25;0;37
50;2025-11-25;1;2
50;2025-11-25;2;0
50;2025-11-25;3;0
50;2025-11-25;4;2
50;2025-11-25;5;73
50;2025-11-25;6;500
50;2025-11-25;7;1660
50;2025-11-25;8;2500
50;2025-11-25;9;1916
50;2025-11-25;10;1511
50;2025-11-25;11;1397
50;2025-11-25;12;1363
50;2025-11-25;13;1349
50;2025-11-25;14;1268
50;2025-11-25;15;1388
50;2025-11-25;16;1507
50;2025-11-25;17;2077
50;2025-11-25;18;2164
50;2025-11-25;19;1355
50;2025-11-25;20;808
50;2025-11-25;21;558
50;2025-11-25;22;254
50;2025-11-25;23;137
50;2025-11-26;0;40
50;2025-11-26;1;3
50;2025-11-26;2;0
50;2025-11-26;3;0
50;2025-11-26;4;1
50;2025-11-26;5;74
50;2025-11-26;6;484
50;2025-11-26;7;1646
50;2025-11-26;8;2489
50;2025-11-26;9;1907
50;2025-11-26;10;1465
50;2025-11-26;11;1378
50;2025-11-26;12;1353
50;2025-11-26;13;1349
50;2025-11-26;14;1264
50;2025-11-26;15;1362
50;2025-11-26;16;1553
50;2025-11-26;17;2045
50;2025-11-26;18;2140
50;2025-11-26;19;1340
50;2025-11-26;20;790
50;2025-11-26;21;557
50;2025-11-26;22;282
50;2025-11-26;23;140
50;2025-11-27;0;43
50;2025-11-27;1;3
50;2025-11-27;2;0
50;2025-11-27;3;0
50;2025-11-27;4;2
50;2025-11-27;5;75
50;2025-11-27;6;488
50;2025-11-27;7;1640
50;2025-11-27;8;2441
50;2025-11-27;9;1904
50;2025-11-27;10;1470
50;2025-11-27;11;1391
50;2025-11-27;12;1348
50;2025-11-27;13;1323
50;2025-11-27;14;1258
50;2025-11-27;15;1366
50;2025-11-27;16;1561
50;2025-11-27;17;2028
50;2025-11-27;18;2167
50;2025-11-27;19;1360
50;2025-11-27;20;822
50;2025-11-27;21;580
50;2025-11-27;22;282
50;2025-11-27;23;149
50;2025-11-28;0;45
50;2025-11-28;1;3
50;2025-11-28;2;0
50;2025-11-28;3;0
50;2025-11-28;4;2
50;2025-11-28;5;73
50;2025-11-28;6;491
50;2025-11-28;7;1609
50;2025-11-28;8;2444
50;2025-11-28;9;1853
50;2025-11-28;10;1409
50;2025-11-28;11;1373
50;2025-11-28;12;1357
50;2025-11-28;13;1333
50;2025-11-28;14;1296
50;2025-11-28;15;1459
50;2025-11-28;16;1726
50;2025-11-28;17;1934
50;2025-11-28;18;1620
50;2025-11-28;19;1136
50;2025-11-28;20;710
50;2025-11-28;21;526
50;2025-11-28;22;285
50;2025-11-28;23;153
50;2025-11-29;0;67
50;2025-11-29;1;4
50;2025-11-29;2;0
50;2025-11-29;3;0
50;2025-11-29;4;1
50;2025-11-29;5;31
50;2025-11-29;6;107
50;2025-11-29;7;238
50;2025-11-29;8;331
50;2025-11-29;9;316
50;2025-11-29;10;285
50;2025-11-29;11;285
50;2025-11-29;12;333
50;2025-11-29;13;340
50;2025-11-29;14;335
50;2025-11-29;15;307
50;2025-11-29;16;278
50;2025-11-29;17;305
50;2025-11-29;18;236
50;2025-11-29;19;273
50;2025-11-29;20;341
50;2025-11-29;21;268
50;2025-11-29;22;136
50;2025-11-29;23;91
50;2025-11-30;0;72
50;2025-11-30;1;4
50;2025-11-30;2;0
50;2025-11-30;3;0
50;2025-11-30;4;0
50;2025-11-30;5;24
50;2025-11-30;6;88
50;2025-11-30;7;146
50;2025-11-30;8;256
50;2025-11-30;9;303
50;2025-11-30;10;304
50;2025-11-30;11;287
50;2025-11-30;12;295
50;2025-11-30;13;314
50;2025-11-30;14;316
50;2025-11-30;15;282
50;2025-11-30;16;281
50;2025-11-30;17;263
50;2025-11-30;18;266
50;2025-11-30;19;302
50;2025-11-30;20;327
50;2025-11-30;21;253
50;2025-11-30;22;138
50;2025-11-30;23;74
50;2025-12-01;0;38
50;2025-12-01;1;2
50;2025-12-01;2;0
50;2025-12-01;3;0
50;2025-12-01;4;1
50;2025-12-01;5;69
50;2025-12-01;6;469
50;2025-12-01;7;1596
50;2025-12-01;8;2432
50;2025-12-01;9;1863
50;2025-12-01;10;1423
50;2025-12-01;11;1343
50;2025-12-01;12;1280
50;2025-12-01;13;1289
50;2025-12-01;14;1231
50;2025-12-01;15;1335
50;2025-12-01;16;1472
50;2025-12-01;17;1972
50;2025-12-01;18;2099
50;2025-12-01;19;1327
50;2025-12-01;20;772
50;2025-12-01;21;526
50;2025-12-01;22;247
50;2025-12-01;23;121
50;2025-12-02;0;38
50;2025-12-02;1;2
50;2025-12-02;2;0
50;2025-12-02;3;0
50;2025-12-02;4;2
50;2025-12-02;5;72
50;2025-12-02;6;491
50;2025-12-02;7;1625
50;2025-12-02;8;2467
50;2025-12-02;9;1870
50;2025-12-02;10;1469
50;2025-12-02;11;1352
50;2025-12-02;12;1330
50;2025-12-02;13;1319
50;2025-12-02;14;1239
50;2025-12-02;15;1332
50;2025-12-02;16;1465
50;2025-12-02;17;2043
50;2025-12-02;18;2143
50;2025-12-02;19;1346
50;2025-12-02;20;796
50;2025-12-02;21;550
50;2025-12-02;22;249
50;2025-12-02;23;135
50;2025-12-03;0;39
50;2025-12-03;1;2
50;2025-12-03;2;0
50;2025-12-03;3;0
50;2025-12-03;4;1
50;2025-12-03;5;72
50;2025-12-03;6;476
50;2025-12-03;7;1618
50;2025-12-03;8;2458
50;2025-12-03;9;1895
50;2025-12-03;10;1449
50;2025-12-03;11;1358
50;2025-12-03;12;1329
50;2025-12-03;13;1329
50;2025-12-03;14;1251
50;2025-12-03;15;1337
50;2025-12-03;16;1533
50;2025-12-03;17;2040
50;2025-12-03;18;2135
50;2025-12-03;19;1323
50;2025-12-03;20;780
50;2025-12-03;21;550
50;2025-12-03;22;277
50;2025-12-03;23;138
50;2025-12-04;0;43
50;2025-12-04;1;2
50;2025-12-04;2;0
50;2025-12-04;3;0
50;2025-12-04;4;2
50;2025-12-04;5;74
50;2025-12-04;6;480
50;2025-12-04;7;1624
50;2025-12-04;8;2430
50;2025-12-04;9;1889
50;2025-12-04;10;1446
50;2025-12-04;11;1370
50;2025-12-04;12;1323
50;2025-12-04;13;1309
50;2025-12-04;14;1246
50;2025-12-04;15;1340
50;2025-12-04;16;1538
50;2025-12-04;17;2014
50;2025-12-04;18;2159
50;2025-12-04;19;1343
50;2025-12-04;20;815
50;2025-12-04;21;575
50;2025-12-04;22;278
50;2025-12-04;23;149
50;2025-12-05;0;45
50;2025-12-05;1;3
50;2025-12-05;2;0
50;2025-12-05;3;0
50;2025-12-05;4;2
50;2025-12-05;5;73
50;2025-12-05;6;488
50;2025-12-05;7;1601
50;2025-12-05;8;2440
50;2025-12-05;9;1852
50;2025-12-05;10;1395
50;2025-12-05;11;1361
50;2025-12-05;12;1341
50;2025-12-05;13;1315
50;2025-12-05;14;1281
50;2025-12-05;15;1445
50;2025-12-05;16;1714
50;2025-12-05;17;1933
50;2025-12-05;18;1621
50;2025-12-05;19;1136
50;2025-12-05;20;710
50;2025-12-05;21;525
50;2025-12-05;22;285
50;2025-12-05;23;155
50;2025-12-06;0;74
50;2025-12-06;1;4
50;2025-12-06;2;0
50;2025-12-06;3;0
50;2025-12-06;4;1
50;2025-12-06;5;32
50;2025-12-06;6;111
50;2025-12-06;7;250
50;2025-12-06;8;335
50;2025-12-06;9;322
50;2025-12-06;10;295
50;2025-12-06;11;299
50;2025-12-06;12;351
50;2025-12-06;13;348
50;2025-12-06;14;351
50;2025-12-06;15;326
50;2025-12-06;16;293
50;2025-12-06;17;323
50;2025-12-06;18;252
50;2025-12-06;19;288
50;2025-12-06;20;348
50;2025-12-06;21;278
50;2025-12-06;22;140
50;2025-12-06;23;93
50;2025-12-07;0;75
50;2025-12-07;1;4
50;2025-12-07;2;0
50;2025-12-07;3;0
50;2025-12-07;4;0
50;2025-12-07;5;24
50;2025-12-07;6;88
50;2025-12-07;7;146
50;2025-12-07;8;256
50;2025-12-07;9;301
50;2025-12-07;10;298
50;2025-12-07;11;293
50;2025-12-07;12;301
50;2025-12-07;13;311
50;2025-12-07;14;314
50;2025-12-07;15;289
50;2025-12-07;16;288
50;2025-12-07;17;271
50;2025-12-07;18;275
50;2025-12-07;19;303
50;2025-12-07;20;327
50;2025-12-07;21;254
50;2025-12-07;22;136
50;2025-12-07;23;71
50;2025-12-08;0;37
50;2025-12-08;1;2
50;2025-12-08;2;0
50;2025-12-08;3;0
50;2025-12-08;4;1
50;2025-12-08;5;68
50;2025-12-08;6;468
50;2025-12-08;7;1590
50;2025-12-08;8;2411
50;2025-12-08;9;1853
50;2025-12-08;10;1419
50;2025-12-08;11;1339
50;2025-12-08;12;1276
50;2025-12-08;13;1284
50;2025-12-08;14;1226
50;2025-12-08;15;1332
50;2025-12-08;16;1463
50;2025-12-08;17;1964
50;2025-12-08;18;2090
50;2025-12-08;19;1325
50;2025-12-08;20;779
50;2025-12-08;21;527
50;2025-12-08;22;244
50;2025-12-08;23;120
50;2025-12-09;0;37
50;2025-12-09;1;2
50;2025-12-09;2;0
50;2025-12-09;3;0
50;2025-12-09;4;2
50;2025-12-09;5;71
50;2025-12-09;6;491
50;2025-12-09;7;1619
50;2025-12-09;8;2454
50;2025-12-09;9;1868
50;2025-12-09;10;1464
50;2025-12-09;11;1348
50;2025-12-09;12;1326
50;2025-12-09;13;1316
50;2025-12-09;14;1237
50;2025-12-09;15;1326
50;2025-12-09;16;1459
50;2025-12-09;17;2035
50;2025-12-09;18;2135
50;2025-12-09;19;1338
50;2025-12-09;20;791
50;2025-12-09;21;545
50;2025-12-09;22;247
50;2025-12-09;23;134
50;2025-12-10;0;39
50;2025-12-10;1;2
50;2025-12-10;2;0
50;2025-12-10;3;0
50;2025-12-10;4;1
50;2025-12-10;5;72
50;2025-12-10;6;478
50;2025-12-10;7;1612
50;2025-12-10;8;2437
50;2025-12-10;9;1889
50;2025-12-10;10;1444
50;2025-12-10;11;1353
50;2025-12-10;12;1325
50;2025-12-10;13;1324
50;2025-12-10;14;1246
50;2025-12-10;15;1332
50;2025-12-10;16;1528
50;2025-12-10;17;2030
50;2025-12-10;18;2123
50;2025-12-10;19;1314
50;2025-12-10;20;776
50;2025-12-10;21;544
50;2025-12-10;22;275
50;2025-12-10;23;137
50;2025-12-11;0;42
50;2025-12-11;1;2
50;2025-12-11;2;0
50;2025-12-11;3;0
50;2025-12-11;4;2
50;2025-12-11;5;73
50;2025-12-11;6;482
50;2025-12-11;7;1624
50;2025-12-11;8;2426
50;2025-12-11;9;1874
50;2025-12-11;10;1439
50;2025-12-11;11;1363
50;2025-12-11;12;1311
50;2025-12-11;13;1297
50;2025-12-11;14;1238
50;2025-12-11;15;1335
50;2025-12-11;16;1534
50;2025-12-11;17;2000
50;2025-12-11;18;2146
50;2025-12-11;19;1337
50;2025-12-11;20;807
50;2025-12-11;21;570
50;2025-12-11;22;276
50;2025-12-11;23;148
50;2025-12-12;0;45
50;2025-12-12;1;2
50;2025-12-12;2;0
50;2025-12-12;3;0
50;2025-12-12;4;2
50;2025-12-12;5;73
50;2025-12-12;6;487
50;2025-12-12;7;1597
50;2025-12-12;8;2435
50;2025-12-12;9;1839
50;2025-12-12;10;1391
50;2025-12-12;11;1360
50;2025-12-12;12;1332
50;2025-12-12;13;1307
50;2025-12-12;14;1272
50;2025-12-12;15;1442
50;2025-12-12;16;1696
50;2025-12-12;17;1918
50;2025-12-12;18;1614
50;2025-12-12;19;1131
50;2025-12-12;20;706
50;2025-12-12;21;520
50;2025-12-12;22;286
50;2025-12-12;23;154
50;2025-12-13;0;76
50;2025-12-13;1;5
50;2025-12-13;2;0
50;2025-12-13;3;0
50;2025-12-13;4;1
50;2025-12-13;5;31
50;2025-12-13;6;109
50;2025-12-13;7;244
50;2025-12-13;8;334
50;2025-12-13;9;330
50;2025-12-13;10;304
50;2025-12-13;11;292
50;2025-12-13;12;339
50;2025-12-13;13;335
50;2025-12-13;14;338
50;2025-12-13;15;314
50;2025-12-13;16;283
50;2025-12-13;17;308
50;2025-12-13;18;247
50;2025-12-13;19;284
50;2025-12-13;20;335
50;2025-12-13;21;266
50;2025-12-13;22;138
50;2025-12-13;23;91
50;2025-12-14;0;76
50;2025-12-14;1;4
50;2025-12-14;2;0
50;2025-12-14;3;0
50;2025-12-14;4;0
50;2025-12-14;5;26
50;2025-12-14;6;90
50;2025-12-14;7;151
50;2025-12-14;8;271
50;2025-12-14;9;314
50;2025-12-14;10;322
50;2025-12-14;11;323
50;2025-12-14;12;333
50;2025-12-14;13;343
50;2025-12-14;14;345
50;2025-12-14;15;322
50;2025-12-14;16;322
50;2025-12-14;17;300
50;2025-12-14;18;290
50;2025-12-14;19;314
50;2025-12-14;20;327
50;2025-12-14;21;261
50;2025-12-14;22;142
50;2025-12-14;23;78
50;2025-12-15;0;43
50;2025-12-15;1;2
50;2025-12-15;2;0
50;2025-12-15;3;0
50;2025-12-15;4;1
50;2025-12-15;5;75
50;2025-12-15;6;476
50;2025-12-15;7;1593
50;2025-12-15;8;2416
50;2025-12-15;9;1850
50;2025-12-15;10;1429
50;2025-12-15;11;1350
50;2025-12-15;12;1288
50;2025-12-15;13;1296
50;2025-12-15;14;1241
50;2025-12-15;15;1344
50;2025-12-15;16;1474
50;2025-12-15;17;1959
50;2025-12-15;18;2090
50;2025-12-15;19;1330
50;2025-12-15;20;782
50;2025-12-15;21;529
50;2025-12-15;22;246
50;2025-12-15;23;122
50;2025-12-16;0;41
50;2025-12-16;1;2
50;2025-12-16;2;0
50;2025-12-16;3;0
50;2025-12-16;4;2
50;2025-12-16;5;72
50;2025-12-16;6;492
50;2025-12-16;7;1614
50;2025-12-16;8;2452
50;2025-12-16;9;1860
50;2025-12-16;10;1462
50;2025-12-16;11;1354
50;2025-12-16;12;1332
50;2025-12-16;13;1321
50;2025-12-16;14;1248
50;2025-12-16;15;1331
50;2025-12-16;16;1466
50;2025-12-16;17;2034
50;2025-12-16;18;2129
50;2025-12-16;19;1336
50;2025-12-16;20;790
50;2025-12-16;21;543
50;2025-12-16;22;248
50;2025-12-16;23;135
50;2025-12-17;0;40
50;2025-12-17;1;2
50;2025-12-17;2;0
50;2025-12-17;3;0
50;2025-12-17;4;1
50;2025-12-17;5;73
50;2025-12-17;6;483
50;2025-12-17;7;1607
50;2025-12-17;8;2444
50;2025-12-17;9;1878
50;2025-12-17;10;1444
50;2025-12-17;11;1355
50;2025-12-17;12;1328
50;2025-12-17;13;1325
50;2025-12-17;14;1249
50;2025-12-17;15;1332
50;2025-12-17;16;1533
50;2025-12-17;17;2020
50;2025-12-17;18;2126
50;2025-12-17;19;1310
50;2025-12-17;20;775
50;2025-12-17;21;541
50;2025-12-17;22;276
50;2025-12-17;23;138
50;2025-12-18;0;43
50;2025-12-18;1;2
50;2025-12-18;2;0
50;2025-12-18;3;0
50;2025-12-18;4;2
50;2025-12-18;5;73
50;2025-12-18;6;481
50;2025-12-18;7;1612
50;2025-12-18;8;2430
50;2025-12-18;9;1871
50;2025-12-18;10;1434
50;2025-12-18;11;1366
50;2025-12-18;12;1319
50;2025-12-18;13;1306
50;2025-12-18;14;1245
50;2025-12-18;15;1334
50;2025-12-18;16;1539
50;2025-12-18;17;1998
50;2025-12-18;18;2152
50;2025-12-18;19;1325
50;2025-12-18;20;803
50;2025-12-18;21;569
50;2025-12-18;22;275
50;2025-12-18;23;147
50;2025-12-19;0;45
50;2025-12-19;1;2
50;2025-12-19;2;0
50;2025-12-19;3;0
50;2025-12-19;4;2
50;2025-12-19;5;72
50;2025-12-19;6;489
50;2025-12-19;7;1596
50;2025-12-19;8;2435
50;2025-12-19;9;1833
50;2025-12-19;10;1387
50;2025-12-19;11;1346
50;2025-12-19;12;1326
50;2025-12-19;13;1301
50;2025-12-19;14;1266
50;2025-12-19;15;1425
50;2025-12-19;16;1687
50;2025-12-19;17;1911
50;2025-12-19;18;1607
50;2025-12-19;19;1111
50;2025-12-19;20;701
50;2025-12-19;21;519
50;2025-12-19;22;280
50;2025-12-19;23;149
50;2025-12-20;0;84
50;2025-12-20;1;5
50;2025-12-20;2;0
50;2025-12-20;3;0
50;2025-12-20;4;1
50;2025-12-20;5;34
50;2025-12-20;6;115
50;2025-12-20;7;246
50;2025-12-20;8;348
50;2025-12-20;9;351
50;2025-12-20;10;317
50;2025-12-20;11;324
50;2025-12-20;12;374
50;2025-12-20;13;378
50;2025-12-20;14;374
50;2025-12-20;15;346
50;2025-12-20;16;313
50;2025-12-20;17;342
50;2025-12-20;18;274
50;2025-12-20;19;293
50;2025-12-20;20;346
50;2025-12-20;21;271
50;2025-12-20;22;142
50;2025-12-20;23;94
50;2025-12-21;0;81
50;2025-12-21;1;4
50;2025-12-21;2;0
50;2025-12-21;3;0
50;2025-12-21;4;0
50;2025-12-21;5;25
50;2025-12-21;6;92
50;2025-12-21;7;160
50;2025-12-21;8;286
50;2025-12-21;9;329
50;2025-12-21;10;335
50;2025-12-21;11;332
50;2025-12-21;12;343
50;2025-12-21;13;353
50;2025-12-21;14;356
50;2025-12-21;15;331
50;2025-12-21;16;332
50;2025-12-21;17;313
50;2025-12-21;18;298
50;2025-12-21;19;314
50;2025-12-21;20;339
50;2025-12-21;21;271
50;2025-12-21;22;144
50;2025-12-21;23;77
50;2025-12-22;0;43
50;2025-12-22;1;2
50;2025-12-22;2;0
50;2025-12-22;3;0
50;2025-12-22;4;1
50;2025-12-22;5;67
50;2025-12-22;6;455
50;2025-12-22;7;1524
50;2025-12-22;8;2410
50;2025-12-22;9;1811
50;2025-12-22;10;1354
50;2025-12-22;11;1287
50;2025-12-22;12;1246
50;2025-12-22;13;1258
50;2025-12-22;14;1202
50;2025-12-22;15;1289
50;2025-12-22;16;1415
50;2025-12-22;17;1926
50;2025-12-22;18;2049
50;2025-12-22;19;1269
50;2025-12-22;20;778
50;2025-12-22;21;515
50;2025-12-22;22;247
50;2025-12-22;23;120
50;2025-12-23;0;39
50;2025-12-23;1;3
50;2025-12-23;2;1
50;2025-12-23;3;1
50;2025-12-23;4;1
50;2025-12-23;5;65
50;2025-12-23;6;467
50;2025-12-23;7;1550
50;2025-12-23;8;2453
50;2025-12-23;9;1824
50;2025-12-23;10;1390
50;2025-12-23;11;1291
50;2025-12-23;12;1275
50;2025-12-23;13;1268
50;2025-12-23;14;1205
50;2025-12-23;15;1269
50;2025-12-23;16;1404
50;2025-12-23;17;2003
50;2025-12-23;18;2086
50;2025-12-23;19;1272
50;2025-12-23;20;779
50;2025-12-23;21;518
50;2025-12-23;22;244
50;2025-12-23;23;131
50;2025-12-24;0;36
50;2025-12-24;1;3
50;2025-12-24;2;0
50;2025-12-24;3;0
50;2025-12-24;4;1
50;2025-12-24;5;64
50;2025-12-24;6;460
50;2025-12-24;7;1549
50;2025-12-24;8;2441
50;2025-12-24;9;1847
50;2025-12-24;10;1370
50;2025-12-24;11;1291
50;2025-12-24;12;1272
50;2025-12-24;13;1272
50;2025-12-24;14;1210
50;2025-12-24;15;1267
50;2025-12-24;16;1470
50;2025-12-24;17;1986
50;2025-12-24;18;2083
50;2025-12-24;19;1254
50;2025-12-24;20;766
50;2025-12-24;21;520
50;2025-12-24;22;267
50;2025-12-24;23;133
50;2025-12-25;0;41
50;2025-12-25;1;3
50;2025-12-25;2;0
50;2025-12-25;3;0
50;2025-12-25;4;2
50;2025-12-25;5;69
50;2025-12-25;6;459
50;2025-12-25;7;1556
50;2025-12-25;8;2420
50;2025-12-25;9;1841
50;2025-12-25;10;1365
50;2025-12-25;11;1303
50;2025-12-25;12;1274
50;2025-12-25;13;1261
50;2025-12-25;14;1206
50;2025-12-25;15;1287
50;2025-12-25;16;1477
50;2025-12-25;17;1962
50;2025-12-25;18;2108
50;2025-12-25;19;1273
50;2025-12-25;20;796
50;2025-12-25;21;548
50;2025-12-25;22;270
50;2025-12-25;23;147
50;2025-12-26;0;44
50;2025-12-26;1;3
50;2025-12-26;2;0
50;2025-12-26;3;0
50;2025-12-26;4;2
50;2025-12-26;5;69
50;2025-12-26;6;468
50;2025-12-26;7;1547
50;2025-12-26;8;2438
50;2025-12-26;9;1812
50;2025-12-26;10;1347
50;2025-12-26;11;1303
50;2025-12-26;12;1286
50;2025-12-26;13;1278
50;2025-12-26;14;1242
50;2025-12-26;15;1395
50;2025-12-26;16;1651
50;2025-12-26;17;1894
50;2025-12-26;18;1597
50;2025-12-26;19;1085
50;2025-12-26;20;699
50;2025-12-26;21;504
50;2025-12-26;22;276
50;2025-12-26;23;152
50;2025-12-27;0;84
50;2025-12-27;1;7
50;2025-12-27;2;0
50;2025-12-27;3;0
50;2025-12-27;4;1
50;2025-12-27;5;31
50;2025-12-27;6;109
50;2025-12-27;7;234
50;2025-12-27;8;328
50;2025-12-27;9;346
50;2025-12-27;10;327
50;2025-12-27;11;321
50;2025-12-27;12;355
50;2025-12-27;13;352
50;2025-12-27;14;349
50;2025-12-27;15;328
50;2025-12-27;16;297
50;2025-12-27;17;323
50;2025-12-27;18;285
50;2025-12-27;19;300
50;2025-12-27;20;330
50;2025-12-27;21;262
50;2025-12-27;22;137
50;2025-12-27;23;91
50;2025-12-28;0;82
50;2025-12-28;1;5
50;2025-12-28;2;0
50;2025-12-28;3;0
50;2025-12-28;4;1
50;2025-12-28;5;25
50;2025-12-28;6;93
50;2025-12-28;7;155
50;2025-12-28;8;278
50;2025-12-28;9;316
50;2025-12-28;10;339
50;2025-12-28;11;348
50;2025-12-28;12;345
50;2025-12-28;13;339
50;2025-12-28;14;341
50;2025-12-28;15;336
50;2025-12-28;16;338
50;2025-12-28;17;319
50;2025-12-28;18;321
50;2025-12-28;19;326
50;2025-12-28;20;332
50;2025-12-28;21;264
50;2025-12-28;22;138
50;2025-12-28;23;74
50;2025-12-29;0;33
50;2025-12-29;1;1
50;2025-12-29;2;0
50;2025-12-29;3;0
50;2025-12-29;4;1
50;2025-12-29;5;60
50;2025-12-29;6;434
50;2025-12-29;7;1537
50;2025-12-29;8;2427
50;2025-12-29;9;1828
50;2025-12-29;10;1356
50;2025-12-29;11;1290
50;2025-12-29;12;1250
50;2025-12-29;13;1263
50;2025-12-29;14;1202
50;2025-12-29;15;1295
50;2025-12-29;16;1419
50;2025-12-29;17;1954
50;2025-12-29;18;2074
50;2025-12-29;19;1250
50;2025-12-29;20;760
50;2025-12-29;21;495
50;2025-12-29;22;235
50;2025-12-29;23;114
50;2025-12-30;0;25
50;2025-12-30;1;3
50;2025-12-30;2;1
50;2025-12-30;3;1
50;2025-12-30;4;1
50;2025-12-30;5;51
50;2025-12-30;6;393
50;2025-12-30;7;1480
50;2025-12-30;8;2396
50;2025-12-30;9;1756
50;2025-12-30;10;1295
50;2025-12-30;11;1197
50;2025-12-30;12;1183
50;2025-12-30;13;1187
50;2025-12-30;14;1153
50;2025-12-30;15;1232
50;2025-12-30;16;1362
50;2025-12-30;17;1993
50;2025-12-30;18;2082
50;2025-12-30;19;1114
50;2025-12-30;20;744
50;2025-12-30;21;445
50;2025-12-30;22;222
50;2025-12-30;23;122
50;2025-12-31;0;30
50;2025-12-31;1;3
50;2025-12-31;2;0
50;2025-12-31;3;0
50;2025-12-31;4;0
50;2025-12-31;5;15
50;2025-12-31;6;132
50;2025-12-31;7;209
50;2025-12-31;8;397
50;2025-12-31;9;333
50;2025-12-31;10;352
50;2025-12-31;11;422
50;2025-12-31;12;470
50;2025-12-31;13;437
50;2025-12-31;14;511
50;2025-12-31;15;481
50;2025-12-31;16;488
50;2025-12-31;17;469
50;2025-12-31;18;536
50;2025-12-31;19;458
50;2025-12-31;20;426
50;2025-12-31;21;291
50;2025-12-31;22;217
50;2025-12-31;23;140
